has_customer,has_orders,has_lineitem,join_orders_customer,join_lineitem_orders,customer_c_mktsegment_filter_used,customer_c_mktsegment_value_lo,customer_c_mktsegment_value_hi,orders_o_orderdate_filter_used,orders_o_orderdate_value_lo,orders_o_orderdate_value_hi,orders_o_totalprice_filter_used,orders_o_totalprice_value_lo,orders_o_totalprice_value_hi,lineitem_l_quantity_filter_used,lineitem_l_quantity_value_lo,lineitem_l_quantity_value_hi,lineitem_l_discount_filter_used,lineitem_l_discount_value_lo,lineitem_l_discount_value_hi,query_sql,pg_est_rows,actual_rows,source
0.0,0.0,1.0,0.0,0.0,0.0,0.0,0.0,0.0,0.0,0.0,0.0,0.0,0.0,1.0,0.025010755222156518,0.6394267984448343,1.0,0.2232107359167154,0.2750293156188261,SELECT * FROM lineitem WHERE l_quantity BETWEEN 2.23 AND 32.33 AND l_discount BETWEEN 0.02 AND 0.03;,660141,655126,q1-like
0.0,0.0,1.0,0.0,0.0,0.0,0.0,0.0,0.0,0.0,0.0,0.0,0.0,0.0,1.0,0.6766994874091011,0.7364712141489823,1.0,0.08693883176002784,0.8921795587830499,SELECT * FROM lineitem WHERE l_quantity BETWEEN 34.16 AND 37.09 AND l_discount BETWEEN 0.01 AND 0.09;,284880,295528,q1-like
0.0,0.0,1.0,0.0,0.0,0.0,0.0,0.0,0.0,0.0,0.0,0.0,0.0,0.0,1.0,0.029797219437462236,0.4219218196766598,1.0,0.21863797261722365,0.5053552830498095,SELECT * FROM lineitem WHERE l_quantity BETWEEN 2.46 AND 21.67 AND l_discount BETWEEN 0.02 AND 0.05;,820201,829290,q1-like
0.0,0.0,1.0,0.0,0.0,0.0,0.0,0.0,0.0,0.0,0.0,0.0,0.0,0.0,1.0,0.026535969683322082,0.1988376506825906,1.0,0.544941475153802,0.6498844312806789,SELECT * FROM lineitem WHERE l_quantity BETWEEN 2.30 AND 10.74 AND l_discount BETWEEN 0.05 AND 0.06;,171156,174652,q1-like
0.0,0.0,1.0,0.0,0.0,0.0,0.0,0.0,0.0,0.0,0.0,0.0,0.0,0.0,1.0,0.2204406220361979,0.5892656838638829,1.0,0.006498759613073421,0.8094304485835222,SELECT * FROM lineitem WHERE l_quantity BETWEEN 11.80 AND 29.87 AND l_discount BETWEEN 0.00 AND 0.08;,1789728,1768490,q1-like
0.0,0.0,1.0,0.0,0.0,0.0,0.0,0.0,0.0,0.0,0.0,0.0,0.0,0.0,1.0,0.6981393949739791,0.8058192518163626,1.0,0.15547949825698656,0.34025051311548676,SELECT * FROM lineitem WHERE l_quantity BETWEEN 35.21 AND 40.49 AND l_discount BETWEEN 0.02 AND 0.03;,108130,109154,q1-like
0.0,0.0,1.0,0.0,0.0,0.0,0.0,0.0,0.0,0.0,0.0,0.0,0.0,0.0,1.0,0.33659454510575754,0.9572130721872464,1.0,0.09274584245268948,0.09671637586630026,SELECT * FROM lineitem WHERE l_quantity BETWEEN 17.49 AND 47.90 AND l_discount BETWEEN 0.01 AND 0.01;,332807,328048,q1-like
0.0,0.0,1.0,0.0,0.0,0.0,0.0,0.0,0.0,0.0,0.0,0.0,0.0,0.0,1.0,0.6037260313545701,0.847494366330164,1.0,0.7297317793965,0.8071282652030976,SELECT * FROM lineitem WHERE l_quantity BETWEEN 30.58 AND 42.53 AND l_discount BETWEEN 0.07 AND 0.08;,260674,261863,q1-like
0.0,0.0,1.0,0.0,0.0,0.0,0.0,0.0,0.0,0.0,0.0,0.0,0.0,0.0,1.0,0.5362280914437574,0.9731157639595112,1.0,0.3785343734230098,0.5520406257528208,SELECT * FROM lineitem WHERE l_quantity BETWEEN 27.28 AND 48.68 AND l_discount BETWEEN 0.04 AND 0.06;,686702,688828,q1-like
0.0,0.0,1.0,0.0,0.0,0.0,0.0,0.0,0.0,0.0,0.0,0.0,0.0,0.0,1.0,0.6185197523516233,0.8294046642360683,1.0,0.5773521394832406,0.8617068916937084,SELECT * FROM lineitem WHERE l_quantity BETWEEN 31.31 AND 41.64 AND l_discount BETWEEN 0.06 AND 0.09;,430755,436891,q1-like
0.0,0.0,1.0,0.0,0.0,0.0,0.0,0.0,0.0,0.0,0.0,0.0,0.0,0.0,1.0,0.04582438365472703,0.7045718362005445,1.0,0.2278982733725641,0.2893879607082276,SELECT * FROM lineitem WHERE l_quantity BETWEEN 3.25 AND 35.52 AND l_discount BETWEEN 0.02 AND 0.03;,703173,698597,q1-like
0.0,0.0,1.0,0.0,0.0,0.0,0.0,0.0,0.0,0.0,0.0,0.0,0.0,0.0,1.0,0.07979197692199909,0.23279088635627937,1.0,0.10100142839971483,0.2779736003303561,SELECT * FROM lineitem WHERE l_quantity BETWEEN 4.91 AND 12.41 AND l_discount BETWEEN 0.01 AND 0.03;,259533,260933,q1-like
0.0,0.0,1.0,0.0,0.0,0.0,0.0,0.0,0.0,0.0,0.0,0.0,0.0,0.0,1.0,0.3648321789626387,0.635684444251427,1.0,0.2095070286764174,0.370180963415073,SELECT * FROM lineitem WHERE l_quantity BETWEEN 18.88 AND 32.15 AND l_discount BETWEEN 0.02 AND 0.04;,463912,459611,q1-like
0.0,0.0,1.0,0.0,0.0,0.0,0.0,0.0,0.0,0.0,0.0,0.0,0.0,0.0,1.0,0.2669778220436649,0.9366545876933786,1.0,0.6091309995756782,0.6480353787662397,SELECT * FROM lineitem WHERE l_quantity BETWEEN 14.08 AND 46.90 AND l_discount BETWEEN 0.06 AND 0.06;,352566,348739,q1-like
0.0,0.0,1.0,0.0,0.0,0.0,0.0,0.0,0.0,0.0,0.0,0.0,0.0,0.0,1.0,0.17113864819460436,0.7291267979354691,1.0,0.16340249212790345,0.37945543796309344,SELECT * FROM lineitem WHERE l_quantity BETWEEN 9.39 AND 36.73 AND l_discount BETWEEN 0.02 AND 0.04;,890958,885254,q1-like
0.0,0.0,1.0,0.0,0.0,0.0,0.0,0.0,0.0,0.0,0.0,0.0,0.0,0.0,1.0,0.6399997598410317,0.9895233506164008,1.0,0.5569497382051488,0.6846142441437322,SELECT * FROM lineitem WHERE l_quantity BETWEEN 32.36 AND 49.49 AND l_discount BETWEEN 0.06 AND 0.07;,369311,371639,q1-like
0.0,0.0,1.0,0.0,0.0,0.0,0.0,0.0,0.0,0.0,0.0,0.0,0.0,0.0,1.0,0.7759999115304081,0.8428519201726086,1.0,0.03210024358303532,0.22904806967362368,SELECT * FROM lineitem WHERE l_quantity BETWEEN 39.02 AND 42.30 AND l_discount BETWEEN 0.00 AND 0.02;,100160,98668,q1-like
0.0,0.0,1.0,0.0,0.0,0.0,0.0,0.0,0.0,0.0,0.0,0.0,0.0,0.0,1.0,0.26774087597023866,0.3154530480526441,1.0,0.21098284147649804,0.9429097049059575,SELECT * FROM lineitem WHERE l_quantity BETWEEN 14.12 AND 16.46 AND l_discount BETWEEN 0.02 AND 0.09;,176161,175080,q1-like
0.0,0.0,1.0,0.0,0.0,0.0,0.0,0.0,0.0,0.0,0.0,0.0,0.0,0.0,1.0,0.31467788079205594,0.8763676264547838,1.0,0.3956318971043453,0.6554386587404933,SELECT * FROM lineitem WHERE l_quantity BETWEEN 16.42 AND 43.94 AND l_discount BETWEEN 0.04 AND 0.07;,1174824,1179095,q1-like
0.0,0.0,1.0,0.0,0.0,0.0,0.0,0.0,0.0,0.0,0.0,0.0,0.0,0.0,1.0,0.45885185257803446,0.9145475897218794,1.0,0.2466275052277084,0.26488016384925084,SELECT * FROM lineitem WHERE l_quantity BETWEEN 23.48 AND 45.81 AND l_discount BETWEEN 0.02 AND 0.03;,485851,481082,q1-like
0.0,0.0,1.0,0.0,0.0,0.0,0.0,0.0,0.0,0.0,0.0,0.0,0.0,0.0,1.0,0.2627416085175732,0.5613681341516944,1.0,0.5845859843776807,0.8978228746242483,SELECT * FROM lineitem WHERE l_quantity BETWEEN 13.87 AND 28.51 AND l_discount BETWEEN 0.06 AND 0.09;,665079,654143,q1-like
0.0,0.0,1.0,0.0,0.0,0.0,0.0,0.0,0.0,0.0,0.0,0.0,0.0,0.0,1.0,0.21932075915280738,0.3994005051322463,1.0,0.5095262885812016,0.9975375965197343,SELECT * FROM lineitem WHERE l_quantity BETWEEN 11.75 AND 20.57 AND l_discount BETWEEN 0.05 AND 0.10;,584682,588382,q1-like
0.0,0.0,1.0,0.0,0.0,0.0,0.0,0.0,0.0,0.0,0.0,0.0,0.0,0.0,1.0,0.04711637542377302,0.0909094121719386,1.0,0.10964912925416785,0.6274460354286298,SELECT * FROM lineitem WHERE l_quantity BETWEEN 3.31 AND 5.45 AND l_discount BETWEEN 0.01 AND 0.06;,132327,130436,q1-like
0.0,0.0,1.0,0.0,0.0,0.0,0.0,0.0,0.0,0.0,0.0,0.0,0.0,0.0,1.0,0.42215996679106854,0.7920793643467993,1.0,0.06352770551668008,0.38161928269034395,SELECT * FROM lineitem WHERE l_quantity BETWEEN 21.69 AND 39.81 AND l_discount BETWEEN 0.01 AND 0.04;,795203,786810,q1-like
0.0,0.0,1.0,0.0,0.0,0.0,0.0,0.0,0.0,0.0,0.0,0.0,0.0,0.0,1.0,0.5291143450883388,0.9961213802197678,1.0,0.8607796936267011,0.9710783679028345,SELECT * FROM lineitem WHERE l_quantity BETWEEN 26.93 AND 49.81 AND l_discount BETWEEN 0.09 AND 0.10;,495774,501729,q1-like
0.0,0.0,1.0,0.0,0.0,0.0,0.0,0.0,0.0,0.0,0.0,0.0,0.0,0.0,1.0,0.01148102194258533,0.7207218193454861,1.0,0.5369703250390919,0.6817103622094711,SELECT * FROM lineitem WHERE l_quantity BETWEEN 1.56 AND 36.32 AND l_discount BETWEEN 0.05 AND 0.07;,1131684,1145405,q1-like
0.0,0.0,1.0,0.0,0.0,0.0,0.0,0.0,0.0,0.0,0.0,0.0,0.0,0.0,1.0,0.2668251899470974,0.6409617985667273,1.0,0.11155217248035472,0.4347652463214525,SELECT * FROM lineitem WHERE l_quantity BETWEEN 14.07 AND 32.41 AND l_discount BETWEEN 0.01 AND 0.04;,799396,787600,q1-like
0.0,0.0,1.0,0.0,0.0,0.0,0.0,0.0,0.0,0.0,0.0,0.0,0.0,0.0,1.0,0.4537237063199468,0.9538159275016146,1.0,0.26338904811720026,0.8758529316196647,SELECT * FROM lineitem WHERE l_quantity BETWEEN 23.23 AND 47.74 AND l_discount BETWEEN 0.03 AND 0.09;,1848025,1834227,q1-like
0.0,0.0,1.0,0.0,0.0,0.0,0.0,0.0,0.0,0.0,0.0,0.0,0.0,0.0,1.0,0.17865188052648542,0.5005861130400823,1.0,0.8705185611315813,0.9126278302185422,SELECT * FROM lineitem WHERE l_quantity BETWEEN 9.75 AND 25.53 AND l_discount BETWEEN 0.09 AND 0.09;,175661,174182,q1-like
0.0,0.0,1.0,0.0,0.0,0.0,0.0,0.0,0.0,0.0,0.0,0.0,0.0,0.0,1.0,0.2984447914425422,0.6389494948529654,1.0,0.15283926702124215,0.6089702053484702,SELECT * FROM lineitem WHERE l_quantity BETWEEN 15.62 AND 32.31 AND l_discount BETWEEN 0.02 AND 0.06;,933418,928663,q1-like
0.0,0.0,1.0,0.0,0.0,0.0,0.0,0.0,0.0,0.0,0.0,0.0,0.0,0.0,1.0,0.5393790301086181,0.7625108000595898,1.0,0.5303536668916408,0.7786264708442935,SELECT * FROM lineitem WHERE l_quantity BETWEEN 27.43 AND 38.36 AND l_discount BETWEEN 0.05 AND 0.08;,477284,481033,q1-like
0.0,0.0,1.0,0.0,0.0,0.0,0.0,0.0,0.0,0.0,0.0,0.0,0.0,0.0,1.0,0.000571896127931834,0.3241560569980577,1.0,0.01947674219106488,0.929098606973631,SELECT * FROM lineitem WHERE l_quantity BETWEEN 1.03 AND 16.88 AND l_discount BETWEEN 0.00 AND 0.09;,1637126,1634185,q1-like
0.0,0.0,1.0,0.0,0.0,0.0,0.0,0.0,0.0,0.0,0.0,0.0,0.0,0.0,1.0,0.8316655293442068,0.8787218778052512,1.0,0.0579251659149359,0.3075141223275202,SELECT * FROM lineitem WHERE l_quantity BETWEEN 41.75 AND 44.06 AND l_discount BETWEEN 0.01 AND 0.03;,103361,98672,q1-like
0.0,0.0,1.0,0.0,0.0,0.0,0.0,0.0,0.0,0.0,0.0,0.0,0.0,0.0,1.0,0.878009599186122,0.9469494452786686,1.0,0.08565345121134427,0.4859904584567092,SELECT * FROM lineitem WHERE l_quantity BETWEEN 44.02 AND 47.40 AND l_discount BETWEEN 0.01 AND 0.05;,160395,163503,q1-like
0.0,0.0,1.0,0.0,0.0,0.0,0.0,0.0,0.0,0.0,0.0,0.0,0.0,0.0,1.0,0.0692125184669711,0.7606021652417092,1.0,0.12839146321584818,0.7658344216486436,SELECT * FROM lineitem WHERE l_quantity BETWEEN 4.39 AND 38.27 AND l_discount BETWEEN 0.01 AND 0.08;,2971309,2968803,q1-like
0.0,0.0,1.0,0.0,0.0,0.0,0.0,0.0,0.0,0.0,0.0,0.0,0.0,0.0,1.0,0.4752823780890317,0.5498035934837234,1.0,0.26505662628949284,0.8724330323609272,SELECT * FROM lineitem WHERE l_quantity BETWEEN 24.29 AND 27.94 AND l_discount BETWEEN 0.03 AND 0.09;,229387,228909,q1-like
0.0,0.0,1.0,0.0,0.0,0.0,0.0,0.0,0.0,0.0,0.0,0.0,0.0,0.0,1.0,0.21179820543775968,0.4231379401922515,1.0,0.5392960833864975,0.7299310617906655,SELECT * FROM lineitem WHERE l_quantity BETWEEN 11.38 AND 21.73 AND l_discount BETWEEN 0.05 AND 0.07;,322528,326931,q1-like
0.0,0.0,1.0,0.0,0.0,0.0,0.0,0.0,0.0,0.0,0.0,0.0,0.0,0.0,1.0,0.2011510633855908,0.31171629129453343,1.0,0.6498780511406729,0.9951493467094013,SELECT * FROM lineitem WHERE l_quantity BETWEEN 10.86 AND 16.27 AND l_discount BETWEEN 0.06 AND 0.10;,326479,326770,q1-like
0.0,0.0,1.0,0.0,0.0,0.0,0.0,0.0,0.0,0.0,0.0,0.0,0.0,0.0,1.0,0.43810008390556326,0.5175758410250278,1.0,0.12100419465822378,0.224697334784584,SELECT * FROM lineitem WHERE l_quantity BETWEEN 22.47 AND 26.36 AND l_discount BETWEEN 0.01 AND 0.02;,88596,88094,q1-like
0.0,0.0,1.0,0.0,0.0,0.0,0.0,0.0,0.0,0.0,0.0,0.0,0.0,0.0,1.0,0.3380855621405557,0.588308718445227,1.0,0.22021738224938567,0.2301147302954297,SELECT * FROM lineitem WHERE l_quantity BETWEEN 17.57 AND 29.83 AND l_discount BETWEEN 0.02 AND 0.02;,129715,131374,q1-like
0.0,0.0,1.0,0.0,0.0,0.0,0.0,0.0,0.0,0.0,0.0,0.0,0.0,0.0,1.0,0.0709930860075837,0.6311029572572193,1.0,0.22894178152173655,0.9054200039519279,SELECT * FROM lineitem WHERE l_quantity BETWEEN 4.48 AND 31.92 AND l_discount BETWEEN 0.02 AND 0.09;,2372268,2356206,q1-like
0.0,0.0,1.0,0.0,0.0,0.0,0.0,0.0,0.0,0.0,0.0,0.0,0.0,0.0,1.0,0.07085734988720738,0.859635400236203,1.0,0.23800463198894892,0.668977771606503,SELECT * FROM lineitem WHERE l_quantity BETWEEN 4.47 AND 43.12 AND l_discount BETWEEN 0.02 AND 0.07;,2550903,2555065,q1-like
0.0,0.0,1.0,0.0,0.0,0.0,0.0,0.0,0.0,0.0,0.0,0.0,0.0,0.0,1.0,0.13231184872232477,0.21423680736606643,1.0,0.5710430876148536,0.9355142312255287,SELECT * FROM lineitem WHERE l_quantity BETWEEN 7.48 AND 11.50 AND l_discount BETWEEN 0.06 AND 0.09;,170484,175122,q1-like
0.0,0.0,1.0,0.0,0.0,0.0,0.0,0.0,0.0,0.0,0.0,0.0,0.0,0.0,1.0,0.4726710263021478,0.7846194242747407,1.0,0.1904099124577786,0.8074969896916736,SELECT * FROM lineitem WHERE l_quantity BETWEEN 24.16 AND 39.45 AND l_discount BETWEEN 0.02 AND 0.08;,1142935,1146936,q1-like
0.0,0.0,1.0,0.0,0.0,0.0,0.0,0.0,0.0,0.0,0.0,0.0,0.0,0.0,1.0,0.09693081422684516,0.43105118239758056,1.0,0.4235786187841346,0.46702466336642834,SELECT * FROM lineitem WHERE l_quantity BETWEEN 5.75 AND 22.12 AND l_discount BETWEEN 0.04 AND 0.05;,364291,371184,q1-like
0.0,0.0,1.0,0.0,0.0,0.0,0.0,0.0,0.0,0.0,0.0,0.0,0.0,0.0,1.0,0.6733645472795594,0.7290758494449715,1.0,0.09841787016778018,0.9841652015243141,SELECT * FROM lineitem WHERE l_quantity BETWEEN 33.99 AND 36.72 AND l_discount BETWEEN 0.01 AND 0.10;,315676,328413,q1-like
0.0,0.0,1.0,0.0,0.0,0.0,0.0,0.0,0.0,0.0,0.0,0.0,0.0,0.0,1.0,0.33930260538803864,0.40262128209405207,1.0,0.24865633143372232,0.8616725277360657,SELECT * FROM lineitem WHERE l_quantity BETWEEN 17.63 AND 20.73 AND l_discount BETWEEN 0.02 AND 0.09;,250596,261451,q1-like
0.0,0.0,1.0,0.0,0.0,0.0,0.0,0.0,0.0,0.0,0.0,0.0,0.0,0.0,1.0,0.1902089084369297,0.4486135478239766,1.0,0.27854514188148904,0.42188163561558784,SELECT * FROM lineitem WHERE l_quantity BETWEEN 10.32 AND 22.98 AND l_discount BETWEEN 0.03 AND 0.04;,265314,262326,q1-like
0.0,0.0,1.0,0.0,0.0,0.0,0.0,0.0,0.0,0.0,0.0,0.0,0.0,0.0,1.0,0.24980644787700243,0.9232655992571707,1.0,0.4431307406221495,0.8613490961483395,SELECT * FROM lineitem WHERE l_quantity BETWEEN 13.24 AND 46.24 AND l_discount BETWEEN 0.04 AND 0.09;,2167770,2160889,q1-like
0.0,0.0,1.0,0.0,0.0,0.0,0.0,0.0,0.0,0.0,0.0,0.0,0.0,0.0,1.0,0.050588329523848834,0.5503253124386169,1.0,0.8360275767196762,0.9992824584199019,SELECT * FROM lineitem WHERE l_quantity BETWEEN 3.48 AND 27.97 AND l_discount BETWEEN 0.08 AND 0.10;,782316,785721,q1-like
0.0,0.0,1.0,0.0,0.0,0.0,0.0,0.0,0.0,0.0,0.0,0.0,0.0,0.0,1.0,0.9263669829892223,0.968996257264976,1.0,0.16631110894080292,0.8486957259273482,SELECT * FROM lineitem WHERE l_quantity BETWEEN 46.39 AND 48.48 AND l_discount BETWEEN 0.02 AND 0.08;,156255,152899,q1-like
0.0,0.0,1.0,0.0,0.0,0.0,0.0,0.0,0.0,0.0,0.0,0.0,0.0,0.0,1.0,0.21374729919481952,0.48564112544080745,1.0,0.058635399385824925,0.40104028853904977,SELECT * FROM lineitem WHERE l_quantity BETWEEN 11.47 AND 24.80 AND l_discount BETWEEN 0.01 AND 0.04;,576009,568137,q1-like
0.0,0.0,1.0,0.0,0.0,0.0,0.0,0.0,0.0,0.0,0.0,0.0,0.0,0.0,1.0,0.37897311896918195,0.9853088437596177,1.0,0.2652030555201214,0.7840705941078634,SELECT * FROM lineitem WHERE l_quantity BETWEEN 19.57 AND 49.28 AND l_discount BETWEEN 0.03 AND 0.08;,1979711,1965607,q1-like
0.0,0.0,1.0,0.0,0.0,0.0,0.0,0.0,0.0,0.0,0.0,0.0,0.0,0.0,1.0,0.4230074859815301,0.4550083673298574,1.0,0.9573176312864969,0.9954226795384871,SELECT * FROM lineitem WHERE l_quantity BETWEEN 21.73 AND 23.30 AND l_discount BETWEEN 0.10 AND 0.10;,21471,21751,q1-like
0.0,0.0,1.0,0.0,0.0,0.0,0.0,0.0,0.0,0.0,0.0,0.0,0.0,0.0,1.0,0.5557683233942761,0.7184082752816647,1.0,0.15479682372609588,0.29670782252748595,SELECT * FROM lineitem WHERE l_quantity BETWEEN 28.23 AND 36.20 AND l_discount BETWEEN 0.02 AND 0.03;,173997,174928,q1-like
0.0,0.0,1.0,0.0,0.0,0.0,0.0,0.0,0.0,0.0,0.0,0.0,0.0,0.0,1.0,0.5791802908044362,0.9687093649493893,1.0,0.5421951959523222,0.7479755528993086,SELECT * FROM lineitem WHERE l_quantity BETWEEN 29.38 AND 48.47 AND l_discount BETWEEN 0.05 AND 0.07;,613144,623784,q1-like
0.0,0.0,1.0,0.0,0.0,0.0,0.0,0.0,0.0,0.0,0.0,0.0,0.0,0.0,1.0,0.05716527290631645,0.5841775944470492,1.0,0.5028503778910097,0.8527198835210865,SELECT * FROM lineitem WHERE l_quantity BETWEEN 3.80 AND 29.62 AND l_discount BETWEEN 0.05 AND 0.09;,1421434,1417451,q1-like
0.0,0.0,1.0,0.0,0.0,0.0,0.0,0.0,0.0,0.0,0.0,0.0,0.0,0.0,1.0,0.15743272793627036,0.9607789032548427,1.0,0.08011146443947223,0.18582495912247363,SELECT * FROM lineitem WHERE l_quantity BETWEEN 8.71 AND 48.08 AND l_discount BETWEEN 0.01 AND 0.02;,874649,874401,q1-like
0.0,0.0,1.0,0.0,0.0,0.0,0.0,0.0,0.0,0.0,0.0,0.0,0.0,0.0,1.0,0.5950351064378842,0.6752125535903103,1.0,0.11988661274825807,0.2352038926488923,SELECT * FROM lineitem WHERE l_quantity BETWEEN 30.16 AND 34.09 AND l_discount BETWEEN 0.01 AND 0.02;,86079,87640,q1-like
0.0,0.0,1.0,0.0,0.0,0.0,0.0,0.0,0.0,0.0,0.0,0.0,0.0,0.0,1.0,0.24621534778360005,0.8902873141112685,1.0,0.5945191475882498,0.6193815041382881,SELECT * FROM lineitem WHERE l_quantity BETWEEN 13.06 AND 44.62 AND l_discount BETWEEN 0.06 AND 0.06;,342819,337628,q1-like
1.0,1.0,1.0,1.0,1.0,1.0,0.6666666666666666,0.6666666666666666,1.0,0.5650727650725301,0.6569646569643838,0.0,0.0,0.0,0.0,0.0,0.0,0.0,0.0,0.0,"SELECT * FROM customer, orders, lineitem WHERE orders.o_custkey = customer.c_custkey AND lineitem.l_orderkey = orders.o_orderkey AND c_mktsegment = 'HOUSEHOLD' AND o_orderdate BETWEEN DATE '1995-09-21' AND DATE '1996-04-29';",109546,111005,q3-like
1.0,1.0,1.0,1.0,1.0,1.0,0.5,0.5,1.0,0.20415800415791927,0.9343035343031458,0.0,0.0,0.0,0.0,0.0,0.0,0.0,0.0,0.0,"SELECT * FROM customer, orders, lineitem WHERE orders.o_custkey = customer.c_custkey AND lineitem.l_orderkey = orders.o_orderkey AND c_mktsegment = 'FURNITURE' AND o_orderdate BETWEEN DATE '1993-05-06' AND DATE '1998-02-25';",878924,877836,q3-like
1.0,1.0,1.0,1.0,1.0,1.0,0.5,0.5,1.0,0.23866943866933943,0.395426195426031,0.0,0.0,0.0,0.0,0.0,0.0,0.0,0.0,0.0,"SELECT * FROM customer, orders, lineitem WHERE orders.o_custkey = customer.c_custkey AND lineitem.l_orderkey = orders.o_orderkey AND c_mktsegment = 'FURNITURE' AND o_orderdate BETWEEN DATE '1993-07-28' AND DATE '1994-08-09';",188835,188458,q3-like
1.0,1.0,1.0,1.0,1.0,1.0,0.5,0.5,1.0,0.456964656964467,0.9288981288977427,0.0,0.0,0.0,0.0,0.0,0.0,0.0,0.0,0.0,"SELECT * FROM customer, orders, lineitem WHERE orders.o_custkey = customer.c_custkey AND lineitem.l_orderkey = orders.o_orderkey AND c_mktsegment = 'FURNITURE' AND o_orderdate BETWEEN DATE '1995-01-04' AND DATE '1998-02-12';",571877,568682,q3-like
1.0,1.0,1.0,1.0,1.0,1.0,0.16666666666666666,0.16666666666666666,1.0,0.009147609147605344,0.6207900207897626,0.0,0.0,0.0,0.0,0.0,0.0,0.0,0.0,0.0,"SELECT * FROM customer, orders, lineitem WHERE orders.o_custkey = customer.c_custkey AND lineitem.l_orderkey = orders.o_orderkey AND c_mktsegment = 'AUTOMOBILE' AND o_orderdate BETWEEN DATE '1992-01-23' AND DATE '1996-02-02';",730185,728358,q3-like
1.0,1.0,1.0,1.0,1.0,1.0,0.8333333333333334,0.8333333333333334,1.0,0.07318087318084275,0.9958419958415817,0.0,0.0,0.0,0.0,0.0,0.0,0.0,0.0,0.0,"SELECT * FROM customer, orders, lineitem WHERE orders.o_custkey = customer.c_custkey AND lineitem.l_orderkey = orders.o_orderkey AND c_mktsegment = 'MACHINERY' AND o_orderdate BETWEEN DATE '1992-06-25' AND DATE '1998-07-23';",1121305,1104161,q3-like
1.0,1.0,1.0,1.0,1.0,1.0,0.3333333333333333,0.3333333333333333,1.0,0.13222453222447725,0.5056133056130954,0.0,0.0,0.0,0.0,0.0,0.0,0.0,0.0,0.0,"SELECT * FROM customer, orders, lineitem WHERE orders.o_custkey = customer.c_custkey AND lineitem.l_orderkey = orders.o_orderkey AND c_mktsegment = 'BUILDING' AND o_orderdate BETWEEN DATE '1992-11-14' AND DATE '1995-05-01';",438262,452274,q3-like
1.0,1.0,1.0,1.0,1.0,1.0,0.5,0.5,1.0,0.8790020790017136,0.8806652806649145,0.0,0.0,0.0,0.0,0.0,0.0,0.0,0.0,0.0,"SELECT * FROM customer, orders, lineitem WHERE orders.o_custkey = customer.c_custkey AND lineitem.l_orderkey = orders.o_orderkey AND c_mktsegment = 'FURNITURE' AND o_orderdate BETWEEN DATE '1997-10-15' AND DATE '1997-10-19';",2424,2226,q3-like
1.0,1.0,1.0,1.0,1.0,1.0,0.5,0.5,1.0,0.2848232848231664,0.4378378378376558,0.0,0.0,0.0,0.0,0.0,0.0,0.0,0.0,0.0,"SELECT * FROM customer, orders, lineitem WHERE orders.o_custkey = customer.c_custkey AND lineitem.l_orderkey = orders.o_orderkey AND c_mktsegment = 'FURNITURE' AND o_orderdate BETWEEN DATE '1993-11-16' AND DATE '1994-11-19';",183910,183203,q3-like
1.0,1.0,1.0,1.0,1.0,1.0,0.8333333333333334,0.8333333333333334,1.0,0.6116424116421573,0.703534303534011,0.0,0.0,0.0,0.0,0.0,0.0,0.0,0.0,0.0,"SELECT * FROM customer, orders, lineitem WHERE orders.o_custkey = customer.c_custkey AND lineitem.l_orderkey = orders.o_orderkey AND c_mktsegment = 'MACHINERY' AND o_orderdate BETWEEN DATE '1996-01-11' AND DATE '1996-08-19';",112739,110591,q3-like
1.0,1.0,1.0,1.0,1.0,1.0,0.8333333333333334,0.8333333333333334,1.0,0.007484407484404373,0.8170478170474773,0.0,0.0,0.0,0.0,0.0,0.0,0.0,0.0,0.0,"SELECT * FROM customer, orders, lineitem WHERE orders.o_custkey = customer.c_custkey AND lineitem.l_orderkey = orders.o_orderkey AND c_mktsegment = 'MACHINERY' AND o_orderdate BETWEEN DATE '1992-01-19' AND DATE '1997-05-19';",983817,969176,q3-like
1.0,1.0,1.0,1.0,1.0,1.0,0.5,0.5,1.0,0.10353430353426049,0.9313929313925441,0.0,0.0,0.0,0.0,0.0,0.0,0.0,0.0,0.0,"SELECT * FROM customer, orders, lineitem WHERE orders.o_custkey = customer.c_custkey AND lineitem.l_orderkey = orders.o_orderkey AND c_mktsegment = 'FURNITURE' AND o_orderdate BETWEEN DATE '1992-09-06' AND DATE '1998-02-18';",997956,994126,q3-like
1.0,1.0,1.0,1.0,1.0,1.0,0.3333333333333333,0.3333333333333333,1.0,0.2644490644489545,0.8893970893967196,0.0,0.0,0.0,0.0,0.0,0.0,0.0,0.0,0.0,"SELECT * FROM customer, orders, lineitem WHERE orders.o_custkey = customer.c_custkey AND lineitem.l_orderkey = orders.o_orderkey AND c_mktsegment = 'BUILDING' AND o_orderdate BETWEEN DATE '1993-09-28' AND DATE '1997-11-09';",742932,759730,q3-like
1.0,1.0,1.0,1.0,1.0,1.0,0.8333333333333334,0.8333333333333334,1.0,0.1550935550934906,0.28149688149676444,0.0,0.0,0.0,0.0,0.0,0.0,0.0,0.0,0.0,"SELECT * FROM customer, orders, lineitem WHERE orders.o_custkey = customer.c_custkey AND lineitem.l_orderkey = orders.o_orderkey AND c_mktsegment = 'MACHINERY' AND o_orderdate BETWEEN DATE '1993-01-08' AND DATE '1993-11-08';",149795,152029,q3-like
1.0,1.0,1.0,1.0,1.0,1.0,0.3333333333333333,0.3333333333333333,1.0,0.2033264033263188,0.717255717255419,0.0,0.0,0.0,0.0,0.0,0.0,0.0,0.0,0.0,"SELECT * FROM customer, orders, lineitem WHERE orders.o_custkey = customer.c_custkey AND lineitem.l_orderkey = orders.o_orderkey AND c_mktsegment = 'BUILDING' AND o_orderdate BETWEEN DATE '1993-05-04' AND DATE '1996-09-21';",605352,624410,q3-like
1.0,1.0,1.0,1.0,1.0,1.0,0.5,0.5,1.0,0.2507276507275465,0.5051975051972951,0.0,0.0,0.0,0.0,0.0,0.0,0.0,0.0,0.0,"SELECT * FROM customer, orders, lineitem WHERE orders.o_custkey = customer.c_custkey AND lineitem.l_orderkey = orders.o_orderkey AND c_mktsegment = 'FURNITURE' AND o_orderdate BETWEEN DATE '1993-08-26' AND DATE '1995-04-30';",305022,305802,q3-like
1.0,1.0,1.0,1.0,1.0,1.0,0.16666666666666666,0.16666666666666666,1.0,0.09189189189185368,0.4232848232846473,0.0,0.0,0.0,0.0,0.0,0.0,0.0,0.0,0.0,"SELECT * FROM customer, orders, lineitem WHERE orders.o_custkey = customer.c_custkey AND lineitem.l_orderkey = orders.o_orderkey AND c_mktsegment = 'AUTOMOBILE' AND o_orderdate BETWEEN DATE '1992-08-09' AND DATE '1994-10-15';",394781,393856,q3-like
1.0,1.0,1.0,1.0,1.0,1.0,0.5,0.5,1.0,0.04407484407482575,0.3334719334717948,0.0,0.0,0.0,0.0,0.0,0.0,0.0,0.0,0.0,"SELECT * FROM customer, orders, lineitem WHERE orders.o_custkey = customer.c_custkey AND lineitem.l_orderkey = orders.o_orderkey AND c_mktsegment = 'FURNITURE' AND o_orderdate BETWEEN DATE '1992-04-16' AND DATE '1994-03-13';",347915,345651,q3-like
1.0,1.0,1.0,1.0,1.0,1.0,0.3333333333333333,0.3333333333333333,1.0,0.26195426195415306,0.6370062370059721,0.0,0.0,0.0,0.0,0.0,0.0,0.0,0.0,0.0,"SELECT * FROM customer, orders, lineitem WHERE orders.o_custkey = customer.c_custkey AND lineitem.l_orderkey = orders.o_orderkey AND c_mktsegment = 'BUILDING' AND o_orderdate BETWEEN DATE '1993-09-22' AND DATE '1996-03-12';",442382,454574,q3-like
1.0,1.0,1.0,1.0,1.0,1.0,0.6666666666666666,0.6666666666666666,1.0,0.4274428274426497,0.5513513513511221,0.0,0.0,0.0,0.0,0.0,0.0,0.0,0.0,0.0,"SELECT * FROM customer, orders, lineitem WHERE orders.o_custkey = customer.c_custkey AND lineitem.l_orderkey = orders.o_orderkey AND c_mktsegment = 'HOUSEHOLD' AND o_orderdate BETWEEN DATE '1994-10-25' AND DATE '1995-08-19';",146990,151397,q3-like
1.0,1.0,1.0,1.0,1.0,1.0,0.16666666666666666,0.16666666666666666,1.0,0.11185031185026534,0.9446985446981518,0.0,0.0,0.0,0.0,0.0,0.0,0.0,0.0,0.0,"SELECT * FROM customer, orders, lineitem WHERE orders.o_custkey = customer.c_custkey AND lineitem.l_orderkey = orders.o_orderkey AND c_mktsegment = 'AUTOMOBILE' AND o_orderdate BETWEEN DATE '1992-09-26' AND DATE '1998-03-22';",997848,990944,q3-like
1.0,1.0,1.0,1.0,1.0,1.0,0.3333333333333333,0.3333333333333333,1.0,0.5455301455299187,0.8345114345110876,0.0,0.0,0.0,0.0,0.0,0.0,0.0,0.0,0.0,"SELECT * FROM customer, orders, lineitem WHERE orders.o_custkey = customer.c_custkey AND lineitem.l_orderkey = orders.o_orderkey AND c_mktsegment = 'BUILDING' AND o_orderdate BETWEEN DATE '1995-08-05' AND DATE '1997-06-30';",344930,352694,q3-like
1.0,1.0,1.0,1.0,1.0,1.0,0.8333333333333334,0.8333333333333334,1.0,0.4295218295216509,0.5521829521827226,0.0,0.0,0.0,0.0,0.0,0.0,0.0,0.0,0.0,"SELECT * FROM customer, orders, lineitem WHERE orders.o_custkey = customer.c_custkey AND lineitem.l_orderkey = orders.o_orderkey AND c_mktsegment = 'MACHINERY' AND o_orderdate BETWEEN DATE '1994-10-30' AND DATE '1995-08-21';",149022,148086,q3-like
1.0,1.0,1.0,1.0,1.0,1.0,0.16666666666666666,0.16666666666666666,1.0,0.30810810810798,0.8989604989601252,0.0,0.0,0.0,0.0,0.0,0.0,0.0,0.0,0.0,"SELECT * FROM customer, orders, lineitem WHERE orders.o_custkey = customer.c_custkey AND lineitem.l_orderkey = orders.o_orderkey AND c_mktsegment = 'AUTOMOBILE' AND o_orderdate BETWEEN DATE '1994-01-11' AND DATE '1997-12-02';",710257,703661,q3-like
1.0,1.0,1.0,1.0,1.0,1.0,0.16666666666666666,0.16666666666666666,1.0,0.20997920997912267,0.898544698544325,0.0,0.0,0.0,0.0,0.0,0.0,0.0,0.0,0.0,"SELECT * FROM customer, orders, lineitem WHERE orders.o_custkey = customer.c_custkey AND lineitem.l_orderkey = orders.o_orderkey AND c_mktsegment = 'AUTOMOBILE' AND o_orderdate BETWEEN DATE '1993-05-20' AND DATE '1997-12-01';",823744,821001,q3-like
1.0,1.0,1.0,1.0,1.0,1.0,0.3333333333333333,0.3333333333333333,1.0,0.35343035343020646,0.6665280665277894,0.0,0.0,0.0,0.0,0.0,0.0,0.0,0.0,0.0,"SELECT * FROM customer, orders, lineitem WHERE orders.o_custkey = customer.c_custkey AND lineitem.l_orderkey = orders.o_orderkey AND c_mktsegment = 'BUILDING' AND o_orderdate BETWEEN DATE '1994-04-30' AND DATE '1996-05-22';",369031,379549,q3-like
1.0,1.0,1.0,1.0,1.0,1.0,0.8333333333333334,0.8333333333333334,1.0,0.40623700623683734,0.8839916839913164,0.0,0.0,0.0,0.0,0.0,0.0,0.0,0.0,0.0,"SELECT * FROM customer, orders, lineitem WHERE orders.o_custkey = customer.c_custkey AND lineitem.l_orderkey = orders.o_orderkey AND c_mktsegment = 'MACHINERY' AND o_orderdate BETWEEN DATE '1994-09-04' AND DATE '1997-10-27';",583503,572374,q3-like
1.0,1.0,1.0,1.0,1.0,1.0,0.8333333333333334,0.8333333333333334,1.0,0.7492723492720377,0.9255717255713407,0.0,0.0,0.0,0.0,0.0,0.0,0.0,0.0,0.0,"SELECT * FROM customer, orders, lineitem WHERE orders.o_custkey = customer.c_custkey AND lineitem.l_orderkey = orders.o_orderkey AND c_mktsegment = 'MACHINERY' AND o_orderdate BETWEEN DATE '1996-12-07' AND DATE '1998-02-04';",215364,210349,q3-like
1.0,1.0,1.0,1.0,1.0,1.0,0.3333333333333333,0.3333333333333333,1.0,0.8644490644487051,0.9758835758831701,0.0,0.0,0.0,0.0,0.0,0.0,0.0,0.0,0.0,"SELECT * FROM customer, orders, lineitem WHERE orders.o_custkey = customer.c_custkey AND lineitem.l_orderkey = orders.o_orderkey AND c_mktsegment = 'BUILDING' AND o_orderdate BETWEEN DATE '1997-09-10' AND DATE '1998-06-05';",131879,135749,q3-like
1.0,1.0,1.0,1.0,1.0,1.0,0.3333333333333333,0.3333333333333333,1.0,0.024532224532214333,0.8810810810807147,0.0,0.0,0.0,0.0,0.0,0.0,0.0,0.0,0.0,"SELECT * FROM customer, orders, lineitem WHERE orders.o_custkey = customer.c_custkey AND lineitem.l_orderkey = orders.o_orderkey AND c_mktsegment = 'BUILDING' AND o_orderdate BETWEEN DATE '1992-02-29' AND DATE '1997-10-20';",1016688,1039654,q3-like
1.0,1.0,1.0,1.0,1.0,1.0,0.5,0.5,1.0,0.41164241164224047,0.7821205821202569,0.0,0.0,0.0,0.0,0.0,0.0,0.0,0.0,0.0,"SELECT * FROM customer, orders, lineitem WHERE orders.o_custkey = customer.c_custkey AND lineitem.l_orderkey = orders.o_orderkey AND c_mktsegment = 'FURNITURE' AND o_orderdate BETWEEN DATE '1994-09-17' AND DATE '1997-02-24';",448032,445329,q3-like
1.0,1.0,1.0,1.0,1.0,1.0,0.3333333333333333,0.3333333333333333,1.0,0.2665280665279557,0.7871101871098598,0.0,0.0,0.0,0.0,0.0,0.0,0.0,0.0,0.0,"SELECT * FROM customer, orders, lineitem WHERE orders.o_custkey = customer.c_custkey AND lineitem.l_orderkey = orders.o_orderkey AND c_mktsegment = 'BUILDING' AND o_orderdate BETWEEN DATE '1993-10-03' AND DATE '1997-03-08';",617578,632386,q3-like
1.0,1.0,1.0,1.0,1.0,1.0,0.16666666666666666,0.16666666666666666,1.0,0.038669438669422594,0.38253638253622346,0.0,0.0,0.0,0.0,0.0,0.0,0.0,0.0,0.0,"SELECT * FROM customer, orders, lineitem WHERE orders.o_custkey = customer.c_custkey AND lineitem.l_orderkey = orders.o_orderkey AND c_mktsegment = 'AUTOMOBILE' AND o_orderdate BETWEEN DATE '1992-04-03' AND DATE '1994-07-09';",412328,409188,q3-like
1.0,1.0,1.0,1.0,1.0,1.0,0.6666666666666666,0.6666666666666666,1.0,0.2220374220373297,0.8162162162158768,0.0,0.0,0.0,0.0,0.0,0.0,0.0,0.0,0.0,"SELECT * FROM customer, orders, lineitem WHERE orders.o_custkey = customer.c_custkey AND lineitem.l_orderkey = orders.o_orderkey AND c_mktsegment = 'HOUSEHOLD' AND o_orderdate BETWEEN DATE '1993-06-18' AND DATE '1997-05-17';",702584,716955,q3-like
1.0,1.0,1.0,1.0,1.0,1.0,0.6666666666666666,0.6666666666666666,1.0,0.349272349272204,0.8203742203738793,0.0,0.0,0.0,0.0,0.0,0.0,0.0,0.0,0.0,"SELECT * FROM customer, orders, lineitem WHERE orders.o_custkey = customer.c_custkey AND lineitem.l_orderkey = orders.o_orderkey AND c_mktsegment = 'HOUSEHOLD' AND o_orderdate BETWEEN DATE '1994-04-20' AND DATE '1997-05-27';",558830,568115,q3-like
1.0,1.0,1.0,1.0,1.0,1.0,0.3333333333333333,0.3333333333333333,1.0,0.2228690228689302,0.6598752598749855,0.0,0.0,0.0,0.0,0.0,0.0,0.0,0.0,0.0,"SELECT * FROM customer, orders, lineitem WHERE orders.o_custkey = customer.c_custkey AND lineitem.l_orderkey = orders.o_orderkey AND c_mktsegment = 'BUILDING' AND o_orderdate BETWEEN DATE '1993-06-20' AND DATE '1996-05-06';",513421,530349,q3-like
1.0,1.0,1.0,1.0,1.0,1.0,0.6666666666666666,0.6666666666666666,1.0,0.32806652806639164,0.8640332640329048,0.0,0.0,0.0,0.0,0.0,0.0,0.0,0.0,0.0,"SELECT * FROM customer, orders, lineitem WHERE orders.o_custkey = customer.c_custkey AND lineitem.l_orderkey = orders.o_orderkey AND c_mktsegment = 'HOUSEHOLD' AND o_orderdate BETWEEN DATE '1994-02-28' AND DATE '1997-09-09';",638803,646104,q3-like
1.0,1.0,1.0,1.0,1.0,1.0,0.5,0.5,1.0,0.350935550935405,0.5093555093552976,0.0,0.0,0.0,0.0,0.0,0.0,0.0,0.0,0.0,"SELECT * FROM customer, orders, lineitem WHERE orders.o_custkey = customer.c_custkey AND lineitem.l_orderkey = orders.o_orderkey AND c_mktsegment = 'FURNITURE' AND o_orderdate BETWEEN DATE '1994-04-24' AND DATE '1995-05-10';",189799,190534,q3-like
1.0,1.0,1.0,1.0,1.0,1.0,0.8333333333333334,0.8333333333333334,1.0,0.027442827442816033,0.3309771309769934,0.0,0.0,0.0,0.0,0.0,0.0,0.0,0.0,0.0,"SELECT * FROM customer, orders, lineitem WHERE orders.o_custkey = customer.c_custkey AND lineitem.l_orderkey = orders.o_orderkey AND c_mktsegment = 'MACHINERY' AND o_orderdate BETWEEN DATE '1992-03-07' AND DATE '1994-03-07';",368455,363544,q3-like
1.0,1.0,1.0,1.0,1.0,1.0,0.5,0.5,1.0,0.1783783783783042,0.9621621621617621,0.0,0.0,0.0,0.0,0.0,0.0,0.0,0.0,0.0,"SELECT * FROM customer, orders, lineitem WHERE orders.o_custkey = customer.c_custkey AND lineitem.l_orderkey = orders.o_orderkey AND c_mktsegment = 'FURNITURE' AND o_orderdate BETWEEN DATE '1993-03-05' AND DATE '1998-05-03';",943537,942023,q3-like
1.0,1.0,1.0,1.0,1.0,1.0,0.5,0.5,1.0,0.038253638253622345,0.5962577962575484,0.0,0.0,0.0,0.0,0.0,0.0,0.0,0.0,0.0,"SELECT * FROM customer, orders, lineitem WHERE orders.o_custkey = customer.c_custkey AND lineitem.l_orderkey = orders.o_orderkey AND c_mktsegment = 'FURNITURE' AND o_orderdate BETWEEN DATE '1992-04-02' AND DATE '1995-12-05';",669229,667947,q3-like
1.0,1.0,1.0,1.0,1.0,1.0,0.5,0.5,1.0,0.31351351351338314,0.7284823284820255,0.0,0.0,0.0,0.0,0.0,0.0,0.0,0.0,0.0,"SELECT * FROM customer, orders, lineitem WHERE orders.o_custkey = customer.c_custkey AND lineitem.l_orderkey = orders.o_orderkey AND c_mktsegment = 'FURNITURE' AND o_orderdate BETWEEN DATE '1994-01-24' AND DATE '1996-10-18';",501338,499468,q3-like
1.0,1.0,1.0,1.0,1.0,1.0,0.8333333333333334,0.8333333333333334,1.0,0.11559251559246753,0.984199584199175,0.0,0.0,0.0,0.0,0.0,0.0,0.0,0.0,0.0,"SELECT * FROM customer, orders, lineitem WHERE orders.o_custkey = customer.c_custkey AND lineitem.l_orderkey = orders.o_orderkey AND c_mktsegment = 'MACHINERY' AND o_orderdate BETWEEN DATE '1992-10-05' AND DATE '1998-06-25';",1055340,1038859,q3-like
1.0,1.0,1.0,1.0,1.0,1.0,0.8333333333333334,0.8333333333333334,1.0,0.04407484407482575,0.190020790020711,0.0,0.0,0.0,0.0,0.0,0.0,0.0,0.0,0.0,"SELECT * FROM customer, orders, lineitem WHERE orders.o_custkey = customer.c_custkey AND lineitem.l_orderkey = orders.o_orderkey AND c_mktsegment = 'MACHINERY' AND o_orderdate BETWEEN DATE '1992-04-16' AND DATE '1993-04-02';",179861,175240,q3-like
1.0,1.0,1.0,1.0,1.0,1.0,0.6666666666666666,0.6666666666666666,1.0,0.0016632016632009716,0.9255717255713407,0.0,0.0,0.0,0.0,0.0,0.0,0.0,0.0,0.0,"SELECT * FROM customer, orders, lineitem WHERE orders.o_custkey = customer.c_custkey AND lineitem.l_orderkey = orders.o_orderkey AND c_mktsegment = 'HOUSEHOLD' AND o_orderdate BETWEEN DATE '1992-01-05' AND DATE '1998-02-04';",1098680,1109929,q3-like
1.0,1.0,1.0,1.0,1.0,1.0,0.8333333333333334,0.8333333333333334,1.0,0.686486486486201,0.9401247401243492,0.0,0.0,0.0,0.0,0.0,0.0,0.0,0.0,0.0,"SELECT * FROM customer, orders, lineitem WHERE orders.o_custkey = customer.c_custkey AND lineitem.l_orderkey = orders.o_orderkey AND c_mktsegment = 'MACHINERY' AND o_orderdate BETWEEN DATE '1996-07-09' AND DATE '1998-03-11';",313904,302354,q3-like
1.0,1.0,1.0,1.0,1.0,1.0,0.3333333333333333,0.3333333333333333,1.0,0.06985446985444081,0.3638253638252125,0.0,0.0,0.0,0.0,0.0,0.0,0.0,0.0,0.0,"SELECT * FROM customer, orders, lineitem WHERE orders.o_custkey = customer.c_custkey AND lineitem.l_orderkey = orders.o_orderkey AND c_mktsegment = 'BUILDING' AND o_orderdate BETWEEN DATE '1992-06-17' AND DATE '1994-05-25';",348227,356952,q3-like
1.0,1.0,1.0,1.0,1.0,1.0,0.5,0.5,1.0,0.6228690228687639,0.6632016632013874,0.0,0.0,0.0,0.0,0.0,0.0,0.0,0.0,0.0,"SELECT * FROM customer, orders, lineitem WHERE orders.o_custkey = customer.c_custkey AND lineitem.l_orderkey = orders.o_orderkey AND c_mktsegment = 'FURNITURE' AND o_orderdate BETWEEN DATE '1996-02-07' AND DATE '1996-05-14';",49074,48736,q3-like
1.0,1.0,1.0,1.0,1.0,1.0,0.16666666666666666,0.16666666666666666,1.0,0.3002079002077754,0.7197505197502205,0.0,0.0,0.0,0.0,0.0,0.0,0.0,0.0,0.0,"SELECT * FROM customer, orders, lineitem WHERE orders.o_custkey = customer.c_custkey AND lineitem.l_orderkey = orders.o_orderkey AND c_mktsegment = 'AUTOMOBILE' AND o_orderdate BETWEEN DATE '1993-12-23' AND DATE '1996-09-27';",502927,500134,q3-like
1.0,1.0,1.0,1.0,1.0,1.0,0.5,0.5,1.0,0.32598752598739045,0.6665280665277894,0.0,0.0,0.0,0.0,0.0,0.0,0.0,0.0,0.0,"SELECT * FROM customer, orders, lineitem WHERE orders.o_custkey = customer.c_custkey AND lineitem.l_orderkey = orders.o_orderkey AND c_mktsegment = 'FURNITURE' AND o_orderdate BETWEEN DATE '1994-02-23' AND DATE '1996-05-22';",408615,408673,q3-like
1.0,1.0,1.0,1.0,1.0,1.0,0.5,0.5,1.0,0.19168399168391198,0.5542619542617238,0.0,0.0,0.0,0.0,0.0,0.0,0.0,0.0,0.0,"SELECT * FROM customer, orders, lineitem WHERE orders.o_custkey = customer.c_custkey AND lineitem.l_orderkey = orders.o_orderkey AND c_mktsegment = 'FURNITURE' AND o_orderdate BETWEEN DATE '1993-04-06' AND DATE '1995-08-26';",432640,434526,q3-like
1.0,1.0,1.0,1.0,1.0,1.0,0.6666666666666666,0.6666666666666666,1.0,0.6769230769227954,0.9027027027023273,0.0,0.0,0.0,0.0,0.0,0.0,0.0,0.0,0.0,"SELECT * FROM customer, orders, lineitem WHERE orders.o_custkey = customer.c_custkey AND lineitem.l_orderkey = orders.o_orderkey AND c_mktsegment = 'HOUSEHOLD' AND o_orderdate BETWEEN DATE '1996-06-16' AND DATE '1997-12-11';",272112,272875,q3-like
1.0,1.0,1.0,1.0,1.0,1.0,0.8333333333333334,0.8333333333333334,1.0,0.4058212058210371,0.5688149688147323,0.0,0.0,0.0,0.0,0.0,0.0,0.0,0.0,0.0,"SELECT * FROM customer, orders, lineitem WHERE orders.o_custkey = customer.c_custkey AND lineitem.l_orderkey = orders.o_orderkey AND c_mktsegment = 'MACHINERY' AND o_orderdate BETWEEN DATE '1994-09-03' AND DATE '1995-09-30';",195420,196543,q3-like
1.0,1.0,1.0,1.0,1.0,1.0,0.16666666666666666,0.16666666666666666,1.0,0.20997920997912267,0.3035343035341773,0.0,0.0,0.0,0.0,0.0,0.0,0.0,0.0,0.0,"SELECT * FROM customer, orders, lineitem WHERE orders.o_custkey = customer.c_custkey AND lineitem.l_orderkey = orders.o_orderkey AND c_mktsegment = 'AUTOMOBILE' AND o_orderdate BETWEEN DATE '1993-05-20' AND DATE '1993-12-31';",109182,112766,q3-like
1.0,1.0,1.0,1.0,1.0,1.0,0.8333333333333334,0.8333333333333334,1.0,0.32224532224518826,0.6066528066525544,0.0,0.0,0.0,0.0,0.0,0.0,0.0,0.0,0.0,"SELECT * FROM customer, orders, lineitem WHERE orders.o_custkey = customer.c_custkey AND lineitem.l_orderkey = orders.o_orderkey AND c_mktsegment = 'MACHINERY' AND o_orderdate BETWEEN DATE '1994-02-14' AND DATE '1995-12-30';",343866,340807,q3-like
1.0,1.0,1.0,1.0,1.0,1.0,0.6666666666666666,0.6666666666666666,1.0,0.2133056133055246,0.4419958419956582,0.0,0.0,0.0,0.0,0.0,0.0,0.0,0.0,0.0,"SELECT * FROM customer, orders, lineitem WHERE orders.o_custkey = customer.c_custkey AND lineitem.l_orderkey = orders.o_orderkey AND c_mktsegment = 'HOUSEHOLD' AND o_orderdate BETWEEN DATE '1993-05-28' AND DATE '1994-11-29';",267387,275429,q3-like
1.0,1.0,1.0,1.0,1.0,1.0,0.6666666666666666,0.6666666666666666,1.0,0.7933471933468634,0.9596673596669606,0.0,0.0,0.0,0.0,0.0,0.0,0.0,0.0,0.0,"SELECT * FROM customer, orders, lineitem WHERE orders.o_custkey = customer.c_custkey AND lineitem.l_orderkey = orders.o_orderkey AND c_mktsegment = 'HOUSEHOLD' AND o_orderdate BETWEEN DATE '1997-03-23' AND DATE '1998-04-27';",199297,200593,q3-like
1.0,1.0,1.0,1.0,1.0,1.0,0.3333333333333333,0.3333333333333333,1.0,0.2835758835757657,0.6586278586275848,0.0,0.0,0.0,0.0,0.0,0.0,0.0,0.0,0.0,"SELECT * FROM customer, orders, lineitem WHERE orders.o_custkey = customer.c_custkey AND lineitem.l_orderkey = orders.o_orderkey AND c_mktsegment = 'BUILDING' AND o_orderdate BETWEEN DATE '1993-11-13' AND DATE '1996-05-03';",442542,454508,q3-like
1.0,1.0,1.0,1.0,1.0,1.0,0.8333333333333334,0.8333333333333334,1.0,0.33513513513499577,0.8182952182948781,0.0,0.0,0.0,0.0,0.0,0.0,0.0,0.0,0.0,"SELECT * FROM customer, orders, lineitem WHERE orders.o_custkey = customer.c_custkey AND lineitem.l_orderkey = orders.o_orderkey AND c_mktsegment = 'MACHINERY' AND o_orderdate BETWEEN DATE '1994-03-17' AND DATE '1997-05-22';",587408,578286,q3-like
1.0,1.0,1.0,1.0,1.0,1.0,0.3333333333333333,0.3333333333333333,1.0,0.22453222453213117,0.672765072764793,0.0,0.0,0.0,0.0,0.0,0.0,0.0,0.0,0.0,"SELECT * FROM customer, orders, lineitem WHERE orders.o_custkey = customer.c_custkey AND lineitem.l_orderkey = orders.o_orderkey AND c_mktsegment = 'BUILDING' AND o_orderdate BETWEEN DATE '1993-06-24' AND DATE '1996-06-06';",527288,544226,q3-like
1.0,1.0,1.0,1.0,1.0,1.0,0.3333333333333333,0.3333333333333333,1.0,0.04615384615382696,0.147193347193286,0.0,0.0,0.0,0.0,0.0,0.0,0.0,0.0,0.0,"SELECT * FROM customer, orders, lineitem WHERE orders.o_custkey = customer.c_custkey AND lineitem.l_orderkey = orders.o_orderkey AND c_mktsegment = 'BUILDING' AND o_orderdate BETWEEN DATE '1992-04-21' AND DATE '1992-12-20';",122293,122593,q3-like
1.0,1.0,1.0,1.0,1.0,1.0,0.6666666666666666,0.6666666666666666,1.0,0.6112266112263571,0.7683991683988489,0.0,0.0,0.0,0.0,0.0,0.0,0.0,0.0,0.0,"SELECT * FROM customer, orders, lineitem WHERE orders.o_custkey = customer.c_custkey AND lineitem.l_orderkey = orders.o_orderkey AND c_mktsegment = 'HOUSEHOLD' AND o_orderdate BETWEEN DATE '1996-01-10' AND DATE '1997-01-22';",190251,189636,q3-like
1.0,1.0,1.0,1.0,1.0,1.0,0.6666666666666666,0.6666666666666666,1.0,0.41413721413704196,0.6295218295215678,0.0,0.0,0.0,0.0,0.0,0.0,0.0,0.0,0.0,"SELECT * FROM customer, orders, lineitem WHERE orders.o_custkey = customer.c_custkey AND lineitem.l_orderkey = orders.o_orderkey AND c_mktsegment = 'HOUSEHOLD' AND o_orderdate BETWEEN DATE '1994-09-23' AND DATE '1996-02-23';",253748,260679,q3-like
1.0,1.0,1.0,1.0,1.0,1.0,0.3333333333333333,0.3333333333333333,1.0,0.3837837837836242,0.7180873180870195,0.0,0.0,0.0,0.0,0.0,0.0,0.0,0.0,0.0,"SELECT * FROM customer, orders, lineitem WHERE orders.o_custkey = customer.c_custkey AND lineitem.l_orderkey = orders.o_orderkey AND c_mktsegment = 'BUILDING' AND o_orderdate BETWEEN DATE '1994-07-12' AND DATE '1996-09-23';",395213,406407,q3-like
1.0,1.0,1.0,1.0,1.0,1.0,0.6666666666666666,0.6666666666666666,1.0,0.24365904365894234,0.655717255716983,0.0,0.0,0.0,0.0,0.0,0.0,0.0,0.0,0.0,"SELECT * FROM customer, orders, lineitem WHERE orders.o_custkey = customer.c_custkey AND lineitem.l_orderkey = orders.o_orderkey AND c_mktsegment = 'HOUSEHOLD' AND o_orderdate BETWEEN DATE '1993-08-09' AND DATE '1996-04-26';",485827,497462,q3-like
1.0,1.0,1.0,1.0,1.0,1.0,0.16666666666666666,0.16666666666666666,1.0,0.8602910602907026,0.8923076923073213,0.0,0.0,0.0,0.0,0.0,0.0,0.0,0.0,0.0,"SELECT * FROM customer, orders, lineitem WHERE orders.o_custkey = customer.c_custkey AND lineitem.l_orderkey = orders.o_orderkey AND c_mktsegment = 'AUTOMOBILE' AND o_orderdate BETWEEN DATE '1997-08-31' AND DATE '1997-11-16';",38580,37707,q3-like
1.0,1.0,1.0,1.0,1.0,1.0,0.16666666666666666,0.16666666666666666,1.0,0.21871101871092777,0.7783783783780547,0.0,0.0,0.0,0.0,0.0,0.0,0.0,0.0,0.0,"SELECT * FROM customer, orders, lineitem WHERE orders.o_custkey = customer.c_custkey AND lineitem.l_orderkey = orders.o_orderkey AND c_mktsegment = 'AUTOMOBILE' AND o_orderdate BETWEEN DATE '1993-06-10' AND DATE '1997-02-15';",670389,667999,q3-like
1.0,1.0,1.0,1.0,1.0,1.0,0.8333333333333334,0.8333333333333334,1.0,0.46444906444887135,0.5571725571723255,0.0,0.0,0.0,0.0,0.0,0.0,0.0,0.0,0.0,"SELECT * FROM customer, orders, lineitem WHERE orders.o_custkey = customer.c_custkey AND lineitem.l_orderkey = orders.o_orderkey AND c_mktsegment = 'MACHINERY' AND o_orderdate BETWEEN DATE '1995-01-22' AND DATE '1995-09-02';",111771,111539,q3-like
1.0,1.0,1.0,1.0,1.0,1.0,0.16666666666666666,0.16666666666666666,1.0,0.4561330561328665,0.8012474012470681,0.0,0.0,0.0,0.0,0.0,0.0,0.0,0.0,0.0,"SELECT * FROM customer, orders, lineitem WHERE orders.o_custkey = customer.c_custkey AND lineitem.l_orderkey = orders.o_orderkey AND c_mktsegment = 'AUTOMOBILE' AND o_orderdate BETWEEN DATE '1995-01-02' AND DATE '1997-04-11';",414677,411522,q3-like
1.0,1.0,1.0,1.0,1.0,1.0,0.8333333333333334,0.8333333333333334,1.0,0.5954261954259479,0.987525987525577,0.0,0.0,0.0,0.0,0.0,0.0,0.0,0.0,0.0,"SELECT * FROM customer, orders, lineitem WHERE orders.o_custkey = customer.c_custkey AND lineitem.l_orderkey = orders.o_orderkey AND c_mktsegment = 'MACHINERY' AND o_orderdate BETWEEN DATE '1995-12-03' AND DATE '1998-07-03';",480958,468768,q3-like
1.0,1.0,1.0,1.0,1.0,1.0,0.6666666666666666,0.6666666666666666,1.0,0.6124740124737578,0.71891891891862,0.0,0.0,0.0,0.0,0.0,0.0,0.0,0.0,0.0,"SELECT * FROM customer, orders, lineitem WHERE orders.o_custkey = customer.c_custkey AND lineitem.l_orderkey = orders.o_orderkey AND c_mktsegment = 'HOUSEHOLD' AND o_orderdate BETWEEN DATE '1996-01-13' AND DATE '1996-09-25';",128494,128273,q3-like
1.0,1.0,1.0,1.0,1.0,1.0,0.8333333333333334,0.8333333333333334,1.0,0.4266112266110492,0.9064449064445296,0.0,0.0,0.0,0.0,0.0,0.0,0.0,0.0,0.0,"SELECT * FROM customer, orders, lineitem WHERE orders.o_custkey = customer.c_custkey AND lineitem.l_orderkey = orders.o_orderkey AND c_mktsegment = 'MACHINERY' AND o_orderdate BETWEEN DATE '1994-10-23' AND DATE '1997-12-20';",586300,574273,q3-like
1.0,1.0,1.0,1.0,1.0,1.0,0.6666666666666666,0.6666666666666666,1.0,0.7434511434508343,0.896881496881124,0.0,0.0,0.0,0.0,0.0,0.0,0.0,0.0,0.0,"SELECT * FROM customer, orders, lineitem WHERE orders.o_custkey = customer.c_custkey AND lineitem.l_orderkey = orders.o_orderkey AND c_mktsegment = 'HOUSEHOLD' AND o_orderdate BETWEEN DATE '1996-11-23' AND DATE '1997-11-27';",182809,185008,q3-like
1.0,1.0,1.0,1.0,1.0,1.0,0.6666666666666666,0.6666666666666666,1.0,0.44989604989586285,0.7517671517668392,0.0,0.0,0.0,0.0,0.0,0.0,0.0,0.0,0.0,"SELECT * FROM customer, orders, lineitem WHERE orders.o_custkey = customer.c_custkey AND lineitem.l_orderkey = orders.o_orderkey AND c_mktsegment = 'HOUSEHOLD' AND o_orderdate BETWEEN DATE '1994-12-18' AND DATE '1996-12-13';",361094,364905,q3-like
1.0,1.0,1.0,1.0,1.0,1.0,0.5,0.5,1.0,0.5209979209977044,0.7654885654882472,0.0,0.0,0.0,0.0,0.0,0.0,0.0,0.0,0.0,"SELECT * FROM customer, orders, lineitem WHERE orders.o_custkey = customer.c_custkey AND lineitem.l_orderkey = orders.o_orderkey AND c_mktsegment = 'FURNITURE' AND o_orderdate BETWEEN DATE '1995-06-07' AND DATE '1997-01-15';",298345,294980,q3-like
1.0,1.0,1.0,1.0,1.0,1.0,0.3333333333333333,0.3333333333333333,1.0,0.07733887733884519,0.2744282744281603,0.0,0.0,0.0,0.0,0.0,0.0,0.0,0.0,0.0,"SELECT * FROM customer, orders, lineitem WHERE orders.o_custkey = customer.c_custkey AND lineitem.l_orderkey = orders.o_orderkey AND c_mktsegment = 'BUILDING' AND o_orderdate BETWEEN DATE '1992-07-05' AND DATE '1993-10-22';",231695,239709,q3-like
1.0,1.0,1.0,1.0,1.0,1.0,0.5,0.5,1.0,0.23409563409553677,0.335550935550796,0.0,0.0,0.0,0.0,0.0,0.0,0.0,0.0,0.0,"SELECT * FROM customer, orders, lineitem WHERE orders.o_custkey = customer.c_custkey AND lineitem.l_orderkey = orders.o_orderkey AND c_mktsegment = 'FURNITURE' AND o_orderdate BETWEEN DATE '1993-07-17' AND DATE '1994-03-18';",121037,122292,q3-like
1.0,1.0,1.0,1.0,1.0,1.0,0.8333333333333334,0.8333333333333334,1.0,0.08024948024944688,0.15051975051968794,0.0,0.0,0.0,0.0,0.0,0.0,0.0,0.0,0.0,"SELECT * FROM customer, orders, lineitem WHERE orders.o_custkey = customer.c_custkey AND lineitem.l_orderkey = orders.o_orderkey AND c_mktsegment = 'MACHINERY' AND o_orderdate BETWEEN DATE '1992-07-12' AND DATE '1992-12-28';",87546,84760,q3-like
1.0,1.0,1.0,1.0,1.0,1.0,0.6666666666666666,0.6666666666666666,1.0,0.6935550935548052,0.7060291060288124,0.0,0.0,0.0,0.0,0.0,0.0,0.0,0.0,0.0,"SELECT * FROM customer, orders, lineitem WHERE orders.o_custkey = customer.c_custkey AND lineitem.l_orderkey = orders.o_orderkey AND c_mktsegment = 'HOUSEHOLD' AND o_orderdate BETWEEN DATE '1996-07-26' AND DATE '1996-08-25';",16427,15405,q3-like
1.0,1.0,1.0,1.0,1.0,1.0,0.16666666666666666,0.16666666666666666,1.0,0.33056133056119313,0.41455301455284216,0.0,0.0,0.0,0.0,0.0,0.0,0.0,0.0,0.0,"SELECT * FROM customer, orders, lineitem WHERE orders.o_custkey = customer.c_custkey AND lineitem.l_orderkey = orders.o_orderkey AND c_mktsegment = 'AUTOMOBILE' AND o_orderdate BETWEEN DATE '1994-03-06' AND DATE '1994-09-24';",101153,100403,q3-like
1.0,1.0,1.0,1.0,1.0,1.0,0.6666666666666666,0.6666666666666666,1.0,0.20665280665272073,0.41538461538444266,0.0,0.0,0.0,0.0,0.0,0.0,0.0,0.0,0.0,"SELECT * FROM customer, orders, lineitem WHERE orders.o_custkey = customer.c_custkey AND lineitem.l_orderkey = orders.o_orderkey AND c_mktsegment = 'HOUSEHOLD' AND o_orderdate BETWEEN DATE '1993-05-12' AND DATE '1994-09-26';",244622,251503,q3-like
1.0,1.0,1.0,1.0,1.0,1.0,0.6666666666666666,0.6666666666666666,1.0,0.38918918918902734,0.7696465696462497,0.0,0.0,0.0,0.0,0.0,0.0,0.0,0.0,0.0,"SELECT * FROM customer, orders, lineitem WHERE orders.o_custkey = customer.c_custkey AND lineitem.l_orderkey = orders.o_orderkey AND c_mktsegment = 'HOUSEHOLD' AND o_orderdate BETWEEN DATE '1994-07-25' AND DATE '1997-01-25';",452356,459040,q3-like
1.0,1.0,1.0,1.0,1.0,1.0,0.16666666666666666,0.16666666666666666,1.0,0.7654885654882472,0.8565488565485004,0.0,0.0,0.0,0.0,0.0,0.0,0.0,0.0,0.0,"SELECT * FROM customer, orders, lineitem WHERE orders.o_custkey = customer.c_custkey AND lineitem.l_orderkey = orders.o_orderkey AND c_mktsegment = 'AUTOMOBILE' AND o_orderdate BETWEEN DATE '1997-01-15' AND DATE '1997-08-22';",110639,109806,q3-like
1.0,1.0,1.0,1.0,1.0,1.0,0.6666666666666666,0.6666666666666666,1.0,0.4769230769228786,0.9426195426191507,0.0,0.0,0.0,0.0,0.0,0.0,0.0,0.0,0.0,"SELECT * FROM customer, orders, lineitem WHERE orders.o_custkey = customer.c_custkey AND lineitem.l_orderkey = orders.o_orderkey AND c_mktsegment = 'HOUSEHOLD' AND o_orderdate BETWEEN DATE '1995-02-21' AND DATE '1998-03-17';",555590,561953,q3-like
1.0,1.0,1.0,1.0,1.0,1.0,0.5,0.5,1.0,0.7534303534300402,0.8532224532220984,0.0,0.0,0.0,0.0,0.0,0.0,0.0,0.0,0.0,"SELECT * FROM customer, orders, lineitem WHERE orders.o_custkey = customer.c_custkey AND lineitem.l_orderkey = orders.o_orderkey AND c_mktsegment = 'FURNITURE' AND o_orderdate BETWEEN DATE '1996-12-17' AND DATE '1997-08-14';",121593,119660,q3-like
1.0,1.0,1.0,1.0,1.0,1.0,0.6666666666666666,0.6666666666666666,1.0,0.5380457380455144,0.734303534303229,0.0,0.0,0.0,0.0,0.0,0.0,0.0,0.0,0.0,"SELECT * FROM customer, orders, lineitem WHERE orders.o_custkey = customer.c_custkey AND lineitem.l_orderkey = orders.o_orderkey AND c_mktsegment = 'HOUSEHOLD' AND o_orderdate BETWEEN DATE '1995-07-18' AND DATE '1996-11-01';",236024,236388,q3-like
1.0,1.0,1.0,1.0,1.0,1.0,0.8333333333333334,0.8333333333333334,1.0,0.4881496881494852,0.8977130977127245,0.0,0.0,0.0,0.0,0.0,0.0,0.0,0.0,0.0,"SELECT * FROM customer, orders, lineitem WHERE orders.o_custkey = customer.c_custkey AND lineitem.l_orderkey = orders.o_orderkey AND c_mktsegment = 'MACHINERY' AND o_orderdate BETWEEN DATE '1995-03-20' AND DATE '1997-11-29';",500766,489545,q3-like
1.0,1.0,1.0,1.0,1.0,1.0,0.5,0.5,1.0,0.02869022869021676,0.4357588357586546,0.0,0.0,0.0,0.0,0.0,0.0,0.0,0.0,0.0,"SELECT * FROM customer, orders, lineitem WHERE orders.o_custkey = customer.c_custkey AND lineitem.l_orderkey = orders.o_orderkey AND c_mktsegment = 'FURNITURE' AND o_orderdate BETWEEN DATE '1992-03-10' AND DATE '1994-11-14';",488936,486575,q3-like
1.0,1.0,1.0,1.0,1.0,1.0,0.5,0.5,1.0,0.6686070686067906,0.7979209979206662,0.0,0.0,0.0,0.0,0.0,0.0,0.0,0.0,0.0,"SELECT * FROM customer, orders, lineitem WHERE orders.o_custkey = customer.c_custkey AND lineitem.l_orderkey = orders.o_orderkey AND c_mktsegment = 'FURNITURE' AND o_orderdate BETWEEN DATE '1996-05-27' AND DATE '1997-04-03';",158524,156816,q3-like
1.0,1.0,1.0,1.0,1.0,1.0,0.3333333333333333,0.3333333333333333,1.0,0.8403326403322909,0.9193347193343371,0.0,0.0,0.0,0.0,0.0,0.0,0.0,0.0,0.0,"SELECT * FROM customer, orders, lineitem WHERE orders.o_custkey = customer.c_custkey AND lineitem.l_orderkey = orders.o_orderkey AND c_mktsegment = 'BUILDING' AND o_orderdate BETWEEN DATE '1997-07-14' AND DATE '1998-01-20';",94559,96246,q3-like
0.0,0.0,1.0,0.0,0.0,0.0,0.0,0.0,0.0,0.0,0.0,0.0,0.0,0.0,1.0,0.5918927756158315,0.9069288625682596,1.0,0.5341236241912681,0.9807219677117035,SELECT * FROM lineitem WHERE l_discount BETWEEN 0.05 AND 0.10 AND l_quantity BETWEEN 30.00 AND 45.44;,1036023,1048495,q6-like
0.0,0.0,1.0,0.0,0.0,0.0,0.0,0.0,0.0,0.0,0.0,0.0,0.0,0.0,1.0,0.4286127696523476,0.8668513555774392,1.0,0.08394746132252562,0.6629997502061638,SELECT * FROM lineitem WHERE l_discount BETWEEN 0.01 AND 0.07 AND l_quantity BETWEEN 22.00 AND 43.48;,1695686,1683443,q6-like
0.0,0.0,1.0,0.0,0.0,0.0,0.0,0.0,0.0,0.0,0.0,0.0,0.0,0.0,1.0,0.3273526669350536,0.45469932500720256,1.0,0.1817290246961419,0.2601563113177416,SELECT * FROM lineitem WHERE l_discount BETWEEN 0.02 AND 0.03 AND l_quantity BETWEEN 17.04 AND 23.28;,129133,131377,q6-like
0.0,0.0,1.0,0.0,0.0,0.0,0.0,0.0,0.0,0.0,0.0,0.0,0.0,0.0,1.0,0.2782566156331273,0.9512041198411495,1.0,0.3375005446988652,0.8796399772054957,SELECT * FROM lineitem WHERE l_discount BETWEEN 0.03 AND 0.09 AND l_quantity BETWEEN 14.63 AND 47.61;,2535290,2521701,q6-like
0.0,0.0,1.0,0.0,0.0,0.0,0.0,0.0,0.0,0.0,0.0,0.0,0.0,0.0,1.0,0.4703068362034489,0.7490242610675645,1.0,0.4215648225430906,0.8349109065630121,SELECT * FROM lineitem WHERE l_discount BETWEEN 0.04 AND 0.08 AND l_quantity BETWEEN 24.05 AND 37.70;,707202,709810,q6-like
0.0,0.0,1.0,0.0,0.0,0.0,0.0,0.0,0.0,0.0,0.0,0.0,0.0,0.0,1.0,0.06861837045136905,0.22422216571517223,1.0,0.0520856077223994,0.9519196828627242,SELECT * FROM lineitem WHERE l_discount BETWEEN 0.01 AND 0.10 AND l_quantity BETWEEN 4.36 AND 11.99;,752051,763137,q6-like
0.0,0.0,1.0,0.0,0.0,0.0,0.0,0.0,0.0,0.0,0.0,0.0,0.0,0.0,1.0,0.031029998880078853,0.2472833037278304,1.0,0.0402581371381852,0.9572855932035124,SELECT * FROM lineitem WHERE l_discount BETWEEN 0.00 AND 0.10 AND l_quantity BETWEEN 2.52 AND 13.12;,1303066,1318301,q6-like
0.0,0.0,1.0,0.0,0.0,0.0,0.0,0.0,0.0,0.0,0.0,0.0,0.0,0.0,1.0,0.2385449418840376,0.47356106093646355,1.0,0.6213356503728014,0.8392288378923097,SELECT * FROM lineitem WHERE l_discount BETWEEN 0.06 AND 0.08 AND l_quantity BETWEEN 12.69 AND 24.20;,399278,392466,q6-like
0.0,0.0,1.0,0.0,0.0,0.0,0.0,0.0,0.0,0.0,0.0,0.0,0.0,0.0,1.0,0.25624369655695717,0.46503398342573027,1.0,0.11438944496541212,0.9477570127390818,SELECT * FROM lineitem WHERE l_discount BETWEEN 0.01 AND 0.09 AND l_quantity BETWEEN 13.56 AND 23.79;,986388,982151,q6-like
0.0,0.0,1.0,0.0,0.0,0.0,0.0,0.0,0.0,0.0,0.0,0.0,0.0,0.0,1.0,0.718357228581348,0.9637347440815408,1.0,0.3688951706339897,0.6058926865013845,SELECT * FROM lineitem WHERE l_discount BETWEEN 0.04 AND 0.06 AND l_quantity BETWEEN 36.20 AND 48.22;,393387,393532,q6-like
0.0,0.0,1.0,0.0,0.0,0.0,0.0,0.0,0.0,0.0,0.0,0.0,0.0,0.0,1.0,0.31103891959225216,0.5786847324974337,1.0,0.16376580852954106,0.7777918783975138,SELECT * FROM lineitem WHERE l_discount BETWEEN 0.02 AND 0.08 AND l_quantity BETWEEN 16.24 AND 29.36;,1004424,993534,q6-like
0.0,0.0,1.0,0.0,0.0,0.0,0.0,0.0,0.0,0.0,0.0,0.0,0.0,0.0,1.0,0.3753069594176592,0.9080261510289135,1.0,0.5757967226544469,0.92888715911825,SELECT * FROM lineitem WHERE l_discount BETWEEN 0.06 AND 0.09 AND l_quantity BETWEEN 19.39 AND 45.49;,1146700,1134724,q6-like
0.0,0.0,1.0,0.0,0.0,0.0,0.0,0.0,0.0,0.0,0.0,0.0,0.0,0.0,1.0,0.5920978612377685,0.830571633763368,1.0,0.19832977510841754,0.9414705891266038,SELECT * FROM lineitem WHERE l_discount BETWEEN 0.02 AND 0.09 AND l_quantity BETWEEN 30.01 AND 41.70;,947214,961937,q6-like
0.0,0.0,1.0,0.0,0.0,0.0,0.0,0.0,0.0,0.0,0.0,0.0,0.0,0.0,1.0,0.30158268548151224,0.6842590391526918,1.0,0.24284937810863835,0.6971929955238422,SELECT * FROM lineitem WHERE l_discount BETWEEN 0.02 AND 0.07 AND l_quantity BETWEEN 15.78 AND 34.53;,1246343,1245320,q6-like
0.0,0.0,1.0,0.0,0.0,0.0,0.0,0.0,0.0,0.0,0.0,0.0,0.0,0.0,1.0,0.04106913020529797,0.5659325553557664,1.0,0.7962272086379399,0.805527955590887,SELECT * FROM lineitem WHERE l_discount BETWEEN 0.08 AND 0.08 AND l_quantity BETWEEN 3.01 AND 28.73;,279632,272880,q6-like
0.0,0.0,1.0,0.0,0.0,0.0,0.0,0.0,0.0,0.0,0.0,0.0,0.0,0.0,1.0,0.06895673651823322,0.64754325404359,1.0,0.5327452399830478,0.6615213340721425,SELECT * FROM lineitem WHERE l_discount BETWEEN 0.05 AND 0.07 AND l_quantity BETWEEN 4.38 AND 32.73;,908511,916261,q6-like
0.0,0.0,1.0,0.0,0.0,0.0,0.0,0.0,0.0,0.0,0.0,0.0,0.0,0.0,1.0,0.43352340131700107,0.4902017049804042,1.0,0.012652150039331582,0.42005873664124027,SELECT * FROM lineitem WHERE l_discount BETWEEN 0.00 AND 0.04 AND l_quantity BETWEEN 22.24 AND 25.02;,168077,164718,q6-like
0.0,0.0,1.0,0.0,0.0,0.0,0.0,0.0,0.0,0.0,0.0,0.0,0.0,0.0,1.0,0.15299114909073763,0.45973934759236385,1.0,0.3621880348731916,0.8915750058893531,SELECT * FROM lineitem WHERE l_discount BETWEEN 0.04 AND 0.09 AND l_quantity BETWEEN 8.50 AND 23.53;,974808,981969,q6-like
0.0,0.0,1.0,0.0,0.0,0.0,0.0,0.0,0.0,0.0,0.0,0.0,0.0,0.0,1.0,0.6159123540409814,0.6504574140034669,1.0,0.17613695932468978,0.5217467417210124,SELECT * FROM lineitem WHERE l_discount BETWEEN 0.02 AND 0.05 AND l_quantity BETWEEN 31.18 AND 32.87;,41486,44182,q6-like
0.0,0.0,1.0,0.0,0.0,0.0,0.0,0.0,0.0,0.0,0.0,0.0,0.0,0.0,1.0,0.46487377162502064,0.825734598403904,1.0,0.7746414426251602,0.9196176477065905,SELECT * FROM lineitem WHERE l_discount BETWEEN 0.08 AND 0.09 AND l_quantity BETWEEN 23.78 AND 41.46;,399002,392379,q6-like
0.0,0.0,1.0,0.0,0.0,0.0,0.0,0.0,0.0,0.0,0.0,0.0,0.0,0.0,1.0,0.24549516908868074,0.9346218785949264,1.0,0.3223045797580724,0.5924746131389556,SELECT * FROM lineitem WHERE l_discount BETWEEN 0.03 AND 0.06 AND l_quantity BETWEEN 13.03 AND 46.80;,1449236,1441127,q6-like
0.0,0.0,1.0,0.0,0.0,0.0,0.0,0.0,0.0,0.0,0.0,0.0,0.0,0.0,1.0,0.5698496446666926,0.7504762818116905,1.0,0.2789282464031877,0.4508019956857505,SELECT * FROM lineitem WHERE l_discount BETWEEN 0.03 AND 0.05 AND l_quantity BETWEEN 28.92 AND 37.77;,291611,295041,q6-like
0.0,0.0,1.0,0.0,0.0,0.0,0.0,0.0,0.0,0.0,0.0,0.0,0.0,0.0,1.0,0.32501416788212656,0.4943065036058341,1.0,0.3363966165274091,0.668188463763609,SELECT * FROM lineitem WHERE l_discount BETWEEN 0.03 AND 0.07 AND l_quantity BETWEEN 16.93 AND 25.22;,491642,491067,q6-like
0.0,0.0,1.0,0.0,0.0,0.0,0.0,0.0,0.0,0.0,0.0,0.0,0.0,0.0,1.0,0.2583524088534056,0.2796584880318787,1.0,0.35482496262784563,0.4875499275158451,SELECT * FROM lineitem WHERE l_discount BETWEEN 0.04 AND 0.05 AND l_quantity BETWEEN 13.66 AND 14.70;,22608,21767,q6-like
0.0,0.0,1.0,0.0,0.0,0.0,0.0,0.0,0.0,0.0,0.0,0.0,0.0,0.0,1.0,0.5166272517043908,0.5557910279082412,1.0,0.5961550019758793,0.8801073364541568,SELECT * FROM lineitem WHERE l_discount BETWEEN 0.06 AND 0.09 AND l_quantity BETWEEN 26.31 AND 28.23;,91472,87268,q6-like
0.0,0.0,1.0,0.0,0.0,0.0,0.0,0.0,0.0,0.0,0.0,0.0,0.0,0.0,1.0,0.40642812466222483,0.5551762115705307,1.0,0.19105642161653463,0.24135604795911947,SELECT * FROM lineitem WHERE l_discount BETWEEN 0.02 AND 0.02 AND l_quantity BETWEEN 20.91 AND 28.20;,87619,87642,q6-like
0.0,0.0,1.0,0.0,0.0,0.0,0.0,0.0,0.0,0.0,0.0,0.0,0.0,0.0,1.0,0.4481745495774244,0.7118424064581953,1.0,0.2403239337209762,0.4760931060232337,SELECT * FROM lineitem WHERE l_discount BETWEEN 0.02 AND 0.05 AND l_quantity BETWEEN 22.96 AND 35.88;,570849,568194,q6-like
0.0,0.0,1.0,0.0,0.0,0.0,0.0,0.0,0.0,0.0,0.0,0.0,0.0,0.0,1.0,0.24330516387179177,0.40440112866967504,1.0,0.017243259175940082,0.29423557837814157,SELECT * FROM lineitem WHERE l_discount BETWEEN 0.00 AND 0.03 AND l_quantity BETWEEN 12.92 AND 20.82;,352484,349138,q6-like
0.0,0.0,1.0,0.0,0.0,0.0,0.0,0.0,0.0,0.0,0.0,0.0,0.0,0.0,1.0,0.34375739413918716,0.5534729549989542,1.0,0.36902044697083247,0.6639600149572158,SELECT * FROM lineitem WHERE l_discount BETWEEN 0.04 AND 0.07 AND l_quantity BETWEEN 17.84 AND 28.12;,477630,479533,q6-like
0.0,0.0,1.0,0.0,0.0,0.0,0.0,0.0,0.0,0.0,0.0,0.0,0.0,0.0,1.0,0.35181052760698855,0.4537452628439184,1.0,0.5503884672527939,0.9966314539930176,SELECT * FROM lineitem WHERE l_discount BETWEEN 0.06 AND 0.10 AND l_quantity BETWEEN 18.24 AND 23.23;,266417,272410,q6-like
0.0,0.0,1.0,0.0,0.0,0.0,0.0,0.0,0.0,0.0,0.0,0.0,0.0,0.0,1.0,0.31554794399954683,0.7212843313113496,1.0,0.23053803899312736,0.30662298828260054,SELECT * FROM lineitem WHERE l_discount BETWEEN 0.02 AND 0.03 AND l_quantity BETWEEN 16.46 AND 36.34;,439337,437791,q6-like
0.0,0.0,1.0,0.0,0.0,0.0,0.0,0.0,0.0,0.0,0.0,0.0,0.0,0.0,1.0,0.19154097300663575,0.6901635541264667,1.0,0.7428810562102934,0.9508775508846593,SELECT * FROM lineitem WHERE l_discount BETWEEN 0.07 AND 0.10 AND l_quantity BETWEEN 10.39 AND 34.82;,1046293,1046517,q6-like
0.0,0.0,1.0,0.0,0.0,0.0,0.0,0.0,0.0,0.0,0.0,0.0,0.0,0.0,1.0,0.5895869059487585,0.7602078953575683,1.0,0.276499624203693,0.7386046461229041,SELECT * FROM lineitem WHERE l_discount BETWEEN 0.03 AND 0.07 AND l_quantity BETWEEN 29.89 AND 38.25;,482079,492049,q6-like
0.0,0.0,1.0,0.0,0.0,0.0,0.0,0.0,0.0,0.0,0.0,0.0,0.0,0.0,1.0,0.29624646325909865,0.8326283633100756,1.0,0.5967907345443945,0.9805106206574069,SELECT * FROM lineitem WHERE l_discount BETWEEN 0.06 AND 0.10 AND l_quantity BETWEEN 15.52 AND 41.80;,1414045,1418385,q6-like
0.0,0.0,1.0,0.0,0.0,0.0,0.0,0.0,0.0,0.0,0.0,0.0,0.0,0.0,1.0,0.1265829598453983,0.708018485696582,1.0,0.30226758575775975,0.3608810655405758,SELECT * FROM lineitem WHERE l_discount BETWEEN 0.03 AND 0.04 AND l_quantity BETWEEN 7.20 AND 35.69;,622143,611585,q6-like
0.0,0.0,1.0,0.0,0.0,0.0,0.0,0.0,0.0,0.0,0.0,0.0,0.0,0.0,1.0,0.2921366445468156,0.9440896147764735,1.0,0.04551570052806133,0.05452601969372759,SELECT * FROM lineitem WHERE l_discount BETWEEN 0.00 AND 0.01 AND l_quantity BETWEEN 15.31 AND 47.26;,700980,699053,q6-like
0.0,0.0,1.0,0.0,0.0,0.0,0.0,0.0,0.0,0.0,0.0,0.0,0.0,0.0,1.0,0.01226540337525765,0.10258764678566705,1.0,0.637869648727231,0.7527921682633321,SELECT * FROM lineitem WHERE l_discount BETWEEN 0.06 AND 0.08 AND l_quantity BETWEEN 1.60 AND 6.03;,166169,163135,q6-like
0.0,0.0,1.0,0.0,0.0,0.0,0.0,0.0,0.0,0.0,0.0,0.0,0.0,0.0,1.0,0.34070593255333925,0.9654976431185908,1.0,0.28433932429375613,0.478714203819256,SELECT * FROM lineitem WHERE l_discount BETWEEN 0.03 AND 0.05 AND l_quantity BETWEEN 17.69 AND 48.31;,1016752,1016252,q6-like
0.0,0.0,1.0,0.0,0.0,0.0,0.0,0.0,0.0,0.0,0.0,0.0,0.0,0.0,1.0,0.06534343511259895,0.11408714072259624,1.0,0.2524783879681887,0.8617229560102836,SELECT * FROM lineitem WHERE l_discount BETWEEN 0.03 AND 0.09 AND l_quantity BETWEEN 4.20 AND 6.59;,155271,152205,q6-like
0.0,0.0,1.0,0.0,0.0,0.0,0.0,0.0,0.0,0.0,0.0,0.0,0.0,0.0,1.0,0.15172700694785995,0.6864510182420074,1.0,0.49174655537360246,0.5770211507006066,SELECT * FROM lineitem WHERE l_discount BETWEEN 0.05 AND 0.06 AND l_quantity BETWEEN 8.43 AND 34.64;,561187,566990,q6-like
0.0,0.0,1.0,0.0,0.0,0.0,0.0,0.0,0.0,0.0,0.0,0.0,0.0,0.0,1.0,0.08518090839449168,0.24819095520505105,1.0,0.8111420681636269,0.949125632866775,SELECT * FROM lineitem WHERE l_discount BETWEEN 0.08 AND 0.09 AND l_quantity BETWEEN 5.17 AND 13.16;,174372,174518,q6-like
0.0,0.0,1.0,0.0,0.0,0.0,0.0,0.0,0.0,0.0,0.0,0.0,0.0,0.0,1.0,0.5961268453978594,0.6184183524846525,1.0,0.4161740172485883,0.5580730290368983,SELECT * FROM lineitem WHERE l_discount BETWEEN 0.04 AND 0.06 AND l_quantity BETWEEN 30.21 AND 31.30;,33321,32908,q6-like
0.0,0.0,1.0,0.0,0.0,0.0,0.0,0.0,0.0,0.0,0.0,0.0,0.0,0.0,1.0,0.29735313251131895,0.908504377605263,1.0,0.3803780223427692,0.775693531941282,SELECT * FROM lineitem WHERE l_discount BETWEEN 0.04 AND 0.08 AND l_quantity BETWEEN 15.57 AND 45.52;,1639187,1637803,q6-like
0.0,0.0,1.0,0.0,0.0,0.0,0.0,0.0,0.0,0.0,0.0,0.0,0.0,0.0,1.0,0.06023030437131165,0.5686294706126286,1.0,0.4288298318521275,0.5885251328358516,SELECT * FROM lineitem WHERE l_discount BETWEEN 0.04 AND 0.06 AND l_quantity BETWEEN 3.95 AND 28.86;,815584,817671,q6-like
0.0,0.0,1.0,0.0,0.0,0.0,0.0,0.0,0.0,0.0,0.0,0.0,0.0,0.0,1.0,0.6255150303938376,0.7627371043391427,1.0,0.09923357378245248,0.9601087678332115,SELECT * FROM lineitem WHERE l_discount BETWEEN 0.01 AND 0.10 AND l_quantity BETWEEN 31.65 AND 38.37;,741128,765867,q6-like
0.0,0.0,1.0,0.0,0.0,0.0,0.0,0.0,0.0,0.0,0.0,0.0,0.0,0.0,1.0,0.2398651776697972,0.551992245566494,1.0,0.08118746465510966,0.2646461226435462,SELECT * FROM lineitem WHERE l_discount BETWEEN 0.01 AND 0.03 AND l_quantity BETWEEN 12.75 AND 28.05;,535291,524604,q6-like
0.0,0.0,1.0,0.0,0.0,0.0,0.0,0.0,0.0,0.0,0.0,0.0,0.0,0.0,1.0,0.46991247899809585,0.6893711357707002,1.0,0.156532613877812,0.40851756857485094,SELECT * FROM lineitem WHERE l_discount BETWEEN 0.02 AND 0.04 AND l_quantity BETWEEN 24.03 AND 34.78;,332293,328016,q6-like
0.0,0.0,1.0,0.0,0.0,0.0,0.0,0.0,0.0,0.0,0.0,0.0,0.0,0.0,1.0,0.28271837310651804,0.8596067313229796,1.0,0.032639855054525733,0.2881048867126404,SELECT * FROM lineitem WHERE l_discount BETWEEN 0.00 AND 0.03 AND l_quantity BETWEEN 14.85 AND 43.12;,1276244,1268457,q6-like
0.0,0.0,1.0,0.0,0.0,0.0,0.0,0.0,0.0,0.0,0.0,0.0,0.0,0.0,1.0,0.2645546256535006,0.7912477450288137,1.0,0.07117975944168167,0.23342380382578753,SELECT * FROM lineitem WHERE l_discount BETWEEN 0.01 AND 0.02 AND l_quantity BETWEEN 13.96 AND 39.77;,568486,568592,q6-like
0.0,0.0,1.0,0.0,0.0,0.0,0.0,0.0,0.0,0.0,0.0,0.0,0.0,0.0,1.0,0.11477630245870338,0.19781921375242706,1.0,0.589789583307362,0.8039056722423771,SELECT * FROM lineitem WHERE l_discount BETWEEN 0.06 AND 0.08 AND l_quantity BETWEEN 6.62 AND 10.69;,129701,131175,q6-like
0.0,0.0,1.0,0.0,0.0,0.0,0.0,0.0,0.0,0.0,0.0,0.0,0.0,0.0,1.0,0.14223628544077452,0.26563247163521914,1.0,0.1489893995854352,0.22480944801792938,SELECT * FROM lineitem WHERE l_discount BETWEEN 0.01 AND 0.02 AND l_quantity BETWEEN 7.97 AND 14.02;,151441,152221,q6-like
0.0,0.0,1.0,0.0,0.0,0.0,0.0,0.0,0.0,0.0,0.0,0.0,0.0,0.0,1.0,0.595044037307261,0.824240301303188,1.0,0.05963803891746666,0.7926285583061261,SELECT * FROM lineitem WHERE l_discount BETWEEN 0.01 AND 0.08 AND l_quantity BETWEEN 30.16 AND 41.39;,948772,962159,q6-like
0.0,0.0,1.0,0.0,0.0,0.0,0.0,0.0,0.0,0.0,0.0,0.0,0.0,0.0,1.0,0.3040911905385608,0.46869797026659665,1.0,0.439153444282203,0.9211925197557129,SELECT * FROM lineitem WHERE l_discount BETWEEN 0.04 AND 0.09 AND l_quantity BETWEEN 15.90 AND 23.97;,519919,523580,q6-like
0.0,0.0,1.0,0.0,0.0,0.0,0.0,0.0,0.0,0.0,0.0,0.0,0.0,0.0,1.0,0.43775886356266414,0.539981562586994,1.0,0.2722461904218012,0.40250851513772046,SELECT * FROM lineitem WHERE l_discount BETWEEN 0.03 AND 0.04 AND l_quantity BETWEEN 22.45 AND 27.46;,112281,108982,q6-like
0.0,0.0,1.0,0.0,0.0,0.0,0.0,0.0,0.0,0.0,0.0,0.0,0.0,0.0,1.0,0.6037136409335899,0.7345339232706248,1.0,0.5980366560607371,0.8894228803982248,SELECT * FROM lineitem WHERE l_discount BETWEEN 0.06 AND 0.09 AND l_quantity BETWEEN 30.58 AND 36.99;,257192,262445,q6-like
0.0,0.0,1.0,0.0,0.0,0.0,0.0,0.0,0.0,0.0,0.0,0.0,0.0,0.0,1.0,0.67429836715841,0.8605168727997096,1.0,0.025864892129686526,0.22892441343258285,SELECT * FROM lineitem WHERE l_discount BETWEEN 0.00 AND 0.02 AND l_quantity BETWEEN 34.04 AND 43.17;,293945,295052,q6-like
0.0,0.0,1.0,0.0,0.0,0.0,0.0,0.0,0.0,0.0,0.0,0.0,0.0,0.0,1.0,0.764760380016169,0.8214212452416199,1.0,0.020745456008079137,0.5871229258385541,SELECT * FROM lineitem WHERE l_discount BETWEEN 0.00 AND 0.06 AND l_quantity BETWEEN 38.47 AND 41.25;,230324,229414,q6-like
0.0,0.0,1.0,0.0,0.0,0.0,0.0,0.0,0.0,0.0,0.0,0.0,0.0,0.0,1.0,0.1751907279343973,0.5189638409770129,1.0,0.576246978840277,0.7631089965406155,SELECT * FROM lineitem WHERE l_discount BETWEEN 0.06 AND 0.08 AND l_quantity BETWEEN 9.58 AND 26.43;,560882,555827,q6-like
0.0,0.0,1.0,0.0,0.0,0.0,0.0,0.0,0.0,0.0,0.0,0.0,0.0,0.0,1.0,0.4358849870681075,0.9969454749122177,1.0,0.27815656966085517,0.4422293999979089,SELECT * FROM lineitem WHERE l_discount BETWEEN 0.03 AND 0.04 AND l_quantity BETWEEN 22.36 AND 49.85;,602713,589457,q6-like
0.0,0.0,1.0,0.0,0.0,0.0,0.0,0.0,0.0,0.0,0.0,0.0,0.0,0.0,1.0,0.4083480934216817,0.4700103949507597,1.0,0.8142449363981541,0.9690552263751514,SELECT * FROM lineitem WHERE l_discount BETWEEN 0.08 AND 0.10 AND l_quantity BETWEEN 21.01 AND 24.03;,101257,98372,q6-like
1.0,1.0,0.0,1.0,0.0,1.0,0.5,0.5,1.0,0.0881496881496515,0.0881496881496515,1.0,0.40045225481365565,0.7604997720576555,0.0,0.0,0.0,0.0,0.0,0.0,"SELECT * FROM customer, orders WHERE orders.o_custkey = customer.c_custkey AND c_mktsegment = 'FURNITURE' AND o_totalprice BETWEEN 222879.43 AND 422499.66 AND o_orderdate = DATE '1992-07-31';",28,29,random
1.0,1.0,0.0,1.0,0.0,1.0,0.6666666666666666,0.6666666666666666,1.0,0.18752598752590954,0.36174636174621133,1.0,0.2035582383502735,0.7599905360610155,0.0,0.0,0.0,0.0,0.0,0.0,"SELECT * FROM customer, orders WHERE orders.o_custkey = customer.c_custkey AND o_orderdate BETWEEN DATE '1993-03-27' AND DATE '1994-05-20' AND c_mktsegment = 'HOUSEHOLD' AND o_totalprice BETWEEN 113715.99 AND 422217.32;",31191,32322,random
1.0,1.0,0.0,1.0,0.0,0.0,0.0,0.0,0.0,0.0,0.0,0.0,0.0,0.0,0.0,0.0,0.0,0.0,0.0,0.0,"SELECT * FROM orders, customer WHERE orders.o_custkey = customer.c_custkey;",1500000,1500000,random
0.0,0.0,1.0,0.0,0.0,0.0,0.0,0.0,0.0,0.0,0.0,0.0,0.0,0.0,0.0,0.0,0.0,1.0,0.013674464329316044,0.013674464329316044,SELECT * FROM lineitem WHERE l_discount = 0.00;,539710,544886,random
1.0,1.0,0.0,1.0,0.0,0.0,0.0,0.0,0.0,0.0,0.0,1.0,0.5088720150695109,0.7166033259917898,0.0,0.0,0.0,0.0,0.0,0.0,"SELECT * FROM customer, orders WHERE orders.o_custkey = customer.c_custkey AND o_totalprice BETWEEN 282990.32 AND 398162.26;",112896,120641,random
1.0,1.0,0.0,1.0,0.0,0.0,0.0,0.0,0.0,0.0,0.0,1.0,0.9218681499315601,0.9218681499315601,0.0,0.0,0.0,0.0,0.0,0.0,"SELECT * FROM orders, customer WHERE orders.o_custkey = customer.c_custkey AND o_totalprice = 511966.72;",1,0,random
1.0,1.0,0.0,1.0,0.0,1.0,0.8333333333333334,0.8333333333333334,0.0,0.0,0.0,1.0,0.0025652593585772055,0.0025652593585772055,0.0,0.0,0.0,0.0,0.0,0.0,"SELECT * FROM customer, orders WHERE orders.o_custkey = customer.c_custkey AND c_mktsegment = 'MACHINERY' AND o_totalprice = 2279.96;",1,0,random
1.0,1.0,1.0,1.0,1.0,1.0,0.6666666666666666,0.6666666666666666,1.0,0.3829521829520237,0.3829521829520237,1.0,0.8696016832340668,0.9807746313325926,0.0,0.0,0.0,0.0,0.0,0.0,"SELECT * FROM lineitem, orders, customer WHERE orders.o_custkey = customer.c_custkey AND lineitem.l_orderkey = orders.o_orderkey AND c_mktsegment = 'HOUSEHOLD' AND o_totalprice BETWEEN 482988.75 AND 544626.09 AND o_orderdate = DATE '1994-07-10';",1,0,random
1.0,1.0,1.0,1.0,1.0,1.0,0.5,0.5,1.0,0.439916839916657,0.8740124740121106,1.0,0.12624626980938844,0.9653535901768519,0.0,0.0,0.0,0.0,0.0,0.0,"SELECT * FROM orders, lineitem, customer WHERE orders.o_custkey = customer.c_custkey AND lineitem.l_orderkey = orders.o_orderkey AND o_totalprice BETWEEN 70852.11 AND 536076.24 AND c_mktsegment = 'FURNITURE' AND o_orderdate BETWEEN DATE '1994-11-24' AND DATE '1997-10-03';",409557,477456,random
0.0,1.0,1.0,0.0,1.0,0.0,0.0,0.0,0.0,0.0,0.0,0.0,0.0,0.0,0.0,0.0,0.0,0.0,0.0,0.0,"SELECT * FROM orders, lineitem WHERE lineitem.l_orderkey = orders.o_orderkey;",6001226,6001215,random
1.0,1.0,0.0,1.0,0.0,0.0,0.0,0.0,0.0,0.0,0.0,0.0,0.0,0.0,0.0,0.0,0.0,0.0,0.0,0.0,"SELECT * FROM orders, customer WHERE orders.o_custkey = customer.c_custkey;",1500000,1500000,random
1.0,1.0,1.0,1.0,1.0,0.0,0.0,0.0,1.0,0.9205821205817378,0.9970893970889825,0.0,0.0,0.0,0.0,0.0,0.0,0.0,0.0,0.0,"SELECT * FROM lineitem, orders, customer WHERE orders.o_custkey = customer.c_custkey AND lineitem.l_orderkey = orders.o_orderkey AND o_orderdate BETWEEN DATE '1998-01-23' AND DATE '1998-07-26';",457465,462423,random
1.0,1.0,1.0,1.0,1.0,0.0,0.0,0.0,0.0,0.0,0.0,0.0,0.0,0.0,0.0,0.0,0.0,0.0,0.0,0.0,"SELECT * FROM orders, lineitem, customer WHERE orders.o_custkey = customer.c_custkey AND lineitem.l_orderkey = orders.o_orderkey;",6001226,6001215,random
1.0,0.0,0.0,0.0,0.0,1.0,0.5,0.5,0.0,0.0,0.0,0.0,0.0,0.0,0.0,0.0,0.0,0.0,0.0,0.0,SELECT * FROM customer WHERE c_mktsegment = 'FURNITURE';,30175,29968,random
1.0,1.0,0.0,1.0,0.0,1.0,0.3333333333333333,0.3333333333333333,0.0,0.0,0.0,0.0,0.0,0.0,0.0,0.0,0.0,0.0,0.0,0.0,"SELECT * FROM customer, orders WHERE orders.o_custkey = customer.c_custkey AND c_mktsegment = 'BUILDING';",296650,303959,random
0.0,0.0,1.0,0.0,0.0,0.0,0.0,0.0,0.0,0.0,0.0,0.0,0.0,0.0,1.0,0.23218844429041377,0.5831571306401518,0.0,0.0,0.0,SELECT * FROM lineitem WHERE l_quantity BETWEEN 12.38 AND 29.57;,2066222,2040952,random
1.0,1.0,1.0,1.0,1.0,0.0,0.0,0.0,0.0,0.0,0.0,0.0,0.0,0.0,0.0,0.0,0.0,0.0,0.0,0.0,"SELECT * FROM orders, customer, lineitem WHERE orders.o_custkey = customer.c_custkey AND lineitem.l_orderkey = orders.o_orderkey;",6001226,6001215,random
1.0,1.0,0.0,1.0,0.0,1.0,0.6666666666666666,0.6666666666666666,1.0,0.19916839916831636,0.3846153846152247,0.0,0.0,0.0,0.0,0.0,0.0,0.0,0.0,0.0,"SELECT * FROM orders, customer WHERE orders.o_custkey = customer.c_custkey AND c_mktsegment = 'HOUSEHOLD' AND o_orderdate BETWEEN DATE '1993-04-24' AND DATE '1994-07-14';",54475,55711,random
1.0,1.0,0.0,1.0,0.0,1.0,0.5,0.5,1.0,0.8299376299372848,0.8299376299372848,0.0,0.0,0.0,0.0,0.0,0.0,0.0,0.0,0.0,"SELECT * FROM customer, orders WHERE orders.o_custkey = customer.c_custkey AND c_mktsegment = 'FURNITURE' AND o_orderdate = DATE '1997-06-19';",125,127,random
1.0,1.0,0.0,1.0,0.0,1.0,0.3333333333333333,0.3333333333333333,1.0,0.35218295218280576,0.6365904365901719,0.0,0.0,0.0,0.0,0.0,0.0,0.0,0.0,0.0,"SELECT * FROM customer, orders WHERE orders.o_custkey = customer.c_custkey AND c_mktsegment = 'BUILDING' AND o_orderdate BETWEEN DATE '1994-04-27' AND DATE '1996-03-11';",83825,86413,random
1.0,1.0,1.0,1.0,1.0,0.0,0.0,0.0,0.0,0.0,0.0,0.0,0.0,0.0,1.0,0.09013337574437948,0.29511045162313265,1.0,0.13215979642518558,0.17564006868790594,"SELECT * FROM lineitem, orders, customer WHERE orders.o_custkey = customer.c_custkey AND lineitem.l_orderkey = orders.o_orderkey AND l_quantity BETWEEN 5.42 AND 15.46 AND l_discount BETWEEN 0.01 AND 0.02;",217459,217716,random
1.0,1.0,0.0,1.0,0.0,1.0,0.3333333333333333,0.3333333333333333,1.0,0.07525987525984397,0.46819126819107354,1.0,0.2951414491724913,0.870396959325038,0.0,0.0,0.0,0.0,0.0,0.0,"SELECT * FROM orders, customer WHERE orders.o_custkey = customer.c_custkey AND o_totalprice BETWEEN 164492.23 AND 483429.68 AND o_orderdate BETWEEN DATE '1992-06-30' AND DATE '1995-01-31' AND c_mktsegment = 'BUILDING';",48839,50837,random
1.0,1.0,1.0,1.0,1.0,0.0,0.0,0.0,0.0,0.0,0.0,0.0,0.0,0.0,0.0,0.0,0.0,0.0,0.0,0.0,"SELECT * FROM lineitem, orders, customer WHERE orders.o_custkey = customer.c_custkey AND lineitem.l_orderkey = orders.o_orderkey;",6001226,6001215,random
0.0,1.0,1.0,0.0,1.0,0.0,0.0,0.0,0.0,0.0,0.0,0.0,0.0,0.0,0.0,0.0,0.0,0.0,0.0,0.0,"SELECT * FROM lineitem, orders WHERE lineitem.l_orderkey = orders.o_orderkey;",6001226,6001215,random
1.0,1.0,1.0,1.0,1.0,1.0,0.3333333333333333,0.3333333333333333,0.0,0.0,0.0,1.0,0.03721212822470492,0.03721212822470492,1.0,0.3021901745230831,0.4082958557870802,0.0,0.0,0.0,"SELECT * FROM orders, lineitem, customer WHERE orders.o_custkey = customer.c_custkey AND lineitem.l_orderkey = orders.o_orderkey AND l_quantity BETWEEN 15.81 AND 21.01 AND c_mktsegment = 'BUILDING' AND o_totalprice = 21489.14;",1,0,random
1.0,1.0,1.0,1.0,1.0,1.0,0.8333333333333334,0.8333333333333334,0.0,0.0,0.0,1.0,0.1545229024098347,0.7422690147653144,0.0,0.0,0.0,0.0,0.0,0.0,"SELECT * FROM customer, orders, lineitem WHERE orders.o_custkey = customer.c_custkey AND lineitem.l_orderkey = orders.o_orderkey AND c_mktsegment = 'MACHINERY' AND o_totalprice BETWEEN 86529.45 AND 412392.03;",863796,1044062,random
1.0,1.0,0.0,1.0,0.0,1.0,0.16666666666666666,0.16666666666666666,1.0,0.2170478170477268,0.44449064449045966,0.0,0.0,0.0,0.0,0.0,0.0,0.0,0.0,0.0,"SELECT * FROM customer, orders WHERE orders.o_custkey = customer.c_custkey AND c_mktsegment = 'AUTOMOBILE' AND o_orderdate BETWEEN DATE '1993-06-06' AND DATE '1994-12-05';",67230,67884,random
0.0,1.0,1.0,0.0,1.0,0.0,0.0,0.0,0.0,0.0,0.0,0.0,0.0,0.0,0.0,0.0,0.0,0.0,0.0,0.0,"SELECT * FROM orders, lineitem WHERE lineitem.l_orderkey = orders.o_orderkey;",6001226,6001215,random
1.0,1.0,0.0,1.0,0.0,0.0,0.0,0.0,0.0,0.0,0.0,1.0,0.021357454736370587,0.5971459595195439,0.0,0.0,0.0,0.0,0.0,0.0,"SELECT * FROM customer, orders WHERE orders.o_custkey = customer.c_custkey AND o_totalprice BETWEEN 12698.87 AND 331931.82;",1419273,1423025,random
1.0,1.0,1.0,1.0,1.0,0.0,0.0,0.0,0.0,0.0,0.0,0.0,0.0,0.0,1.0,0.14755417993843242,0.14755417993843242,0.0,0.0,0.0,"SELECT * FROM customer, orders, lineitem WHERE orders.o_custkey = customer.c_custkey AND lineitem.l_orderkey = orders.o_orderkey AND l_quantity = 8.23;",1,0,random
1.0,1.0,1.0,1.0,1.0,0.0,0.0,0.0,0.0,0.0,0.0,0.0,0.0,0.0,0.0,0.0,0.0,0.0,0.0,0.0,"SELECT * FROM customer, orders, lineitem WHERE orders.o_custkey = customer.c_custkey AND lineitem.l_orderkey = orders.o_orderkey;",6001226,6001215,random
0.0,1.0,0.0,0.0,0.0,0.0,0.0,0.0,1.0,0.42079002078984584,0.42079002078984584,1.0,0.26536750832497286,0.26536750832497286,0.0,0.0,0.0,0.0,0.0,0.0,SELECT * FROM orders WHERE o_totalprice = 147984.74 AND o_orderdate = DATE '1994-10-09';,1,0,random
1.0,0.0,0.0,0.0,0.0,1.0,0.6666666666666666,0.6666666666666666,0.0,0.0,0.0,0.0,0.0,0.0,0.0,0.0,0.0,0.0,0.0,0.0,SELECT * FROM customer WHERE c_mktsegment = 'HOUSEHOLD';,29710,30189,random
1.0,1.0,1.0,1.0,1.0,1.0,0.6666666666666666,0.6666666666666666,0.0,0.0,0.0,0.0,0.0,0.0,1.0,0.0608254074932645,0.9640261831023548,0.0,0.0,0.0,"SELECT * FROM lineitem, orders, customer WHERE orders.o_custkey = customer.c_custkey AND lineitem.l_orderkey = orders.o_orderkey AND l_quantity BETWEEN 3.98 AND 48.24 AND c_mktsegment = 'HOUSEHOLD';",1069303,1081496,random
1.0,1.0,1.0,1.0,1.0,0.0,0.0,0.0,0.0,0.0,0.0,1.0,0.2750159995579527,0.2750159995579527,0.0,0.0,0.0,0.0,0.0,0.0,"SELECT * FROM orders, lineitem, customer WHERE orders.o_custkey = customer.c_custkey AND lineitem.l_orderkey = orders.o_orderkey AND o_totalprice = 153334.13;",4,6,random
1.0,1.0,1.0,1.0,1.0,0.0,0.0,0.0,0.0,0.0,0.0,0.0,0.0,0.0,0.0,0.0,0.0,0.0,0.0,0.0,"SELECT * FROM lineitem, orders, customer WHERE orders.o_custkey = customer.c_custkey AND lineitem.l_orderkey = orders.o_orderkey;",6001226,6001215,random
1.0,1.0,1.0,1.0,1.0,1.0,0.6666666666666666,0.6666666666666666,0.0,0.0,0.0,1.0,0.09508583927563068,0.42676400626095723,0.0,0.0,0.0,1.0,0.15263892324233452,0.37430101969252666,"SELECT * FROM customer, orders, lineitem WHERE orders.o_custkey = customer.c_custkey AND lineitem.l_orderkey = orders.o_orderkey AND c_mktsegment = 'HOUSEHOLD' AND o_totalprice BETWEEN 53575.91 AND 237467.39 AND l_discount BETWEEN 0.02 AND 0.04;",214942,213817,random
1.0,1.0,1.0,1.0,1.0,0.0,0.0,0.0,0.0,0.0,0.0,1.0,0.5615864139920714,0.5864650827394758,0.0,0.0,0.0,0.0,0.0,0.0,"SELECT * FROM customer, orders, lineitem WHERE orders.o_custkey = customer.c_custkey AND lineitem.l_orderkey = orders.o_orderkey AND o_totalprice BETWEEN 312216.63 AND 326010.05;",73439,127778,random
1.0,1.0,0.0,1.0,0.0,0.0,0.0,0.0,0.0,0.0,0.0,0.0,0.0,0.0,0.0,0.0,0.0,0.0,0.0,0.0,"SELECT * FROM customer, orders WHERE orders.o_custkey = customer.c_custkey;",1500000,1500000,random
1.0,1.0,1.0,1.0,1.0,0.0,0.0,0.0,0.0,0.0,0.0,1.0,0.3501139942211905,0.5562654761043259,0.0,0.0,0.0,0.0,0.0,0.0,"SELECT * FROM lineitem, orders, customer WHERE orders.o_custkey = customer.c_custkey AND lineitem.l_orderkey = orders.o_orderkey AND o_totalprice BETWEEN 194970.52 AND 309266.56;",1626064,2399068,random
0.0,1.0,0.0,0.0,0.0,0.0,0.0,0.0,1.0,0.026195426195415303,0.6424116424113753,1.0,0.8184268595406681,0.9745466021257064,0.0,0.0,0.0,0.0,0.0,0.0,SELECT * FROM orders WHERE o_totalprice BETWEEN 454616.03 AND 541173.10 AND o_orderdate BETWEEN DATE '1992-03-04' AND DATE '1996-03-25';,2563,167,random
1.0,1.0,1.0,1.0,1.0,1.0,0.5,0.5,0.0,0.0,0.0,0.0,0.0,0.0,0.0,0.0,0.0,1.0,0.8698626978378112,0.8698626978378112,"SELECT * FROM lineitem, orders, customer WHERE orders.o_custkey = customer.c_custkey AND lineitem.l_orderkey = orders.o_orderkey AND c_mktsegment = 'FURNITURE' AND l_discount = 0.09;",110383,108654,random
1.0,1.0,1.0,1.0,1.0,0.0,0.0,0.0,1.0,0.34054054054039895,0.36964656964641596,1.0,0.052608826425521685,0.052608826425521685,1.0,0.5675935566028137,0.7768356199508873,0.0,0.0,0.0,"SELECT * FROM orders, lineitem, customer WHERE orders.o_custkey = customer.c_custkey AND lineitem.l_orderkey = orders.o_orderkey AND o_orderdate BETWEEN DATE '1994-03-30' AND DATE '1994-06-08' AND l_quantity BETWEEN 28.81 AND 39.06 AND o_totalprice = 30025.49;",1,0,random
0.0,0.0,1.0,0.0,0.0,0.0,0.0,0.0,0.0,0.0,0.0,0.0,0.0,0.0,0.0,0.0,0.0,0.0,0.0,0.0,SELECT * FROM lineitem;,6001226,6001215,random
0.0,1.0,1.0,0.0,1.0,0.0,0.0,0.0,1.0,0.7550935550932412,0.7550935550932412,1.0,0.4299136333978895,0.4299136333978895,1.0,0.6784862547462864,0.6784862547462864,0.0,0.0,0.0,"SELECT * FROM lineitem, orders WHERE lineitem.l_orderkey = orders.o_orderkey AND o_orderdate = DATE '1996-12-21' AND o_totalprice = 239213.63 AND l_quantity = 34.25;",1,0,random
0.0,1.0,1.0,0.0,1.0,0.0,0.0,0.0,0.0,0.0,0.0,0.0,0.0,0.0,0.0,0.0,0.0,0.0,0.0,0.0,"SELECT * FROM lineitem, orders WHERE lineitem.l_orderkey = orders.o_orderkey;",6001226,6001215,random
0.0,1.0,0.0,0.0,0.0,0.0,0.0,0.0,0.0,0.0,0.0,1.0,0.11998434370554888,0.28944713121743704,0.0,0.0,0.0,0.0,0.0,0.0,SELECT * FROM orders WHERE o_totalprice BETWEEN 67380.32 AND 161335.14;,533546,530196,random
0.0,1.0,1.0,0.0,1.0,0.0,0.0,0.0,1.0,0.01871101871101093,0.01871101871101093,0.0,0.0,0.0,1.0,0.8617643620050015,0.8617643620050015,0.0,0.0,0.0,"SELECT * FROM orders, lineitem WHERE lineitem.l_orderkey = orders.o_orderkey AND l_quantity = 43.23 AND o_orderdate = DATE '1992-02-15';",1,0,random
1.0,1.0,1.0,1.0,1.0,0.0,0.0,0.0,0.0,0.0,0.0,0.0,0.0,0.0,0.0,0.0,0.0,0.0,0.0,0.0,"SELECT * FROM orders, customer, lineitem WHERE orders.o_custkey = customer.c_custkey AND lineitem.l_orderkey = orders.o_orderkey;",6001226,6001215,random
1.0,1.0,1.0,1.0,1.0,0.0,0.0,0.0,1.0,0.395426195426031,0.5239085239083061,1.0,0.33951328114846324,0.33951328114846324,0.0,0.0,0.0,1.0,0.16813270636435954,0.16813270636435954,"SELECT * FROM customer, orders, lineitem WHERE orders.o_custkey = customer.c_custkey AND lineitem.l_orderkey = orders.o_orderkey AND o_orderdate BETWEEN DATE '1994-08-09' AND DATE '1995-06-14' AND o_totalprice = 189093.19 AND l_discount = 0.02;",1,0,random
1.0,1.0,0.0,1.0,0.0,1.0,0.3333333333333333,0.3333333333333333,0.0,0.0,0.0,0.0,0.0,0.0,0.0,0.0,0.0,0.0,0.0,0.0,"SELECT * FROM customer, orders WHERE orders.o_custkey = customer.c_custkey AND c_mktsegment = 'BUILDING';",296650,303959,random
0.0,1.0,0.0,0.0,0.0,0.0,0.0,0.0,0.0,0.0,0.0,1.0,0.6555090105187379,0.7602152955468906,0.0,0.0,0.0,0.0,0.0,0.0,SELECT * FROM orders WHERE o_totalprice BETWEEN 364289.90 AND 422341.94;,6760,12497,random
0.0,0.0,1.0,0.0,0.0,0.0,0.0,0.0,0.0,0.0,0.0,0.0,0.0,0.0,1.0,0.4489052569859017,0.7598771495922407,1.0,0.5644917777578815,0.6352983127076103,SELECT * FROM lineitem WHERE l_quantity BETWEEN 23.00 AND 38.23 AND l_discount BETWEEN 0.06 AND 0.06;,176210,174942,random
1.0,1.0,1.0,1.0,1.0,0.0,0.0,0.0,0.0,0.0,0.0,1.0,0.4617424864464532,0.4617424864464532,0.0,0.0,0.0,1.0,0.3519422191006544,0.5914197509168235,"SELECT * FROM lineitem, orders, customer WHERE orders.o_custkey = customer.c_custkey AND lineitem.l_orderkey = orders.o_orderkey AND l_discount BETWEEN 0.04 AND 0.06 AND o_totalprice = 256860.42;",1,0,random
0.0,1.0,0.0,0.0,0.0,0.0,0.0,0.0,0.0,0.0,0.0,0.0,0.0,0.0,0.0,0.0,0.0,0.0,0.0,0.0,SELECT * FROM orders;,1500000,1500000,random
1.0,1.0,1.0,1.0,1.0,0.0,0.0,0.0,0.0,0.0,0.0,1.0,0.5013673018728267,0.9577223588665832,1.0,0.8109668113060705,0.837377178230465,0.0,0.0,0.0,"SELECT * FROM customer, orders, lineitem WHERE orders.o_custkey = customer.c_custkey AND lineitem.l_orderkey = orders.o_orderkey AND o_totalprice BETWEEN 278829.50 AND 531845.28 AND l_quantity BETWEEN 40.74 AND 42.03;",22000,52751,random
1.0,1.0,1.0,1.0,1.0,1.0,0.6666666666666666,0.6666666666666666,0.0,0.0,0.0,1.0,0.28289357861441733,0.28289357861441733,0.0,0.0,0.0,0.0,0.0,0.0,"SELECT * FROM customer, orders, lineitem WHERE orders.o_custkey = customer.c_custkey AND lineitem.l_orderkey = orders.o_orderkey AND o_totalprice = 157701.68 AND c_mktsegment = 'HOUSEHOLD';",4,0,random
1.0,1.0,1.0,1.0,1.0,0.0,0.0,0.0,1.0,0.1501039501038877,0.602494802494552,0.0,0.0,0.0,1.0,0.8515662599670255,0.8515662599670255,0.0,0.0,0.0,"SELECT * FROM lineitem, orders, customer WHERE orders.o_custkey = customer.c_custkey AND lineitem.l_orderkey = orders.o_orderkey AND l_quantity = 42.73 AND o_orderdate BETWEEN DATE '1992-12-27' AND DATE '1995-12-20';",1,0,random
0.0,0.0,1.0,0.0,0.0,0.0,0.0,0.0,0.0,0.0,0.0,0.0,0.0,0.0,1.0,0.12895165826892854,0.7088340143565879,1.0,0.6560547114755081,0.6560547114755081,SELECT * FROM lineitem WHERE l_discount = 0.07 AND l_quantity BETWEEN 7.32 AND 35.73;,302178,306246,random
0.0,0.0,1.0,0.0,0.0,0.0,0.0,0.0,0.0,0.0,0.0,0.0,0.0,0.0,1.0,0.6701163999810467,0.828958972877547,1.0,0.5263933344702407,0.6854144334234319,SELECT * FROM lineitem WHERE l_quantity BETWEEN 33.84 AND 41.62 AND l_discount BETWEEN 0.05 AND 0.07;,254599,262983,random
1.0,1.0,1.0,1.0,1.0,0.0,0.0,0.0,1.0,0.22619542619533214,0.486070686070484,0.0,0.0,0.0,1.0,0.07716508429930152,0.07716508429930152,0.0,0.0,0.0,"SELECT * FROM orders, customer, lineitem WHERE orders.o_custkey = customer.c_custkey AND lineitem.l_orderkey = orders.o_orderkey AND o_orderdate BETWEEN DATE '1993-06-28' AND DATE '1995-03-15' AND l_quantity = 4.78;",1,0,random
1.0,1.0,1.0,1.0,1.0,1.0,0.3333333333333333,0.3333333333333333,0.0,0.0,0.0,0.0,0.0,0.0,0.0,0.0,0.0,0.0,0.0,0.0,"SELECT * FROM customer, orders, lineitem WHERE orders.o_custkey = customer.c_custkey AND lineitem.l_orderkey = orders.o_orderkey AND c_mktsegment = 'BUILDING';",1186842,1214743,random
0.0,0.0,1.0,0.0,0.0,0.0,0.0,0.0,0.0,0.0,0.0,0.0,0.0,0.0,1.0,0.6105954221133547,0.9695886033888376,1.0,0.3642994104877749,0.3642994104877749,SELECT * FROM lineitem WHERE l_discount = 0.04 AND l_quantity BETWEEN 30.92 AND 48.51;,197409,196168,random
1.0,1.0,1.0,1.0,1.0,1.0,0.8333333333333334,0.8333333333333334,1.0,0.8166320166316771,0.9659043659039643,0.0,0.0,0.0,0.0,0.0,0.0,1.0,0.28177172988605814,0.3818724303719862,"SELECT * FROM orders, lineitem, customer WHERE orders.o_custkey = customer.c_custkey AND lineitem.l_orderkey = orders.o_orderkey AND l_discount BETWEEN 0.03 AND 0.04 AND o_orderdate BETWEEN DATE '1997-05-18' AND DATE '1998-05-12' AND c_mktsegment = 'MACHINERY';",34230,32241,random
0.0,1.0,0.0,0.0,0.0,0.0,0.0,0.0,1.0,0.2848232848231664,0.8511434511430972,1.0,0.10258973174840916,0.5545407454244301,0.0,0.0,0.0,0.0,0.0,0.0,SELECT * FROM orders WHERE o_totalprice BETWEEN 57736.27 AND 308310.32 AND o_orderdate BETWEEN DATE '1993-11-16' AND DATE '1997-08-09';,664567,665564,random
1.0,1.0,1.0,1.0,1.0,0.0,0.0,0.0,1.0,0.38627858627842565,0.38627858627842565,1.0,0.3964539654702471,0.4148969058190046,0.0,0.0,0.0,0.0,0.0,0.0,"SELECT * FROM orders, customer, lineitem WHERE orders.o_custkey = customer.c_custkey AND lineitem.l_orderkey = orders.o_orderkey AND o_totalprice BETWEEN 220662.67 AND 230887.94 AND o_orderdate = DATE '1994-07-18';",76,116,random
1.0,0.0,0.0,0.0,0.0,0.0,0.0,0.0,0.0,0.0,0.0,0.0,0.0,0.0,0.0,0.0,0.0,0.0,0.0,0.0,SELECT * FROM customer;,150000,150000,random
1.0,1.0,0.0,1.0,0.0,0.0,0.0,0.0,0.0,0.0,0.0,0.0,0.0,0.0,0.0,0.0,0.0,0.0,0.0,0.0,"SELECT * FROM customer, orders WHERE orders.o_custkey = customer.c_custkey;",1500000,1500000,random
0.0,1.0,1.0,0.0,1.0,0.0,0.0,0.0,0.0,0.0,0.0,0.0,0.0,0.0,0.0,0.0,0.0,0.0,0.0,0.0,"SELECT * FROM orders, lineitem WHERE lineitem.l_orderkey = orders.o_orderkey;",6001226,6001215,random
1.0,0.0,0.0,0.0,0.0,1.0,0.8333333333333334,0.8333333333333334,0.0,0.0,0.0,0.0,0.0,0.0,0.0,0.0,0.0,0.0,0.0,0.0,SELECT * FROM customer WHERE c_mktsegment = 'MACHINERY';,30450,29949,random
1.0,1.0,1.0,1.0,1.0,0.0,0.0,0.0,0.0,0.0,0.0,0.0,0.0,0.0,0.0,0.0,0.0,0.0,0.0,0.0,"SELECT * FROM lineitem, orders, customer WHERE orders.o_custkey = customer.c_custkey AND lineitem.l_orderkey = orders.o_orderkey;",6001226,6001215,random
0.0,1.0,1.0,0.0,1.0,0.0,0.0,0.0,0.0,0.0,0.0,0.0,0.0,0.0,0.0,0.0,0.0,0.0,0.0,0.0,"SELECT * FROM lineitem, orders WHERE lineitem.l_orderkey = orders.o_orderkey;",6001226,6001215,random
1.0,1.0,1.0,1.0,1.0,0.0,0.0,0.0,0.0,0.0,0.0,0.0,0.0,0.0,0.0,0.0,0.0,1.0,0.1873139099252434,0.6682148962374858,"SELECT * FROM lineitem, orders, customer WHERE orders.o_custkey = customer.c_custkey AND lineitem.l_orderkey = orders.o_orderkey AND l_discount BETWEEN 0.02 AND 0.07;",3270668,3274568,random
0.0,1.0,1.0,0.0,1.0,0.0,0.0,0.0,0.0,0.0,0.0,0.0,0.0,0.0,0.0,0.0,0.0,0.0,0.0,0.0,"SELECT * FROM orders, lineitem WHERE lineitem.l_orderkey = orders.o_orderkey;",6001226,6001215,random
1.0,1.0,1.0,1.0,1.0,0.0,0.0,0.0,0.0,0.0,0.0,0.0,0.0,0.0,0.0,0.0,0.0,0.0,0.0,0.0,"SELECT * FROM orders, customer, lineitem WHERE orders.o_custkey = customer.c_custkey AND lineitem.l_orderkey = orders.o_orderkey;",6001226,6001215,random
1.0,1.0,1.0,1.0,1.0,0.0,0.0,0.0,0.0,0.0,0.0,0.0,0.0,0.0,0.0,0.0,0.0,1.0,0.684682559562158,0.9808191759806575,"SELECT * FROM lineitem, orders, customer WHERE orders.o_custkey = customer.c_custkey AND lineitem.l_orderkey = orders.o_orderkey AND l_discount BETWEEN 0.07 AND 0.10;",2175244,2182119,random
1.0,1.0,0.0,1.0,0.0,0.0,0.0,0.0,0.0,0.0,0.0,0.0,0.0,0.0,0.0,0.0,0.0,0.0,0.0,0.0,"SELECT * FROM customer, orders WHERE orders.o_custkey = customer.c_custkey;",1500000,1500000,random
1.0,1.0,0.0,1.0,0.0,0.0,0.0,0.0,1.0,0.7534303534300402,0.7534303534300402,1.0,0.5430306976541848,0.9891227022961215,0.0,0.0,0.0,0.0,0.0,0.0,"SELECT * FROM customer, orders WHERE orders.o_custkey = customer.c_custkey AND o_totalprice BETWEEN 301928.83 AND 549254.49 AND o_orderdate = DATE '1996-12-17';",34,39,random
0.0,1.0,0.0,0.0,0.0,0.0,0.0,0.0,1.0,0.39999999999983366,0.4395010395008568,1.0,0.7993424115182383,0.7993424115182383,0.0,0.0,0.0,0.0,0.0,0.0,SELECT * FROM orders WHERE o_totalprice = 444035.08 AND o_orderdate BETWEEN DATE '1994-08-20' AND DATE '1994-11-23';,1,0,random
1.0,1.0,1.0,1.0,1.0,0.0,0.0,0.0,0.0,0.0,0.0,0.0,0.0,0.0,0.0,0.0,0.0,0.0,0.0,0.0,"SELECT * FROM orders, lineitem, customer WHERE orders.o_custkey = customer.c_custkey AND lineitem.l_orderkey = orders.o_orderkey;",6001226,6001215,random
1.0,1.0,1.0,1.0,1.0,0.0,0.0,0.0,0.0,0.0,0.0,0.0,0.0,0.0,0.0,0.0,0.0,0.0,0.0,0.0,"SELECT * FROM customer, orders, lineitem WHERE orders.o_custkey = customer.c_custkey AND lineitem.l_orderkey = orders.o_orderkey;",6001226,6001215,random
1.0,1.0,0.0,1.0,0.0,1.0,0.6666666666666666,0.6666666666666666,0.0,0.0,0.0,0.0,0.0,0.0,0.0,0.0,0.0,0.0,0.0,0.0,"SELECT * FROM orders, customer WHERE orders.o_custkey = customer.c_custkey AND c_mktsegment = 'HOUSEHOLD';",297100,300147,random
1.0,1.0,0.0,1.0,0.0,1.0,0.16666666666666666,0.16666666666666666,1.0,0.6374220374217724,0.6374220374217724,0.0,0.0,0.0,0.0,0.0,0.0,0.0,0.0,0.0,"SELECT * FROM customer, orders WHERE orders.o_custkey = customer.c_custkey AND c_mktsegment = 'AUTOMOBILE' AND o_orderdate = DATE '1996-03-13';",124,110,random
0.0,1.0,1.0,0.0,1.0,0.0,0.0,0.0,0.0,0.0,0.0,0.0,0.0,0.0,0.0,0.0,0.0,0.0,0.0,0.0,"SELECT * FROM lineitem, orders WHERE lineitem.l_orderkey = orders.o_orderkey;",6001226,6001215,random
1.0,0.0,0.0,0.0,0.0,1.0,0.5,0.5,0.0,0.0,0.0,0.0,0.0,0.0,0.0,0.0,0.0,0.0,0.0,0.0,SELECT * FROM customer WHERE c_mktsegment = 'FURNITURE';,30175,29968,random
0.0,1.0,1.0,0.0,1.0,0.0,0.0,0.0,1.0,0.7629937629934458,0.7629937629934458,0.0,0.0,0.0,0.0,0.0,0.0,1.0,0.39803404197210956,0.5294598762416909,"SELECT * FROM lineitem, orders WHERE lineitem.l_orderkey = orders.o_orderkey AND o_orderdate = DATE '1997-01-09' AND l_discount BETWEEN 0.04 AND 0.05;",448,474,random
1.0,1.0,1.0,1.0,1.0,0.0,0.0,0.0,0.0,0.0,0.0,0.0,0.0,0.0,0.0,0.0,0.0,0.0,0.0,0.0,"SELECT * FROM customer, orders, lineitem WHERE orders.o_custkey = customer.c_custkey AND lineitem.l_orderkey = orders.o_orderkey;",6001226,6001215,random
1.0,1.0,0.0,1.0,0.0,1.0,0.6666666666666666,0.6666666666666666,1.0,0.17255717255710082,0.17255717255710082,1.0,0.13572841773052696,0.13572841773052696,0.0,0.0,0.0,0.0,0.0,0.0,"SELECT * FROM orders, customer WHERE orders.o_custkey = customer.c_custkey AND o_totalprice = 76109.27 AND o_orderdate = DATE '1993-02-19' AND c_mktsegment = 'HOUSEHOLD';",1,0,random
1.0,1.0,1.0,1.0,1.0,0.0,0.0,0.0,0.0,0.0,0.0,0.0,0.0,0.0,1.0,0.12136245507598012,0.5087557451639181,0.0,0.0,0.0,"SELECT * FROM lineitem, orders, customer WHERE orders.o_custkey = customer.c_custkey AND lineitem.l_orderkey = orders.o_orderkey AND l_quantity BETWEEN 6.95 AND 25.93;",2270264,2280958,random
1.0,0.0,0.0,0.0,0.0,1.0,0.6666666666666666,0.6666666666666666,0.0,0.0,0.0,0.0,0.0,0.0,0.0,0.0,0.0,0.0,0.0,0.0,SELECT * FROM customer WHERE c_mktsegment = 'HOUSEHOLD';,29710,30189,random
0.0,0.0,1.0,0.0,0.0,0.0,0.0,0.0,0.0,0.0,0.0,0.0,0.0,0.0,1.0,0.5516469339151694,0.6119483626080322,1.0,0.309290714435555,0.309290714435555,SELECT * FROM lineitem WHERE l_quantity BETWEEN 28.03 AND 30.99 AND l_discount = 0.03;,23164,21835,random
1.0,1.0,1.0,1.0,1.0,0.0,0.0,0.0,0.0,0.0,0.0,0.0,0.0,0.0,0.0,0.0,0.0,0.0,0.0,0.0,"SELECT * FROM lineitem, orders, customer WHERE orders.o_custkey = customer.c_custkey AND lineitem.l_orderkey = orders.o_orderkey;",6001226,6001215,random
0.0,1.0,1.0,0.0,1.0,0.0,0.0,0.0,0.0,0.0,0.0,0.0,0.0,0.0,0.0,0.0,0.0,1.0,0.05541284946364858,0.9107122618397647,"SELECT * FROM lineitem, orders WHERE lineitem.l_orderkey = orders.o_orderkey AND l_discount BETWEEN 0.01 AND 0.09;",4934408,4910514,random
1.0,0.0,0.0,0.0,0.0,1.0,0.3333333333333333,0.3333333333333333,0.0,0.0,0.0,0.0,0.0,0.0,0.0,0.0,0.0,0.0,0.0,0.0,SELECT * FROM customer WHERE c_mktsegment = 'BUILDING';,29665,30142,random
0.0,0.0,1.0,0.0,0.0,0.0,0.0,0.0,0.0,0.0,0.0,0.0,0.0,0.0,1.0,0.19630191947906747,0.19630191947906747,1.0,0.284048307423968,0.518897788215228,SELECT * FROM lineitem WHERE l_discount BETWEEN 0.03 AND 0.05 AND l_quantity = 10.62;,1,0,random
1.0,1.0,1.0,1.0,1.0,0.0,0.0,0.0,1.0,0.6245322245319649,0.6245322245319649,0.0,0.0,0.0,0.0,0.0,0.0,0.0,0.0,0.0,"SELECT * FROM orders, lineitem, customer WHERE orders.o_custkey = customer.c_custkey AND lineitem.l_orderkey = orders.o_orderkey AND o_orderdate = DATE '1996-02-11';",2489,2495,random
1.0,1.0,1.0,1.0,1.0,0.0,0.0,0.0,0.0,0.0,0.0,0.0,0.0,0.0,1.0,0.41658678365474444,0.6389911921958299,0.0,0.0,0.0,"SELECT * FROM orders, lineitem, customer WHERE orders.o_custkey = customer.c_custkey AND lineitem.l_orderkey = orders.o_orderkey AND l_quantity BETWEEN 21.41 AND 32.31;",1344475,1321279,random
0.0,1.0,1.0,0.0,1.0,0.0,0.0,0.0,1.0,0.4395010395008568,0.4395010395008568,1.0,0.2040230135633983,0.6066602628206352,0.0,0.0,0.0,1.0,0.07297302477561554,0.07297302477561554,"SELECT * FROM lineitem, orders WHERE lineitem.l_orderkey = orders.o_orderkey AND l_discount = 0.01 AND o_orderdate = DATE '1994-11-23' AND o_totalprice BETWEEN 113973.67 AND 337206.81;",136,172,random
0.0,1.0,1.0,0.0,1.0,0.0,0.0,0.0,1.0,0.4494802494800626,0.4494802494800626,0.0,0.0,0.0,0.0,0.0,0.0,1.0,0.10618393254725797,0.24173785851908852,"SELECT * FROM lineitem, orders WHERE lineitem.l_orderkey = orders.o_orderkey AND l_discount BETWEEN 0.01 AND 0.02 AND o_orderdate = DATE '1994-12-17';",454,462,random
1.0,0.0,0.0,0.0,0.0,1.0,0.6666666666666666,0.6666666666666666,0.0,0.0,0.0,0.0,0.0,0.0,0.0,0.0,0.0,0.0,0.0,0.0,SELECT * FROM customer WHERE c_mktsegment = 'HOUSEHOLD';,29710,30189,random
1.0,1.0,1.0,1.0,1.0,1.0,0.6666666666666666,0.6666666666666666,1.0,0.46652806652787254,0.8790020790017136,0.0,0.0,0.0,1.0,0.0900490950419466,0.3932421841052719,0.0,0.0,0.0,"SELECT * FROM orders, lineitem, customer WHERE orders.o_custkey = customer.c_custkey AND lineitem.l_orderkey = orders.o_orderkey AND o_orderdate BETWEEN DATE '1995-01-27' AND DATE '1997-10-15' AND l_quantity BETWEEN 5.41 AND 20.27 AND c_mktsegment = 'HOUSEHOLD';",146477,149469,random
1.0,1.0,1.0,1.0,1.0,0.0,0.0,0.0,0.0,0.0,0.0,0.0,0.0,0.0,1.0,0.7275080633445448,0.7638567641464007,1.0,0.43092776503826286,0.8471723569217443,"SELECT * FROM customer, orders, lineitem WHERE orders.o_custkey = customer.c_custkey AND lineitem.l_orderkey = orders.o_orderkey AND l_discount BETWEEN 0.04 AND 0.08 AND l_quantity BETWEEN 36.65 AND 38.43;",106931,109189,random
0.0,1.0,1.0,0.0,1.0,0.0,0.0,0.0,0.0,0.0,0.0,0.0,0.0,0.0,0.0,0.0,0.0,0.0,0.0,0.0,"SELECT * FROM orders, lineitem WHERE lineitem.l_orderkey = orders.o_orderkey;",6001226,6001215,random
1.0,1.0,0.0,1.0,0.0,0.0,0.0,0.0,1.0,0.39376299376283,0.7945945945942642,0.0,0.0,0.0,0.0,0.0,0.0,0.0,0.0,0.0,"SELECT * FROM orders, customer WHERE orders.o_custkey = customer.c_custkey AND o_orderdate BETWEEN DATE '1994-08-05' AND DATE '1997-03-26';",599482,602770,random
0.0,1.0,1.0,0.0,1.0,0.0,0.0,0.0,0.0,0.0,0.0,0.0,0.0,0.0,0.0,0.0,0.0,0.0,0.0,0.0,"SELECT * FROM orders, lineitem WHERE lineitem.l_orderkey = orders.o_orderkey;",6001226,6001215,random
1.0,0.0,0.0,0.0,0.0,1.0,0.6666666666666666,0.6666666666666666,0.0,0.0,0.0,0.0,0.0,0.0,0.0,0.0,0.0,0.0,0.0,0.0,SELECT * FROM customer WHERE c_mktsegment = 'HOUSEHOLD';,29710,30189,random
1.0,1.0,0.0,1.0,0.0,1.0,0.6666666666666666,0.6666666666666666,0.0,0.0,0.0,0.0,0.0,0.0,0.0,0.0,0.0,0.0,0.0,0.0,"SELECT * FROM customer, orders WHERE orders.o_custkey = customer.c_custkey AND c_mktsegment = 'HOUSEHOLD';",297100,300147,random
1.0,1.0,1.0,1.0,1.0,1.0,0.16666666666666666,0.16666666666666666,1.0,0.6740124740121938,0.6740124740121938,1.0,0.5837021418487852,0.7967548139301456,0.0,0.0,0.0,0.0,0.0,0.0,"SELECT * FROM lineitem, orders, customer WHERE orders.o_custkey = customer.c_custkey AND lineitem.l_orderkey = orders.o_orderkey AND c_mktsegment = 'AUTOMOBILE' AND o_orderdate = DATE '1996-06-09' AND o_totalprice BETWEEN 324478.20 AND 442600.45;",14,35,random
1.0,1.0,1.0,1.0,1.0,1.0,0.8333333333333334,0.8333333333333334,0.0,0.0,0.0,0.0,0.0,0.0,1.0,0.6290252411325264,0.6290252411325264,1.0,0.38019033251324946,0.8216612829112394,"SELECT * FROM lineitem, orders, customer WHERE orders.o_custkey = customer.c_custkey AND lineitem.l_orderkey = orders.o_orderkey AND l_quantity = 31.82 AND c_mktsegment = 'MACHINERY' AND l_discount BETWEEN 0.04 AND 0.08;",1,0,random
0.0,1.0,1.0,0.0,1.0,0.0,0.0,0.0,0.0,0.0,0.0,0.0,0.0,0.0,1.0,0.2038916826979735,0.4129601097804987,1.0,0.47160545915245683,0.6114780537769868,"SELECT * FROM lineitem, orders WHERE lineitem.l_orderkey = orders.o_orderkey AND l_quantity BETWEEN 10.99 AND 21.24 AND l_discount BETWEEN 0.05 AND 0.06;",235105,239372,random
1.0,1.0,1.0,1.0,1.0,1.0,0.8333333333333334,0.8333333333333334,0.0,0.0,0.0,1.0,0.53312706457322,0.5462732192448292,1.0,0.9566854921770239,0.9566854921770239,0.0,0.0,0.0,"SELECT * FROM lineitem, orders, customer WHERE orders.o_custkey = customer.c_custkey AND lineitem.l_orderkey = orders.o_orderkey AND c_mktsegment = 'MACHINERY' AND l_quantity = 47.88 AND o_totalprice BETWEEN 296437.99 AND 303726.58;",1,0,random
1.0,1.0,1.0,1.0,1.0,1.0,0.5,0.5,0.0,0.0,0.0,0.0,0.0,0.0,0.0,0.0,0.0,0.0,0.0,0.0,"SELECT * FROM lineitem, orders, customer WHERE orders.o_custkey = customer.c_custkey AND lineitem.l_orderkey = orders.o_orderkey AND c_mktsegment = 'FURNITURE';",1207247,1199489,random
1.0,1.0,1.0,1.0,1.0,1.0,0.16666666666666666,0.16666666666666666,0.0,0.0,0.0,0.0,0.0,0.0,0.0,0.0,0.0,1.0,0.5431908715563695,0.8957604525826216,"SELECT * FROM lineitem, orders, customer WHERE orders.o_custkey = customer.c_custkey AND lineitem.l_orderkey = orders.o_orderkey AND c_mktsegment = 'AUTOMOBILE' AND l_discount BETWEEN 0.05 AND 0.09;",545551,540356,random
0.0,1.0,1.0,0.0,1.0,0.0,0.0,0.0,0.0,0.0,0.0,0.0,0.0,0.0,0.0,0.0,0.0,0.0,0.0,0.0,"SELECT * FROM orders, lineitem WHERE lineitem.l_orderkey = orders.o_orderkey;",6001226,6001215,random
1.0,1.0,0.0,1.0,0.0,1.0,0.3333333333333333,0.3333333333333333,0.0,0.0,0.0,0.0,0.0,0.0,0.0,0.0,0.0,0.0,0.0,0.0,"SELECT * FROM orders, customer WHERE orders.o_custkey = customer.c_custkey AND c_mktsegment = 'BUILDING';",296650,303959,random
1.0,1.0,1.0,1.0,1.0,0.0,0.0,0.0,0.0,0.0,0.0,0.0,0.0,0.0,1.0,0.052491106838391546,0.4133013660398239,0.0,0.0,0.0,"SELECT * FROM orders, customer, lineitem WHERE orders.o_custkey = customer.c_custkey AND lineitem.l_orderkey = orders.o_orderkey AND l_quantity BETWEEN 3.57 AND 21.25;",2141437,2158434,random
1.0,1.0,1.0,1.0,1.0,1.0,0.3333333333333333,0.3333333333333333,0.0,0.0,0.0,1.0,0.2854153413019913,0.287245037564394,1.0,0.7687249935221306,0.7687249935221306,0.0,0.0,0.0,"SELECT * FROM customer, orders, lineitem WHERE orders.o_custkey = customer.c_custkey AND lineitem.l_orderkey = orders.o_orderkey AND c_mktsegment = 'BUILDING' AND o_totalprice BETWEEN 159099.81 AND 160114.24 AND l_quantity = 38.67;",1,0,random
1.0,1.0,1.0,1.0,1.0,1.0,0.5,0.5,0.0,0.0,0.0,1.0,0.749003201440954,0.749003201440954,0.0,0.0,0.0,1.0,0.0374661755485901,0.2894669733064411,"SELECT * FROM customer, orders, lineitem WHERE orders.o_custkey = customer.c_custkey AND lineitem.l_orderkey = orders.o_orderkey AND o_totalprice = 416125.65 AND l_discount BETWEEN 0.00 AND 0.03 AND c_mktsegment = 'FURNITURE';",1,0,random
1.0,1.0,1.0,1.0,1.0,0.0,0.0,0.0,1.0,0.45904365904346817,0.45904365904346817,1.0,0.11264676102015427,0.11264676102015427,0.0,0.0,0.0,0.0,0.0,0.0,"SELECT * FROM customer, orders, lineitem WHERE orders.o_custkey = customer.c_custkey AND lineitem.l_orderkey = orders.o_orderkey AND o_totalprice = 63312.17 AND o_orderdate = DATE '1995-01-09';",4,0,random
1.0,1.0,0.0,1.0,0.0,1.0,0.8333333333333334,0.8333333333333334,1.0,0.1929313929313127,0.6108108108105569,0.0,0.0,0.0,0.0,0.0,0.0,0.0,0.0,0.0,"SELECT * FROM customer, orders WHERE orders.o_custkey = customer.c_custkey AND c_mktsegment = 'MACHINERY' AND o_orderdate BETWEEN DATE '1993-04-09' AND DATE '1996-01-09';",125795,125146,random
1.0,1.0,1.0,1.0,1.0,0.0,0.0,0.0,1.0,0.47733887733867886,0.9355509355505466,0.0,0.0,0.0,0.0,0.0,0.0,0.0,0.0,0.0,"SELECT * FROM orders, customer, lineitem WHERE orders.o_custkey = customer.c_custkey AND lineitem.l_orderkey = orders.o_orderkey AND o_orderdate BETWEEN DATE '1995-02-22' AND DATE '1998-02-28';",2760160,2756059,random
0.0,1.0,0.0,0.0,0.0,0.0,0.0,0.0,1.0,0.011226611226606559,0.6536382536379819,1.0,0.3019458396916141,0.9540348226549107,0.0,0.0,0.0,0.0,0.0,0.0,SELECT * FROM orders WHERE o_totalprice BETWEEN 168264.77 AND 529800.80 AND o_orderdate BETWEEN DATE '1992-01-28' AND DATE '1996-04-21';,392149,396883,random
1.0,1.0,1.0,1.0,1.0,0.0,0.0,0.0,0.0,0.0,0.0,0.0,0.0,0.0,0.0,0.0,0.0,0.0,0.0,0.0,"SELECT * FROM customer, orders, lineitem WHERE orders.o_custkey = customer.c_custkey AND lineitem.l_orderkey = orders.o_orderkey;",6001226,6001215,random
1.0,1.0,1.0,1.0,1.0,1.0,0.8333333333333334,0.8333333333333334,0.0,0.0,0.0,1.0,0.4158456154312239,0.6057389480890683,1.0,0.7573505232888699,0.8019949917636638,0.0,0.0,0.0,"SELECT * FROM orders, customer, lineitem WHERE orders.o_custkey = customer.c_custkey AND lineitem.l_orderkey = orders.o_orderkey AND o_totalprice BETWEEN 231413.93 AND 336696.01 AND c_mktsegment = 'MACHINERY' AND l_quantity BETWEEN 38.11 AND 40.30;",8722,16591,random
1.0,1.0,1.0,1.0,1.0,0.0,0.0,0.0,0.0,0.0,0.0,0.0,0.0,0.0,0.0,0.0,0.0,0.0,0.0,0.0,"SELECT * FROM customer, orders, lineitem WHERE orders.o_custkey = customer.c_custkey AND lineitem.l_orderkey = orders.o_orderkey;",6001226,6001215,random
1.0,1.0,1.0,1.0,1.0,0.0,0.0,0.0,0.0,0.0,0.0,0.0,0.0,0.0,0.0,0.0,0.0,0.0,0.0,0.0,"SELECT * FROM lineitem, orders, customer WHERE orders.o_custkey = customer.c_custkey AND lineitem.l_orderkey = orders.o_orderkey;",6001226,6001215,random
1.0,1.0,1.0,1.0,1.0,0.0,0.0,0.0,0.0,0.0,0.0,1.0,0.057736780932524656,0.4567984757118752,0.0,0.0,0.0,0.0,0.0,0.0,"SELECT * FROM lineitem, orders, customer WHERE orders.o_custkey = customer.c_custkey AND lineitem.l_orderkey = orders.o_orderkey AND o_totalprice BETWEEN 32868.57 AND 254119.32;",4651026,4483801,random
0.0,1.0,1.0,0.0,1.0,0.0,0.0,0.0,0.0,0.0,0.0,0.0,0.0,0.0,1.0,0.045289802726904506,0.3445288665551034,0.0,0.0,0.0,"SELECT * FROM orders, lineitem WHERE lineitem.l_orderkey = orders.o_orderkey AND l_quantity BETWEEN 3.22 AND 17.88;",1681143,1678602,random
1.0,0.0,0.0,0.0,0.0,0.0,0.0,0.0,0.0,0.0,0.0,0.0,0.0,0.0,0.0,0.0,0.0,0.0,0.0,0.0,SELECT * FROM customer;,150000,150000,random
1.0,1.0,1.0,1.0,1.0,0.0,0.0,0.0,0.0,0.0,0.0,1.0,0.38247961885137133,0.8696202853107068,0.0,0.0,0.0,1.0,0.3756455300455323,0.6827303472742379,"SELECT * FROM orders, lineitem, customer WHERE orders.o_custkey = customer.c_custkey AND lineitem.l_orderkey = orders.o_orderkey AND o_totalprice BETWEEN 212914.91 AND 482999.07 AND l_discount BETWEEN 0.04 AND 0.07;",556473,863825,random
1.0,1.0,1.0,1.0,1.0,0.0,0.0,0.0,0.0,0.0,0.0,0.0,0.0,0.0,0.0,0.0,0.0,1.0,0.00347329491017483,0.22269021373936437,"SELECT * FROM lineitem, orders, customer WHERE orders.o_custkey = customer.c_custkey AND lineitem.l_orderkey = orders.o_orderkey AND l_discount BETWEEN 0.00 AND 0.02;",1633934,1636893,random
0.0,1.0,0.0,0.0,0.0,0.0,0.0,0.0,1.0,0.24740124740114453,0.8232848232844809,1.0,0.2756497277951268,0.2756497277951268,0.0,0.0,0.0,0.0,0.0,0.0,SELECT * FROM orders WHERE o_orderdate BETWEEN DATE '1993-08-18' AND DATE '1997-06-03' AND o_totalprice = 153685.49;,1,0,random
1.0,1.0,1.0,1.0,1.0,0.0,0.0,0.0,0.0,0.0,0.0,0.0,0.0,0.0,0.0,0.0,0.0,0.0,0.0,0.0,"SELECT * FROM lineitem, orders, customer WHERE orders.o_custkey = customer.c_custkey AND lineitem.l_orderkey = orders.o_orderkey;",6001226,6001215,random
1.0,0.0,0.0,0.0,0.0,1.0,0.8333333333333334,0.8333333333333334,0.0,0.0,0.0,0.0,0.0,0.0,0.0,0.0,0.0,0.0,0.0,0.0,SELECT * FROM customer WHERE c_mktsegment = 'MACHINERY';,30450,29949,random
1.0,1.0,1.0,1.0,1.0,0.0,0.0,0.0,0.0,0.0,0.0,0.0,0.0,0.0,0.0,0.0,0.0,0.0,0.0,0.0,"SELECT * FROM customer, orders, lineitem WHERE orders.o_custkey = customer.c_custkey AND lineitem.l_orderkey = orders.o_orderkey;",6001226,6001215,random
0.0,1.0,0.0,0.0,0.0,0.0,0.0,0.0,1.0,0.8760914760911118,0.8760914760911118,1.0,0.7725382124821223,0.8183824890901514,0.0,0.0,0.0,0.0,0.0,0.0,SELECT * FROM orders WHERE o_totalprice BETWEEN 429174.10 AND 454591.43 AND o_orderdate = DATE '1997-10-08';,1,1,random
1.0,1.0,1.0,1.0,1.0,1.0,0.6666666666666666,0.6666666666666666,1.0,0.046569646569627206,0.34428274428260114,0.0,0.0,0.0,1.0,0.3811546324548166,0.5244630598820588,0.0,0.0,0.0,"SELECT * FROM lineitem, orders, customer WHERE orders.o_custkey = customer.c_custkey AND lineitem.l_orderkey = orders.o_orderkey AND o_orderdate BETWEEN DATE '1992-04-22' AND DATE '1994-04-08' AND l_quantity BETWEEN 19.68 AND 26.70 AND c_mktsegment = 'HOUSEHOLD';",49544,49677,random
1.0,1.0,0.0,1.0,0.0,0.0,0.0,0.0,0.0,0.0,0.0,1.0,0.30073641879514723,0.7075767974879709,0.0,0.0,0.0,0.0,0.0,0.0,"SELECT * FROM orders, customer WHERE orders.o_custkey = customer.c_custkey AND o_totalprice BETWEEN 167594.24 AND 393157.71;",605767,617159,random
1.0,1.0,1.0,1.0,1.0,1.0,0.6666666666666666,0.6666666666666666,0.0,0.0,0.0,1.0,0.6467058515479435,0.6467058515479435,0.0,0.0,0.0,0.0,0.0,0.0,"SELECT * FROM customer, orders, lineitem WHERE orders.o_custkey = customer.c_custkey AND lineitem.l_orderkey = orders.o_orderkey AND o_totalprice = 359409.19 AND c_mktsegment = 'HOUSEHOLD';",4,0,random
1.0,1.0,1.0,1.0,1.0,0.0,0.0,0.0,0.0,0.0,0.0,0.0,0.0,0.0,0.0,0.0,0.0,0.0,0.0,0.0,"SELECT * FROM customer, orders, lineitem WHERE orders.o_custkey = customer.c_custkey AND lineitem.l_orderkey = orders.o_orderkey;",6001226,6001215,random
0.0,0.0,1.0,0.0,0.0,0.0,0.0,0.0,0.0,0.0,0.0,0.0,0.0,0.0,1.0,0.9089941606882501,0.9089941606882501,1.0,0.9070328184631874,0.9070328184631874,SELECT * FROM lineitem WHERE l_discount = 0.09 AND l_quantity = 45.54;,1,0,random
1.0,0.0,0.0,0.0,0.0,0.0,0.0,0.0,0.0,0.0,0.0,0.0,0.0,0.0,0.0,0.0,0.0,0.0,0.0,0.0,SELECT * FROM customer;,150000,150000,random
1.0,1.0,1.0,1.0,1.0,1.0,0.6666666666666666,0.6666666666666666,0.0,0.0,0.0,0.0,0.0,0.0,0.0,0.0,0.0,1.0,0.3084222812027055,0.6487213335078993,"SELECT * FROM orders, lineitem, customer WHERE orders.o_custkey = customer.c_custkey AND lineitem.l_orderkey = orders.o_orderkey AND c_mktsegment = 'HOUSEHOLD' AND l_discount BETWEEN 0.03 AND 0.06;",434172,436389,random
1.0,1.0,0.0,1.0,0.0,0.0,0.0,0.0,1.0,0.14553014553008503,0.22120582120572924,1.0,0.3707049214312577,0.4139301705786238,0.0,0.0,0.0,0.0,0.0,0.0,"SELECT * FROM orders, customer WHERE orders.o_custkey = customer.c_custkey AND o_totalprice BETWEEN 206386.69 AND 230351.96 AND o_orderdate BETWEEN DATE '1992-12-16' AND DATE '1993-06-16';",8377,8626,random
0.0,1.0,1.0,0.0,1.0,0.0,0.0,0.0,0.0,0.0,0.0,1.0,0.5697895127040339,0.5697895127040339,0.0,0.0,0.0,1.0,0.55064252701065,0.55064252701065,"SELECT * FROM lineitem, orders WHERE lineitem.l_orderkey = orders.o_orderkey AND o_totalprice = 316764.66 AND l_discount = 0.06;",1,0,random
1.0,1.0,1.0,1.0,1.0,0.0,0.0,0.0,0.0,0.0,0.0,1.0,0.5465463287257863,0.5465463287257863,0.0,0.0,0.0,0.0,0.0,0.0,"SELECT * FROM orders, customer, lineitem WHERE orders.o_custkey = customer.c_custkey AND lineitem.l_orderkey = orders.o_orderkey AND o_totalprice = 303878.00;",4,0,random
0.0,0.0,1.0,0.0,0.0,0.0,0.0,0.0,0.0,0.0,0.0,0.0,0.0,0.0,0.0,0.0,0.0,0.0,0.0,0.0,SELECT * FROM lineitem;,6001226,6001215,random
1.0,1.0,1.0,1.0,1.0,0.0,0.0,0.0,0.0,0.0,0.0,0.0,0.0,0.0,0.0,0.0,0.0,0.0,0.0,0.0,"SELECT * FROM customer, orders, lineitem WHERE orders.o_custkey = customer.c_custkey AND lineitem.l_orderkey = orders.o_orderkey;",6001226,6001215,random
1.0,1.0,1.0,1.0,1.0,0.0,0.0,0.0,1.0,0.016632016632009715,0.7218295218292217,0.0,0.0,0.0,1.0,0.5322124850018751,0.5322124850018751,1.0,0.2866885336664003,0.5022160272232762,"SELECT * FROM customer, orders, lineitem WHERE orders.o_custkey = customer.c_custkey AND lineitem.l_orderkey = orders.o_orderkey AND l_quantity = 27.08 AND o_orderdate BETWEEN DATE '1992-02-10' AND DATE '1996-10-02' AND l_discount BETWEEN 0.03 AND 0.05;",1,0,random
1.0,1.0,1.0,1.0,1.0,0.0,0.0,0.0,0.0,0.0,0.0,1.0,0.4060274098738852,0.4060274098738852,1.0,0.26732473667118023,0.39689642248997153,0.0,0.0,0.0,"SELECT * FROM orders, lineitem, customer WHERE orders.o_custkey = customer.c_custkey AND lineitem.l_orderkey = orders.o_orderkey AND l_quantity BETWEEN 14.10 AND 20.45 AND o_totalprice = 225970.45;",1,0,random
1.0,1.0,1.0,1.0,1.0,0.0,0.0,0.0,1.0,0.0823284823284481,0.7027027027024105,1.0,0.4760051001318902,0.4760051001318902,1.0,0.3312706169854792,0.6449072419301407,0.0,0.0,0.0,"SELECT * FROM lineitem, orders, customer WHERE orders.o_custkey = customer.c_custkey AND lineitem.l_orderkey = orders.o_orderkey AND o_totalprice = 264768.00 AND o_orderdate BETWEEN DATE '1992-07-17' AND DATE '1996-08-17' AND l_quantity BETWEEN 17.23 AND 32.60;",1,0,random
1.0,1.0,1.0,1.0,1.0,0.0,0.0,0.0,0.0,0.0,0.0,0.0,0.0,0.0,0.0,0.0,0.0,0.0,0.0,0.0,"SELECT * FROM customer, orders, lineitem WHERE orders.o_custkey = customer.c_custkey AND lineitem.l_orderkey = orders.o_orderkey;",6001226,6001215,random
1.0,1.0,1.0,1.0,1.0,0.0,0.0,0.0,1.0,0.29896049896037463,0.5638253638251294,0.0,0.0,0.0,1.0,0.3838462140750725,0.7397451709056224,1.0,0.6770349591063322,0.8494424167950025,"SELECT * FROM orders, lineitem, customer WHERE orders.o_custkey = customer.c_custkey AND lineitem.l_orderkey = orders.o_orderkey AND o_orderdate BETWEEN DATE '1993-12-20' AND DATE '1995-09-18' AND l_discount BETWEEN 0.07 AND 0.08 AND l_quantity BETWEEN 19.81 AND 37.25;",103913,104457,random
1.0,1.0,1.0,1.0,1.0,0.0,0.0,0.0,0.0,0.0,0.0,0.0,0.0,0.0,0.0,0.0,0.0,0.0,0.0,0.0,"SELECT * FROM lineitem, orders, customer WHERE orders.o_custkey = customer.c_custkey AND lineitem.l_orderkey = orders.o_orderkey;",6001226,6001215,random
0.0,1.0,1.0,0.0,1.0,0.0,0.0,0.0,1.0,0.6187110187107615,0.6187110187107615,1.0,0.6606719075148741,0.6796948580881575,0.0,0.0,0.0,1.0,0.35581119414773593,0.941142835559297,"SELECT * FROM lineitem, orders WHERE lineitem.l_orderkey = orders.o_orderkey AND l_discount BETWEEN 0.04 AND 0.09 AND o_totalprice BETWEEN 367152.35 AND 377699.20 AND o_orderdate = DATE '1996-01-28';",2,0,random
1.0,1.0,1.0,1.0,1.0,1.0,0.16666666666666666,0.16666666666666666,0.0,0.0,0.0,0.0,0.0,0.0,1.0,0.4447358649872192,0.7613464911854343,1.0,0.10655091664575196,0.10655091664575196,"SELECT * FROM lineitem, orders, customer WHERE orders.o_custkey = customer.c_custkey AND lineitem.l_orderkey = orders.o_orderkey AND l_discount = 0.01 AND c_mktsegment = 'AUTOMOBILE' AND l_quantity BETWEEN 22.79 AND 38.31;",35575,34681,random
1.0,0.0,0.0,0.0,0.0,1.0,0.6666666666666666,0.6666666666666666,0.0,0.0,0.0,0.0,0.0,0.0,0.0,0.0,0.0,0.0,0.0,0.0,SELECT * FROM customer WHERE c_mktsegment = 'HOUSEHOLD';,29710,30189,random
0.0,1.0,1.0,0.0,1.0,0.0,0.0,0.0,0.0,0.0,0.0,1.0,0.5969245552870902,0.784438724252806,1.0,0.012340614883702588,0.4138100697596823,0.0,0.0,0.0,"SELECT * FROM lineitem, orders WHERE lineitem.l_orderkey = orders.o_orderkey AND o_totalprice BETWEEN 331809.07 AND 435772.07 AND l_quantity BETWEEN 1.60 AND 21.28;",50976,45037,random
1.0,1.0,1.0,1.0,1.0,0.0,0.0,0.0,0.0,0.0,0.0,1.0,0.14593482064654756,0.14593482064654756,0.0,0.0,0.0,1.0,0.2759618688427849,0.2759618688427849,"SELECT * FROM lineitem, orders, customer WHERE orders.o_custkey = customer.c_custkey AND lineitem.l_orderkey = orders.o_orderkey AND o_totalprice = 81767.98 AND l_discount = 0.03;",1,0,random
1.0,1.0,0.0,1.0,0.0,1.0,0.5,0.5,1.0,0.3958419958418313,0.3958419958418313,1.0,0.1069723675809018,0.19554822488026008,0.0,0.0,0.0,0.0,0.0,0.0,"SELECT * FROM customer, orders WHERE orders.o_custkey = customer.c_custkey AND o_totalprice BETWEEN 60166.13 AND 109275.01 AND c_mktsegment = 'FURNITURE' AND o_orderdate = DATE '1994-08-10';",23,24,random
1.0,1.0,1.0,1.0,1.0,1.0,0.3333333333333333,0.3333333333333333,1.0,0.9471933471929533,0.9471933471929533,0.0,0.0,0.0,0.0,0.0,0.0,0.0,0.0,0.0,"SELECT * FROM orders, customer, lineitem WHERE orders.o_custkey = customer.c_custkey AND lineitem.l_orderkey = orders.o_orderkey AND o_orderdate = DATE '1998-03-28' AND c_mktsegment = 'BUILDING';",492,586,random
1.0,1.0,0.0,1.0,0.0,1.0,0.8333333333333334,0.8333333333333334,1.0,0.364656964656813,0.9318087318083443,1.0,0.28030014646421697,0.32588623744290485,0.0,0.0,0.0,0.0,0.0,0.0,"SELECT * FROM customer, orders WHERE orders.o_custkey = customer.c_custkey AND c_mktsegment = 'MACHINERY' AND o_totalprice BETWEEN 156263.81 AND 181537.99 AND o_orderdate BETWEEN DATE '1994-05-27' AND DATE '1998-02-19';",15578,15589,random
0.0,0.0,1.0,0.0,0.0,0.0,0.0,0.0,0.0,0.0,0.0,0.0,0.0,0.0,0.0,0.0,0.0,0.0,0.0,0.0,SELECT * FROM lineitem;,6001226,6001215,random
1.0,1.0,1.0,1.0,1.0,0.0,0.0,0.0,0.0,0.0,0.0,0.0,0.0,0.0,1.0,0.24202116766585965,0.6586629685188761,0.0,0.0,0.0,"SELECT * FROM orders, lineitem, customer WHERE orders.o_custkey = customer.c_custkey AND lineitem.l_orderkey = orders.o_orderkey AND l_quantity BETWEEN 12.86 AND 33.27;",2543120,2521343,random
1.0,1.0,1.0,1.0,1.0,1.0,0.8333333333333334,0.8333333333333334,1.0,0.9683991683987657,0.9683991683987657,1.0,0.5938199433548764,0.8122969756789935,0.0,0.0,0.0,0.0,0.0,0.0,"SELECT * FROM orders, lineitem, customer WHERE orders.o_custkey = customer.c_custkey AND lineitem.l_orderkey = orders.o_orderkey AND c_mktsegment = 'MACHINERY' AND o_orderdate = DATE '1998-05-18' AND o_totalprice BETWEEN 330087.79 AND 451217.45;",12,19,random
1.0,1.0,1.0,1.0,1.0,0.0,0.0,0.0,0.0,0.0,0.0,0.0,0.0,0.0,1.0,0.010547772784364707,0.4304555438813975,1.0,0.5106762354182823,0.5106762354182823,"SELECT * FROM customer, orders, lineitem WHERE orders.o_custkey = customer.c_custkey AND lineitem.l_orderkey = orders.o_orderkey AND l_quantity BETWEEN 1.52 AND 22.09 AND l_discount = 0.05;",220978,229150,random
0.0,1.0,1.0,0.0,1.0,0.0,0.0,0.0,1.0,0.5002079002076922,0.5883575883573438,1.0,0.4159754285257118,0.4159754285257118,1.0,0.024562653025268045,0.024562653025268045,0.0,0.0,0.0,"SELECT * FROM lineitem, orders WHERE lineitem.l_orderkey = orders.o_orderkey AND o_orderdate BETWEEN DATE '1995-04-18' AND DATE '1995-11-16' AND l_quantity = 2.20 AND o_totalprice = 231485.91;",1,0,random
1.0,1.0,1.0,1.0,1.0,1.0,0.6666666666666666,0.6666666666666666,1.0,0.3002079002077754,0.3002079002077754,0.0,0.0,0.0,1.0,0.0976230311237166,0.0976230311237166,0.0,0.0,0.0,"SELECT * FROM customer, orders, lineitem WHERE orders.o_custkey = customer.c_custkey AND lineitem.l_orderkey = orders.o_orderkey AND l_quantity = 5.78 AND c_mktsegment = 'HOUSEHOLD' AND o_orderdate = DATE '1993-12-23';",1,0,random
1.0,1.0,1.0,1.0,1.0,0.0,0.0,0.0,0.0,0.0,0.0,0.0,0.0,0.0,1.0,0.3309896555464143,0.4263693836129809,0.0,0.0,0.0,"SELECT * FROM customer, orders, lineitem WHERE orders.o_custkey = customer.c_custkey AND lineitem.l_orderkey = orders.o_orderkey AND l_quantity BETWEEN 17.22 AND 21.89;",460294,479832,random
0.0,1.0,1.0,0.0,1.0,0.0,0.0,0.0,1.0,0.6141372141369588,0.6141372141369588,0.0,0.0,0.0,1.0,0.7047356159453522,0.7047356159453522,1.0,0.5922031524383368,0.5922031524383368,"SELECT * FROM orders, lineitem WHERE lineitem.l_orderkey = orders.o_orderkey AND o_orderdate = DATE '1996-01-17' AND l_discount = 0.06 AND l_quantity = 35.53;",1,0,random
0.0,0.0,1.0,0.0,0.0,0.0,0.0,0.0,0.0,0.0,0.0,0.0,0.0,0.0,0.0,0.0,0.0,0.0,0.0,0.0,SELECT * FROM lineitem;,6001226,6001215,random
1.0,1.0,1.0,1.0,1.0,1.0,0.5,0.5,0.0,0.0,0.0,0.0,0.0,0.0,0.0,0.0,0.0,1.0,0.4894839739109631,0.965916390289944,"SELECT * FROM lineitem, orders, customer WHERE orders.o_custkey = customer.c_custkey AND lineitem.l_orderkey = orders.o_orderkey AND l_discount BETWEEN 0.05 AND 0.10 AND c_mktsegment = 'FURNITURE';",654770,654526,random
1.0,1.0,1.0,1.0,1.0,1.0,0.5,0.5,0.0,0.0,0.0,0.0,0.0,0.0,1.0,0.5901683649654346,0.6721100817032662,0.0,0.0,0.0,"SELECT * FROM lineitem, orders, customer WHERE orders.o_custkey = customer.c_custkey AND lineitem.l_orderkey = orders.o_orderkey AND l_quantity BETWEEN 29.92 AND 33.93 AND c_mktsegment = 'FURNITURE';",95936,96341,random
0.0,1.0,0.0,0.0,0.0,0.0,0.0,0.0,0.0,0.0,0.0,1.0,0.14135854326803104,0.14135854326803104,0.0,0.0,0.0,0.0,0.0,0.0,SELECT * FROM orders WHERE o_totalprice = 79230.77;,1,0,random
0.0,1.0,1.0,0.0,1.0,0.0,0.0,0.0,1.0,0.4893970893968859,0.554677754677524,1.0,0.3145800146608437,0.3145800146608437,1.0,0.645260095066782,0.6934329265152037,0.0,0.0,0.0,"SELECT * FROM lineitem, orders WHERE lineitem.l_orderkey = orders.o_orderkey AND l_quantity BETWEEN 32.62 AND 34.98 AND o_orderdate BETWEEN DATE '1995-03-23' AND DATE '1995-08-27' AND o_totalprice = 175269.51;",1,0,random
1.0,1.0,0.0,1.0,0.0,0.0,0.0,0.0,0.0,0.0,0.0,1.0,0.3839441758679523,0.3839441758679523,0.0,0.0,0.0,0.0,0.0,0.0,"SELECT * FROM customer, orders WHERE orders.o_custkey = customer.c_custkey AND o_totalprice = 213726.90;",1,0,random
1.0,1.0,1.0,1.0,1.0,1.0,0.3333333333333333,0.3333333333333333,1.0,0.030769230769217976,0.030769230769217976,1.0,0.2748529182735335,0.29208990955870606,0.0,0.0,0.0,0.0,0.0,0.0,"SELECT * FROM lineitem, orders, customer WHERE orders.o_custkey = customer.c_custkey AND lineitem.l_orderkey = orders.o_orderkey AND c_mktsegment = 'BUILDING' AND o_orderdate = DATE '1992-03-15' AND o_totalprice BETWEEN 153243.71 AND 162800.37;",18,13,random
1.0,1.0,0.0,1.0,0.0,0.0,0.0,0.0,0.0,0.0,0.0,0.0,0.0,0.0,0.0,0.0,0.0,0.0,0.0,0.0,"SELECT * FROM customer, orders WHERE orders.o_custkey = customer.c_custkey;",1500000,1500000,random
1.0,1.0,1.0,1.0,1.0,0.0,0.0,0.0,0.0,0.0,0.0,1.0,0.9993126692789058,0.9993126692789058,0.0,0.0,0.0,0.0,0.0,0.0,"SELECT * FROM orders, customer, lineitem WHERE orders.o_custkey = customer.c_custkey AND lineitem.l_orderkey = orders.o_orderkey AND o_totalprice = 554904.08;",4,0,random
0.0,1.0,1.0,0.0,1.0,0.0,0.0,0.0,0.0,0.0,0.0,1.0,0.350630841113989,0.5879238969768095,0.0,0.0,0.0,0.0,0.0,0.0,"SELECT * FROM orders, lineitem WHERE lineitem.l_orderkey = orders.o_orderkey AND o_totalprice BETWEEN 195257.07 AND 326818.86;",1716071,2556516,random
1.0,1.0,1.0,1.0,1.0,0.0,0.0,0.0,0.0,0.0,0.0,0.0,0.0,0.0,0.0,0.0,0.0,0.0,0.0,0.0,"SELECT * FROM lineitem, orders, customer WHERE orders.o_custkey = customer.c_custkey AND lineitem.l_orderkey = orders.o_orderkey;",6001226,6001215,random
1.0,1.0,1.0,1.0,1.0,0.0,0.0,0.0,0.0,0.0,0.0,0.0,0.0,0.0,0.0,0.0,0.0,0.0,0.0,0.0,"SELECT * FROM lineitem, orders, customer WHERE orders.o_custkey = customer.c_custkey AND lineitem.l_orderkey = orders.o_orderkey;",6001226,6001215,random
0.0,1.0,0.0,0.0,0.0,0.0,0.0,0.0,1.0,0.7114345114342157,0.7114345114342157,1.0,0.12688816861381,0.8660787949911551,0.0,0.0,0.0,0.0,0.0,0.0,SELECT * FROM orders WHERE o_totalprice BETWEEN 71207.99 AND 481035.57 AND o_orderdate = DATE '1996-09-07';,482,513,random
1.0,1.0,1.0,1.0,1.0,1.0,0.6666666666666666,0.6666666666666666,0.0,0.0,0.0,0.0,0.0,0.0,1.0,0.40285077329359953,0.749802382857888,1.0,0.7945986227216785,0.7945986227216785,"SELECT * FROM lineitem, orders, customer WHERE orders.o_custkey = customer.c_custkey AND lineitem.l_orderkey = orders.o_orderkey AND c_mktsegment = 'HOUSEHOLD' AND l_discount = 0.08 AND l_quantity BETWEEN 20.74 AND 37.74;",37700,36942,random
1.0,1.0,1.0,1.0,1.0,0.0,0.0,0.0,1.0,0.6968814968812072,0.8498960498956966,0.0,0.0,0.0,1.0,0.39771586818054716,0.9681285800560657,1.0,0.3228651463613015,0.4947149426083392,"SELECT * FROM orders, customer, lineitem WHERE orders.o_custkey = customer.c_custkey AND lineitem.l_orderkey = orders.o_orderkey AND o_orderdate BETWEEN DATE '1996-08-03' AND DATE '1997-08-06' AND l_quantity BETWEEN 20.49 AND 48.44 AND l_discount BETWEEN 0.03 AND 0.05;",144442,141535,random
0.0,1.0,1.0,0.0,1.0,0.0,0.0,0.0,0.0,0.0,0.0,0.0,0.0,0.0,0.0,0.0,0.0,0.0,0.0,0.0,"SELECT * FROM lineitem, orders WHERE lineitem.l_orderkey = orders.o_orderkey;",6001226,6001215,random
0.0,1.0,0.0,0.0,0.0,0.0,0.0,0.0,0.0,0.0,0.0,0.0,0.0,0.0,0.0,0.0,0.0,0.0,0.0,0.0,SELECT * FROM orders;,1500000,1500000,random
1.0,1.0,1.0,1.0,1.0,0.0,0.0,0.0,1.0,0.9326403326399448,0.9326403326399448,1.0,0.6545879644187929,0.6545879644187929,0.0,0.0,0.0,0.0,0.0,0.0,"SELECT * FROM customer, orders, lineitem WHERE orders.o_custkey = customer.c_custkey AND lineitem.l_orderkey = orders.o_orderkey AND o_orderdate = DATE '1998-02-21' AND o_totalprice = 363779.25;",4,0,random
0.0,1.0,1.0,0.0,1.0,0.0,0.0,0.0,0.0,0.0,0.0,0.0,0.0,0.0,0.0,0.0,0.0,1.0,0.09119918630490127,0.09518367702761983,"SELECT * FROM orders, lineitem WHERE lineitem.l_orderkey = orders.o_orderkey AND l_discount BETWEEN 0.01 AND 0.01;",555914,545834,random
1.0,0.0,0.0,0.0,0.0,1.0,0.8333333333333334,0.8333333333333334,0.0,0.0,0.0,0.0,0.0,0.0,0.0,0.0,0.0,0.0,0.0,0.0,SELECT * FROM customer WHERE c_mktsegment = 'MACHINERY';,30450,29949,random
0.0,1.0,1.0,0.0,1.0,0.0,0.0,0.0,0.0,0.0,0.0,0.0,0.0,0.0,0.0,0.0,0.0,0.0,0.0,0.0,"SELECT * FROM lineitem, orders WHERE lineitem.l_orderkey = orders.o_orderkey;",6001226,6001215,random
1.0,1.0,1.0,1.0,1.0,0.0,0.0,0.0,0.0,0.0,0.0,0.0,0.0,0.0,0.0,0.0,0.0,0.0,0.0,0.0,"SELECT * FROM orders, lineitem, customer WHERE orders.o_custkey = customer.c_custkey AND lineitem.l_orderkey = orders.o_orderkey;",6001226,6001215,random
0.0,1.0,0.0,0.0,0.0,0.0,0.0,0.0,1.0,0.8133056133052752,0.8133056133052752,0.0,0.0,0.0,0.0,0.0,0.0,0.0,0.0,0.0,SELECT * FROM orders WHERE o_orderdate = DATE '1997-05-10';,622,633,random
1.0,1.0,1.0,1.0,1.0,0.0,0.0,0.0,1.0,0.21288981288972436,0.21288981288972436,1.0,0.21724467789149263,0.8965929456089801,1.0,0.6160760125881333,0.9198941246359809,0.0,0.0,0.0,"SELECT * FROM lineitem, orders, customer WHERE orders.o_custkey = customer.c_custkey AND lineitem.l_orderkey = orders.o_orderkey AND o_orderdate = DATE '1993-05-27' AND l_quantity BETWEEN 31.19 AND 46.07 AND o_totalprice BETWEEN 121304.12 AND 497953.45;",432,555,random
1.0,0.0,0.0,0.0,0.0,1.0,0.5,0.5,0.0,0.0,0.0,0.0,0.0,0.0,0.0,0.0,0.0,0.0,0.0,0.0,SELECT * FROM customer WHERE c_mktsegment = 'FURNITURE';,30175,29968,random
1.0,1.0,1.0,1.0,1.0,0.0,0.0,0.0,0.0,0.0,0.0,0.0,0.0,0.0,0.0,0.0,0.0,0.0,0.0,0.0,"SELECT * FROM orders, lineitem, customer WHERE orders.o_custkey = customer.c_custkey AND lineitem.l_orderkey = orders.o_orderkey;",6001226,6001215,random
1.0,1.0,1.0,1.0,1.0,1.0,0.16666666666666666,0.16666666666666666,0.0,0.0,0.0,0.0,0.0,0.0,1.0,0.2393410764204869,0.7937780317105148,0.0,0.0,0.0,"SELECT * FROM lineitem, orders, customer WHERE orders.o_custkey = customer.c_custkey AND lineitem.l_orderkey = orders.o_orderkey AND c_mktsegment = 'AUTOMOBILE' AND l_quantity BETWEEN 12.73 AND 39.90;",648613,642719,random
1.0,1.0,0.0,1.0,0.0,0.0,0.0,0.0,0.0,0.0,0.0,0.0,0.0,0.0,0.0,0.0,0.0,0.0,0.0,0.0,"SELECT * FROM customer, orders WHERE orders.o_custkey = customer.c_custkey;",1500000,1500000,random
1.0,1.0,1.0,1.0,1.0,1.0,0.16666666666666666,0.16666666666666666,1.0,0.21580041580032608,0.21580041580032608,1.0,0.016689401770856177,0.7703670492246123,0.0,0.0,0.0,0.0,0.0,0.0,"SELECT * FROM orders, lineitem, customer WHERE orders.o_custkey = customer.c_custkey AND lineitem.l_orderkey = orders.o_orderkey AND o_totalprice BETWEEN 10110.77 AND 427970.35 AND c_mktsegment = 'AUTOMOBILE' AND o_orderdate = DATE '1993-06-03';",484,500,random
1.0,1.0,1.0,1.0,1.0,0.0,0.0,0.0,1.0,0.07900207900204616,0.07900207900204616,1.0,0.15537713122658528,0.9743133843545603,0.0,0.0,0.0,0.0,0.0,0.0,"SELECT * FROM orders, customer, lineitem WHERE orders.o_custkey = customer.c_custkey AND lineitem.l_orderkey = orders.o_orderkey AND o_orderdate = DATE '1992-07-09' AND o_totalprice BETWEEN 87003.06 AND 541043.80;",1776,2232,random
0.0,1.0,1.0,0.0,1.0,0.0,0.0,0.0,1.0,0.08607068607065028,0.08607068607065028,0.0,0.0,0.0,0.0,0.0,0.0,0.0,0.0,0.0,"SELECT * FROM lineitem, orders WHERE lineitem.l_orderkey = orders.o_orderkey AND o_orderdate = DATE '1992-07-26';",2489,2535,random
0.0,1.0,1.0,0.0,1.0,0.0,0.0,0.0,0.0,0.0,0.0,0.0,0.0,0.0,0.0,0.0,0.0,0.0,0.0,0.0,"SELECT * FROM orders, lineitem WHERE lineitem.l_orderkey = orders.o_orderkey;",6001226,6001215,random
1.0,0.0,0.0,0.0,0.0,0.0,0.0,0.0,0.0,0.0,0.0,0.0,0.0,0.0,0.0,0.0,0.0,0.0,0.0,0.0,SELECT * FROM customer;,150000,150000,random
0.0,1.0,0.0,0.0,0.0,0.0,0.0,0.0,1.0,0.7496881496878379,0.7496881496878379,0.0,0.0,0.0,0.0,0.0,0.0,0.0,0.0,0.0,SELECT * FROM orders WHERE o_orderdate = DATE '1996-12-08';,622,646,random
1.0,1.0,1.0,1.0,1.0,1.0,0.6666666666666666,0.6666666666666666,0.0,0.0,0.0,0.0,0.0,0.0,0.0,0.0,0.0,1.0,0.07707003051568503,0.5766516689476673,"SELECT * FROM lineitem, orders, customer WHERE orders.o_custkey = customer.c_custkey AND lineitem.l_orderkey = orders.o_orderkey AND l_discount BETWEEN 0.01 AND 0.06 AND c_mktsegment = 'HOUSEHOLD';",650901,654845,random
1.0,1.0,0.0,1.0,0.0,1.0,0.8333333333333334,0.8333333333333334,1.0,0.7733887733884518,0.7733887733884518,0.0,0.0,0.0,0.0,0.0,0.0,0.0,0.0,0.0,"SELECT * FROM customer, orders WHERE orders.o_custkey = customer.c_custkey AND o_orderdate = DATE '1997-02-03' AND c_mktsegment = 'MACHINERY';",126,105,random
1.0,1.0,1.0,1.0,1.0,0.0,0.0,0.0,1.0,0.9201663201659376,0.9201663201659376,1.0,0.9603421453944219,0.9603421453944219,1.0,0.8031154864411638,0.8031154864411638,0.0,0.0,0.0,"SELECT * FROM customer, orders, lineitem WHERE orders.o_custkey = customer.c_custkey AND lineitem.l_orderkey = orders.o_orderkey AND o_orderdate = DATE '1998-01-22' AND o_totalprice = 533297.76 AND l_quantity = 40.35;",1,0,random
1.0,1.0,1.0,1.0,1.0,1.0,0.16666666666666666,0.16666666666666666,0.0,0.0,0.0,0.0,0.0,0.0,0.0,0.0,0.0,1.0,0.11940092848080192,0.6733257099853346,"SELECT * FROM lineitem, orders, customer WHERE orders.o_custkey = customer.c_custkey AND lineitem.l_orderkey = orders.o_orderkey AND c_mktsegment = 'AUTOMOBILE' AND l_discount BETWEEN 0.01 AND 0.07;",765316,757868,random
1.0,0.0,0.0,0.0,0.0,0.0,0.0,0.0,0.0,0.0,0.0,0.0,0.0,0.0,0.0,0.0,0.0,0.0,0.0,0.0,SELECT * FROM customer;,150000,150000,random
1.0,1.0,1.0,1.0,1.0,0.0,0.0,0.0,0.0,0.0,0.0,0.0,0.0,0.0,0.0,0.0,0.0,0.0,0.0,0.0,"SELECT * FROM customer, orders, lineitem WHERE orders.o_custkey = customer.c_custkey AND lineitem.l_orderkey = orders.o_orderkey;",6001226,6001215,random
1.0,1.0,0.0,1.0,0.0,1.0,0.3333333333333333,0.3333333333333333,1.0,0.9717255717251677,0.9717255717251677,1.0,0.5465592426097547,0.7959735411787531,0.0,0.0,0.0,0.0,0.0,0.0,"SELECT * FROM orders, customer WHERE orders.o_custkey = customer.c_custkey AND o_orderdate = DATE '1998-05-26' AND c_mktsegment = 'BUILDING' AND o_totalprice BETWEEN 303885.16 AND 442167.29;",6,6,random
0.0,1.0,0.0,0.0,0.0,0.0,0.0,0.0,0.0,0.0,0.0,1.0,0.6359418395129877,0.6934608062893035,0.0,0.0,0.0,0.0,0.0,0.0,SELECT * FROM orders WHERE o_totalprice BETWEEN 353441.32 AND 385331.42;,9060,13355,random
0.0,1.0,0.0,0.0,0.0,0.0,0.0,0.0,1.0,0.23783783783773896,0.49189189189168736,1.0,0.10394901935155945,0.7272150390409712,0.0,0.0,0.0,0.0,0.0,0.0,SELECT * FROM orders WHERE o_totalprice BETWEEN 58489.90 AND 404045.69 AND o_orderdate BETWEEN DATE '1993-07-26' AND DATE '1995-03-29';,309080,314083,random
1.0,0.0,0.0,0.0,0.0,1.0,0.16666666666666666,0.16666666666666666,0.0,0.0,0.0,0.0,0.0,0.0,0.0,0.0,0.0,0.0,0.0,0.0,SELECT * FROM customer WHERE c_mktsegment = 'AUTOMOBILE';,30000,29752,random
1.0,0.0,0.0,0.0,0.0,1.0,0.5,0.5,0.0,0.0,0.0,0.0,0.0,0.0,0.0,0.0,0.0,0.0,0.0,0.0,SELECT * FROM customer WHERE c_mktsegment = 'FURNITURE';,30175,29968,random
0.0,1.0,1.0,0.0,1.0,0.0,0.0,0.0,0.0,0.0,0.0,1.0,0.5678207282892072,0.5678207282892072,1.0,0.31500891540332954,0.31500891540332954,1.0,0.23677173237417917,0.9642182650905582,"SELECT * FROM lineitem, orders WHERE lineitem.l_orderkey = orders.o_orderkey AND o_totalprice = 315673.11 AND l_discount BETWEEN 0.02 AND 0.10 AND l_quantity = 16.44;",1,0,random
1.0,1.0,1.0,1.0,1.0,0.0,0.0,0.0,1.0,0.7700623700620499,0.7700623700620499,0.0,0.0,0.0,0.0,0.0,0.0,0.0,0.0,0.0,"SELECT * FROM lineitem, orders, customer WHERE orders.o_custkey = customer.c_custkey AND lineitem.l_orderkey = orders.o_orderkey AND o_orderdate = DATE '1997-01-26';",2489,2388,random
1.0,0.0,0.0,0.0,0.0,1.0,0.6666666666666666,0.6666666666666666,0.0,0.0,0.0,0.0,0.0,0.0,0.0,0.0,0.0,0.0,0.0,0.0,SELECT * FROM customer WHERE c_mktsegment = 'HOUSEHOLD';,29710,30189,random
0.0,1.0,1.0,0.0,1.0,0.0,0.0,0.0,0.0,0.0,0.0,1.0,0.3042149828850224,0.7047048039501741,0.0,0.0,0.0,1.0,0.09042088714431601,0.8524821771363268,"SELECT * FROM orders, lineitem WHERE lineitem.l_orderkey = orders.o_orderkey AND l_discount BETWEEN 0.01 AND 0.09 AND o_totalprice BETWEEN 169522.85 AND 391565.40;",1959749,2860439,random
1.0,1.0,1.0,1.0,1.0,0.0,0.0,0.0,0.0,0.0,0.0,0.0,0.0,0.0,0.0,0.0,0.0,0.0,0.0,0.0,"SELECT * FROM customer, orders, lineitem WHERE orders.o_custkey = customer.c_custkey AND lineitem.l_orderkey = orders.o_orderkey;",6001226,6001215,random
1.0,1.0,1.0,1.0,1.0,0.0,0.0,0.0,0.0,0.0,0.0,0.0,0.0,0.0,0.0,0.0,0.0,0.0,0.0,0.0,"SELECT * FROM orders, lineitem, customer WHERE orders.o_custkey = customer.c_custkey AND lineitem.l_orderkey = orders.o_orderkey;",6001226,6001215,random
1.0,1.0,0.0,1.0,0.0,0.0,0.0,0.0,1.0,0.8237006237002812,0.8237006237002812,0.0,0.0,0.0,0.0,0.0,0.0,0.0,0.0,0.0,"SELECT * FROM customer, orders WHERE orders.o_custkey = customer.c_custkey AND o_orderdate = DATE '1997-06-04';",622,645,random
0.0,1.0,1.0,0.0,1.0,0.0,0.0,0.0,0.0,0.0,0.0,0.0,0.0,0.0,0.0,0.0,0.0,0.0,0.0,0.0,"SELECT * FROM lineitem, orders WHERE lineitem.l_orderkey = orders.o_orderkey;",6001226,6001215,random
0.0,0.0,1.0,0.0,0.0,0.0,0.0,0.0,0.0,0.0,0.0,0.0,0.0,0.0,1.0,0.847275434635843,0.847275434635843,0.0,0.0,0.0,SELECT * FROM lineitem WHERE l_quantity = 42.52;,1,0,random
1.0,1.0,1.0,1.0,1.0,0.0,0.0,0.0,0.0,0.0,0.0,1.0,0.44601143064665555,0.44601143064665555,1.0,0.9083042158533867,0.9083042158533867,1.0,0.3827294347399634,0.42666401416173916,"SELECT * FROM customer, orders, lineitem WHERE orders.o_custkey = customer.c_custkey AND lineitem.l_orderkey = orders.o_orderkey AND l_discount BETWEEN 0.04 AND 0.04 AND l_quantity = 45.51 AND o_totalprice = 248138.69;",1,0,random
0.0,0.0,1.0,0.0,0.0,0.0,0.0,0.0,0.0,0.0,0.0,0.0,0.0,0.0,1.0,0.3830152760161972,0.3830152760161972,1.0,0.47903092516984525,0.8827785653311261,SELECT * FROM lineitem WHERE l_discount BETWEEN 0.05 AND 0.09 AND l_quantity = 19.77;,1,0,random
0.0,1.0,1.0,0.0,1.0,0.0,0.0,0.0,0.0,0.0,0.0,1.0,0.21902018807309412,0.21902018807309412,1.0,0.17981587369419952,0.3883812745613742,1.0,0.4846794805937135,0.912677007471597,"SELECT * FROM lineitem, orders WHERE lineitem.l_orderkey = orders.o_orderkey AND l_discount BETWEEN 0.05 AND 0.09 AND l_quantity BETWEEN 9.81 AND 20.03 AND o_totalprice = 122288.51;",1,0,random
1.0,1.0,1.0,1.0,1.0,0.0,0.0,0.0,1.0,0.6569646569643838,0.6569646569643838,0.0,0.0,0.0,0.0,0.0,0.0,0.0,0.0,0.0,"SELECT * FROM orders, lineitem, customer WHERE orders.o_custkey = customer.c_custkey AND lineitem.l_orderkey = orders.o_orderkey AND o_orderdate = DATE '1996-04-29';",2489,2677,random
0.0,1.0,1.0,0.0,1.0,0.0,0.0,0.0,1.0,0.1733887733887013,0.9912681912677791,0.0,0.0,0.0,0.0,0.0,0.0,1.0,0.3180043651118278,0.3180043651118278,"SELECT * FROM lineitem, orders WHERE lineitem.l_orderkey = orders.o_orderkey AND o_orderdate BETWEEN DATE '1993-02-21' AND DATE '1998-07-12' AND l_discount = 0.03;",457322,447251,random
1.0,1.0,1.0,1.0,1.0,1.0,0.16666666666666666,0.16666666666666666,0.0,0.0,0.0,1.0,0.21880894169157686,0.21880894169157686,1.0,0.03796374119932495,0.17555676765706796,0.0,0.0,0.0,"SELECT * FROM orders, lineitem, customer WHERE orders.o_custkey = customer.c_custkey AND lineitem.l_orderkey = orders.o_orderkey AND l_quantity BETWEEN 2.86 AND 9.60 AND c_mktsegment = 'AUTOMOBILE' AND o_totalprice = 122171.39;",1,0,random
1.0,1.0,0.0,1.0,0.0,0.0,0.0,0.0,1.0,0.17754677754670373,0.17754677754670373,0.0,0.0,0.0,0.0,0.0,0.0,0.0,0.0,0.0,"SELECT * FROM customer, orders WHERE orders.o_custkey = customer.c_custkey AND o_orderdate = DATE '1993-03-03';",622,612,random
1.0,1.0,1.0,1.0,1.0,0.0,0.0,0.0,0.0,0.0,0.0,0.0,0.0,0.0,0.0,0.0,0.0,0.0,0.0,0.0,"SELECT * FROM orders, lineitem, customer WHERE orders.o_custkey = customer.c_custkey AND lineitem.l_orderkey = orders.o_orderkey;",6001226,6001215,random
0.0,1.0,1.0,0.0,1.0,0.0,0.0,0.0,0.0,0.0,0.0,0.0,0.0,0.0,1.0,0.7918425249837117,0.9606621003491329,1.0,0.157503884441807,0.157503884441807,"SELECT * FROM lineitem, orders WHERE lineitem.l_orderkey = orders.o_orderkey AND l_discount = 0.02 AND l_quantity BETWEEN 39.80 AND 48.07;",98188,98503,random
1.0,1.0,1.0,1.0,1.0,1.0,0.3333333333333333,0.3333333333333333,0.0,0.0,0.0,1.0,0.001797906672865831,0.001797906672865831,0.0,0.0,0.0,0.0,0.0,0.0,"SELECT * FROM customer, orders, lineitem WHERE orders.o_custkey = customer.c_custkey AND lineitem.l_orderkey = orders.o_orderkey AND c_mktsegment = 'BUILDING' AND o_totalprice = 1854.52;",4,0,random
1.0,1.0,1.0,1.0,1.0,0.0,0.0,0.0,0.0,0.0,0.0,0.0,0.0,0.0,0.0,0.0,0.0,0.0,0.0,0.0,"SELECT * FROM lineitem, orders, customer WHERE orders.o_custkey = customer.c_custkey AND lineitem.l_orderkey = orders.o_orderkey;",6001226,6001215,random
1.0,1.0,1.0,1.0,1.0,0.0,0.0,0.0,0.0,0.0,0.0,0.0,0.0,0.0,0.0,0.0,0.0,0.0,0.0,0.0,"SELECT * FROM customer, orders, lineitem WHERE orders.o_custkey = customer.c_custkey AND lineitem.l_orderkey = orders.o_orderkey;",6001226,6001215,random
1.0,1.0,1.0,1.0,1.0,0.0,0.0,0.0,0.0,0.0,0.0,0.0,0.0,0.0,0.0,0.0,0.0,0.0,0.0,0.0,"SELECT * FROM lineitem, orders, customer WHERE orders.o_custkey = customer.c_custkey AND lineitem.l_orderkey = orders.o_orderkey;",6001226,6001215,random
1.0,1.0,0.0,1.0,0.0,1.0,0.16666666666666666,0.16666666666666666,1.0,0.378378378378221,0.545945945945719,1.0,0.8845519975872258,0.9691018251056833,0.0,0.0,0.0,0.0,0.0,0.0,"SELECT * FROM customer, orders WHERE orders.o_custkey = customer.c_custkey AND o_totalprice BETWEEN 491277.62 AND 538154.36 AND o_orderdate BETWEEN DATE '1994-06-29' AND DATE '1995-08-06' AND c_mktsegment = 'AUTOMOBILE';",1,1,random
1.0,1.0,1.0,1.0,1.0,0.0,0.0,0.0,0.0,0.0,0.0,0.0,0.0,0.0,0.0,0.0,0.0,0.0,0.0,0.0,"SELECT * FROM lineitem, orders, customer WHERE orders.o_custkey = customer.c_custkey AND lineitem.l_orderkey = orders.o_orderkey;",6001226,6001215,random
1.0,1.0,0.0,1.0,0.0,1.0,0.16666666666666666,0.16666666666666666,1.0,0.9854469854465757,0.9854469854465757,1.0,0.07500242104415764,0.07500242104415764,0.0,0.0,0.0,0.0,0.0,0.0,"SELECT * FROM customer, orders WHERE orders.o_custkey = customer.c_custkey AND o_totalprice = 42441.11 AND c_mktsegment = 'AUTOMOBILE' AND o_orderdate = DATE '1998-06-28';",1,0,random
1.0,1.0,1.0,1.0,1.0,0.0,0.0,0.0,0.0,0.0,0.0,0.0,0.0,0.0,0.0,0.0,0.0,0.0,0.0,0.0,"SELECT * FROM lineitem, orders, customer WHERE orders.o_custkey = customer.c_custkey AND lineitem.l_orderkey = orders.o_orderkey;",6001226,6001215,random
1.0,1.0,0.0,1.0,0.0,1.0,0.5,0.5,1.0,0.04948024948022891,0.04948024948022891,0.0,0.0,0.0,0.0,0.0,0.0,0.0,0.0,0.0,"SELECT * FROM customer, orders WHERE orders.o_custkey = customer.c_custkey AND c_mktsegment = 'FURNITURE' AND o_orderdate = DATE '1992-04-29';",125,107,random
1.0,1.0,1.0,1.0,1.0,0.0,0.0,0.0,0.0,0.0,0.0,0.0,0.0,0.0,1.0,0.20695298291940478,0.20695298291940478,1.0,0.4803283926471244,0.6250909474583913,"SELECT * FROM orders, lineitem, customer WHERE orders.o_custkey = customer.c_custkey AND lineitem.l_orderkey = orders.o_orderkey AND l_discount BETWEEN 0.05 AND 0.06 AND l_quantity = 11.14;",1,0,random
1.0,1.0,1.0,1.0,1.0,1.0,0.16666666666666666,0.16666666666666666,0.0,0.0,0.0,0.0,0.0,0.0,0.0,0.0,0.0,1.0,0.3710205211305422,0.3875271131452257,"SELECT * FROM customer, orders, lineitem WHERE orders.o_custkey = customer.c_custkey AND lineitem.l_orderkey = orders.o_orderkey AND c_mktsegment = 'AUTOMOBILE' AND l_discount BETWEEN 0.04 AND 0.04;",110223,107977,random
1.0,1.0,0.0,1.0,0.0,1.0,0.16666666666666666,0.16666666666666666,1.0,0.7521829521826394,0.7521829521826394,1.0,0.22624228028266646,0.2685619932729491,0.0,0.0,0.0,0.0,0.0,0.0,"SELECT * FROM customer, orders WHERE orders.o_custkey = customer.c_custkey AND o_totalprice BETWEEN 126292.64 AND 149755.85 AND o_orderdate = DATE '1996-12-14' AND c_mktsegment = 'AUTOMOBILE';",11,6,random
0.0,1.0,0.0,0.0,0.0,0.0,0.0,0.0,1.0,0.8182952182948781,0.8407484407480912,0.0,0.0,0.0,0.0,0.0,0.0,0.0,0.0,0.0,SELECT * FROM orders WHERE o_orderdate BETWEEN DATE '1997-05-22' AND DATE '1997-07-15';,36757,34650,random
0.0,1.0,1.0,0.0,1.0,0.0,0.0,0.0,0.0,0.0,0.0,0.0,0.0,0.0,0.0,0.0,0.0,0.0,0.0,0.0,"SELECT * FROM lineitem, orders WHERE lineitem.l_orderkey = orders.o_orderkey;",6001226,6001215,random
0.0,1.0,1.0,0.0,1.0,0.0,0.0,0.0,0.0,0.0,0.0,0.0,0.0,0.0,1.0,0.16716478743930893,0.2118901596060419,0.0,0.0,0.0,"SELECT * FROM lineitem, orders WHERE lineitem.l_orderkey = orders.o_orderkey AND l_quantity BETWEEN 9.19 AND 11.38;",234648,239252,random
1.0,0.0,0.0,0.0,0.0,1.0,0.16666666666666666,0.16666666666666666,0.0,0.0,0.0,0.0,0.0,0.0,0.0,0.0,0.0,0.0,0.0,0.0,SELECT * FROM customer WHERE c_mktsegment = 'AUTOMOBILE';,30000,29752,random
1.0,1.0,1.0,1.0,1.0,0.0,0.0,0.0,0.0,0.0,0.0,0.0,0.0,0.0,0.0,0.0,0.0,0.0,0.0,0.0,"SELECT * FROM orders, lineitem, customer WHERE orders.o_custkey = customer.c_custkey AND lineitem.l_orderkey = orders.o_orderkey;",6001226,6001215,random
1.0,1.0,0.0,1.0,0.0,0.0,0.0,0.0,0.0,0.0,0.0,0.0,0.0,0.0,0.0,0.0,0.0,0.0,0.0,0.0,"SELECT * FROM orders, customer WHERE orders.o_custkey = customer.c_custkey;",1500000,1500000,random
1.0,1.0,1.0,1.0,1.0,0.0,0.0,0.0,0.0,0.0,0.0,0.0,0.0,0.0,0.0,0.0,0.0,0.0,0.0,0.0,"SELECT * FROM lineitem, orders, customer WHERE orders.o_custkey = customer.c_custkey AND lineitem.l_orderkey = orders.o_orderkey;",6001226,6001215,random
1.0,1.0,1.0,1.0,1.0,1.0,0.16666666666666666,0.16666666666666666,1.0,0.40166320166303465,0.6806652806649977,0.0,0.0,0.0,0.0,0.0,0.0,1.0,0.40297395440183714,0.40297395440183714,"SELECT * FROM customer, orders, lineitem WHERE orders.o_custkey = customer.c_custkey AND lineitem.l_orderkey = orders.o_orderkey AND c_mktsegment = 'AUTOMOBILE' AND l_discount = 0.04 AND o_orderdate BETWEEN DATE '1994-08-24' AND DATE '1996-06-25';",30439,30351,random
0.0,1.0,1.0,0.0,1.0,0.0,0.0,0.0,0.0,0.0,0.0,1.0,0.280346653184641,0.280346653184641,0.0,0.0,0.0,1.0,0.020232888390942998,0.8173859171314184,"SELECT * FROM orders, lineitem WHERE lineitem.l_orderkey = orders.o_orderkey AND l_discount BETWEEN 0.00 AND 0.08 AND o_totalprice = 156289.59;",3,0,random
0.0,1.0,1.0,0.0,1.0,0.0,0.0,0.0,1.0,0.40706860706843784,0.484407484407283,0.0,0.0,0.0,1.0,0.32086831531331733,0.7287994132546816,1.0,0.08928684941006376,0.4417165936420002,"SELECT * FROM lineitem, orders WHERE lineitem.l_orderkey = orders.o_orderkey AND l_quantity BETWEEN 16.72 AND 36.71 AND l_discount BETWEEN 0.01 AND 0.04 AND o_orderdate BETWEEN DATE '1994-09-06' AND DATE '1995-03-11';",67565,68166,random
0.0,1.0,1.0,0.0,1.0,0.0,0.0,0.0,1.0,0.24948024948014574,0.8365904365900887,0.0,0.0,0.0,1.0,0.8512953409698188,0.8512953409698188,1.0,0.028948159030704093,0.19276344490392378,"SELECT * FROM orders, lineitem WHERE lineitem.l_orderkey = orders.o_orderkey AND l_quantity = 42.71 AND l_discount BETWEEN 0.00 AND 0.02 AND o_orderdate BETWEEN DATE '1993-08-23' AND DATE '1997-07-05';",1,0,random
0.0,1.0,1.0,0.0,1.0,0.0,0.0,0.0,1.0,0.030353430353417733,0.12349272349267215,1.0,0.8704807719184612,0.8704807719184612,0.0,0.0,0.0,1.0,0.5940435875117154,0.5940435875117154,"SELECT * FROM orders, lineitem WHERE lineitem.l_orderkey = orders.o_orderkey AND o_orderdate BETWEEN DATE '1992-03-14' AND DATE '1992-10-24' AND l_discount = 0.06 AND o_totalprice = 483476.14;",1,0,random
1.0,1.0,1.0,1.0,1.0,0.0,0.0,0.0,1.0,0.20665280665272073,0.20665280665272073,0.0,0.0,0.0,1.0,0.21431858730706677,0.22135107701103077,1.0,0.8538213180473333,0.8538213180473333,"SELECT * FROM orders, customer, lineitem WHERE orders.o_custkey = customer.c_custkey AND lineitem.l_orderkey = orders.o_orderkey AND l_discount = 0.09 AND l_quantity BETWEEN 11.50 AND 11.85 AND o_orderdate = DATE '1993-05-12';",1,0,random
1.0,1.0,1.0,1.0,1.0,0.0,0.0,0.0,0.0,0.0,0.0,0.0,0.0,0.0,0.0,0.0,0.0,0.0,0.0,0.0,"SELECT * FROM lineitem, orders, customer WHERE orders.o_custkey = customer.c_custkey AND lineitem.l_orderkey = orders.o_orderkey;",6001226,6001215,random
0.0,1.0,1.0,0.0,1.0,0.0,0.0,0.0,1.0,0.2178794178793273,0.3018711018709764,0.0,0.0,0.0,0.0,0.0,0.0,1.0,0.5844871499972547,0.6236060899508193,"SELECT * FROM lineitem, orders WHERE lineitem.l_orderkey = orders.o_orderkey AND o_orderdate BETWEEN DATE '1993-06-08' AND DATE '1993-12-27' AND l_discount BETWEEN 0.06 AND 0.06;",45203,46068,random
0.0,0.0,1.0,0.0,0.0,0.0,0.0,0.0,0.0,0.0,0.0,0.0,0.0,0.0,1.0,0.10810453058363725,0.10810453058363725,1.0,0.9883609559381576,0.9883609559381576,SELECT * FROM lineitem WHERE l_quantity = 6.30 AND l_discount = 0.10;,1,0,random
1.0,1.0,1.0,1.0,1.0,0.0,0.0,0.0,0.0,0.0,0.0,0.0,0.0,0.0,0.0,0.0,0.0,0.0,0.0,0.0,"SELECT * FROM orders, customer, lineitem WHERE orders.o_custkey = customer.c_custkey AND lineitem.l_orderkey = orders.o_orderkey;",6001226,6001215,random
1.0,1.0,1.0,1.0,1.0,0.0,0.0,0.0,0.0,0.0,0.0,0.0,0.0,0.0,1.0,0.4185656860727994,0.4185656860727994,1.0,0.03531900447323421,0.03531900447323421,"SELECT * FROM lineitem, orders, customer WHERE orders.o_custkey = customer.c_custkey AND lineitem.l_orderkey = orders.o_orderkey AND l_quantity = 21.51 AND l_discount = 0.00;",1,0,random
1.0,1.0,1.0,1.0,1.0,1.0,0.3333333333333333,0.3333333333333333,0.0,0.0,0.0,0.0,0.0,0.0,0.0,0.0,0.0,1.0,0.1811358559926422,0.8764947755771628,"SELECT * FROM lineitem, orders, customer WHERE orders.o_custkey = customer.c_custkey AND lineitem.l_orderkey = orders.o_orderkey AND c_mktsegment = 'BUILDING' AND l_discount BETWEEN 0.02 AND 0.09;",865920,883368,random
1.0,0.0,0.0,0.0,0.0,1.0,0.8333333333333334,0.8333333333333334,0.0,0.0,0.0,0.0,0.0,0.0,0.0,0.0,0.0,0.0,0.0,0.0,SELECT * FROM customer WHERE c_mktsegment = 'MACHINERY';,30450,29949,random
1.0,1.0,1.0,1.0,1.0,1.0,0.6666666666666666,0.6666666666666666,0.0,0.0,0.0,0.0,0.0,0.0,1.0,0.26055923540038606,0.33131713696401494,1.0,0.8512138796992714,0.8512138796992714,"SELECT * FROM customer, orders, lineitem WHERE orders.o_custkey = customer.c_custkey AND lineitem.l_orderkey = orders.o_orderkey AND l_quantity BETWEEN 13.77 AND 17.23 AND l_discount = 0.09 AND c_mktsegment = 'HOUSEHOLD';",8963,8924,random
0.0,0.0,1.0,0.0,0.0,0.0,0.0,0.0,0.0,0.0,0.0,0.0,0.0,0.0,1.0,0.29835575381137436,0.29835575381137436,1.0,0.5004773694879306,0.8674977460232525,SELECT * FROM lineitem WHERE l_discount BETWEEN 0.05 AND 0.09 AND l_quantity = 15.62;,1,0,random
1.0,0.0,0.0,0.0,0.0,1.0,0.3333333333333333,0.3333333333333333,0.0,0.0,0.0,0.0,0.0,0.0,0.0,0.0,0.0,0.0,0.0,0.0,SELECT * FROM customer WHERE c_mktsegment = 'BUILDING';,29665,30142,random
0.0,1.0,1.0,0.0,1.0,0.0,0.0,0.0,0.0,0.0,0.0,0.0,0.0,0.0,0.0,0.0,0.0,0.0,0.0,0.0,"SELECT * FROM lineitem, orders WHERE lineitem.l_orderkey = orders.o_orderkey;",6001226,6001215,random
0.0,1.0,1.0,0.0,1.0,0.0,0.0,0.0,0.0,0.0,0.0,0.0,0.0,0.0,0.0,0.0,0.0,0.0,0.0,0.0,"SELECT * FROM lineitem, orders WHERE lineitem.l_orderkey = orders.o_orderkey;",6001226,6001215,random
1.0,1.0,0.0,1.0,0.0,1.0,0.6666666666666666,0.6666666666666666,1.0,0.12931392931387556,0.7796257796254554,1.0,0.40339348039794964,0.9653278401300314,0.0,0.0,0.0,0.0,0.0,0.0,"SELECT * FROM customer, orders WHERE orders.o_custkey = customer.c_custkey AND o_orderdate BETWEEN DATE '1992-11-07' AND DATE '1997-02-18' AND c_mktsegment = 'HOUSEHOLD' AND o_totalprice BETWEEN 224510.13 AND 536061.96;",42442,43303,random
1.0,1.0,0.0,1.0,0.0,0.0,0.0,0.0,0.0,0.0,0.0,0.0,0.0,0.0,0.0,0.0,0.0,0.0,0.0,0.0,"SELECT * FROM customer, orders WHERE orders.o_custkey = customer.c_custkey;",1500000,1500000,random
1.0,1.0,1.0,1.0,1.0,0.0,0.0,0.0,0.0,0.0,0.0,1.0,0.38355047630769296,0.38355047630769296,1.0,0.1670201872649008,0.8238438296575974,0.0,0.0,0.0,"SELECT * FROM lineitem, orders, customer WHERE orders.o_custkey = customer.c_custkey AND lineitem.l_orderkey = orders.o_orderkey AND o_totalprice = 213508.62 AND l_quantity BETWEEN 9.18 AND 41.37;",3,0,random
1.0,1.0,0.0,1.0,0.0,1.0,0.3333333333333333,0.3333333333333333,1.0,0.9014553014549266,0.9014553014549266,1.0,0.18842603389086907,0.18842603389086907,0.0,0.0,0.0,0.0,0.0,0.0,"SELECT * FROM orders, customer WHERE orders.o_custkey = customer.c_custkey AND c_mktsegment = 'BUILDING' AND o_orderdate = DATE '1997-12-08' AND o_totalprice = 105326.28;",1,0,random
1.0,1.0,1.0,1.0,1.0,0.0,0.0,0.0,0.0,0.0,0.0,0.0,0.0,0.0,1.0,0.7111100900813382,0.7111100900813382,0.0,0.0,0.0,"SELECT * FROM orders, lineitem, customer WHERE orders.o_custkey = customer.c_custkey AND lineitem.l_orderkey = orders.o_orderkey AND l_quantity = 35.84;",1,0,random
1.0,1.0,1.0,1.0,1.0,0.0,0.0,0.0,0.0,0.0,0.0,0.0,0.0,0.0,0.0,0.0,0.0,0.0,0.0,0.0,"SELECT * FROM orders, customer, lineitem WHERE orders.o_custkey = customer.c_custkey AND lineitem.l_orderkey = orders.o_orderkey;",6001226,6001215,random
1.0,0.0,0.0,0.0,0.0,1.0,0.6666666666666666,0.6666666666666666,0.0,0.0,0.0,0.0,0.0,0.0,0.0,0.0,0.0,0.0,0.0,0.0,SELECT * FROM customer WHERE c_mktsegment = 'HOUSEHOLD';,29710,30189,random
0.0,1.0,1.0,0.0,1.0,0.0,0.0,0.0,0.0,0.0,0.0,1.0,0.30111645475679166,0.6303113401629357,0.0,0.0,0.0,0.0,0.0,0.0,"SELECT * FROM lineitem, orders WHERE lineitem.l_orderkey = orders.o_orderkey AND o_totalprice BETWEEN 167804.94 AND 350319.62;",2371004,3424957,random
1.0,1.0,1.0,1.0,1.0,0.0,0.0,0.0,1.0,0.10644490644486218,0.10644490644486218,0.0,0.0,0.0,0.0,0.0,0.0,1.0,0.19974938414886467,0.19974938414886467,"SELECT * FROM lineitem, orders, customer WHERE orders.o_custkey = customer.c_custkey AND lineitem.l_orderkey = orders.o_orderkey AND o_orderdate = DATE '1992-09-13' AND l_discount = 0.02;",223,222,random
0.0,1.0,1.0,0.0,1.0,0.0,0.0,0.0,1.0,0.5480249480247201,0.5480249480247201,1.0,0.4806639427736662,0.6882039154553723,0.0,0.0,0.0,0.0,0.0,0.0,"SELECT * FROM lineitem, orders WHERE lineitem.l_orderkey = orders.o_orderkey AND o_orderdate = DATE '1995-08-11' AND o_totalprice BETWEEN 267350.99 AND 382416.85;",256,492,random
1.0,1.0,0.0,1.0,0.0,0.0,0.0,0.0,0.0,0.0,0.0,1.0,0.07504821362766319,0.7795262225844349,0.0,0.0,0.0,0.0,0.0,0.0,"SELECT * FROM customer, orders WHERE orders.o_custkey = customer.c_custkey AND o_totalprice BETWEEN 42466.50 AND 433048.45;",1319121,1329931,random
1.0,1.0,1.0,1.0,1.0,0.0,0.0,0.0,0.0,0.0,0.0,0.0,0.0,0.0,0.0,0.0,0.0,0.0,0.0,0.0,"SELECT * FROM orders, lineitem, customer WHERE orders.o_custkey = customer.c_custkey AND lineitem.l_orderkey = orders.o_orderkey;",6001226,6001215,random
1.0,1.0,1.0,1.0,1.0,0.0,0.0,0.0,0.0,0.0,0.0,0.0,0.0,0.0,0.0,0.0,0.0,0.0,0.0,0.0,"SELECT * FROM customer, orders, lineitem WHERE orders.o_custkey = customer.c_custkey AND lineitem.l_orderkey = orders.o_orderkey;",6001226,6001215,random
1.0,1.0,1.0,1.0,1.0,1.0,0.16666666666666666,0.16666666666666666,0.0,0.0,0.0,0.0,0.0,0.0,1.0,0.34272272275336574,0.34272272275336574,0.0,0.0,0.0,"SELECT * FROM customer, orders, lineitem WHERE orders.o_custkey = customer.c_custkey AND lineitem.l_orderkey = orders.o_orderkey AND c_mktsegment = 'AUTOMOBILE' AND l_quantity = 17.79;",1,0,random
0.0,1.0,0.0,0.0,0.0,0.0,0.0,0.0,1.0,0.47817047817027936,0.689812889812603,1.0,0.16677872920823478,0.8861238866814176,0.0,0.0,0.0,0.0,0.0,0.0,SELECT * FROM orders WHERE o_orderdate BETWEEN DATE '1995-02-24' AND DATE '1996-07-17' AND o_totalprice BETWEEN 93324.42 AND 492149.12;,216847,220185,random
0.0,0.0,1.0,0.0,0.0,0.0,0.0,0.0,0.0,0.0,0.0,0.0,0.0,0.0,0.0,0.0,0.0,1.0,0.9112267521599118,0.9112267521599118,SELECT * FROM lineitem WHERE l_discount = 0.09;,548712,545309,random
0.0,1.0,1.0,0.0,1.0,0.0,0.0,0.0,1.0,0.8623700623697038,0.879833679833314,0.0,0.0,0.0,0.0,0.0,0.0,1.0,0.4830796515347022,0.8917627925705282,"SELECT * FROM lineitem, orders WHERE lineitem.l_orderkey = orders.o_orderkey AND o_orderdate BETWEEN DATE '1997-09-05' AND DATE '1997-10-17' AND l_discount BETWEEN 0.05 AND 0.09;",49714,48640,random
1.0,1.0,0.0,1.0,0.0,0.0,0.0,0.0,1.0,0.012058212058207044,0.8681912681909072,1.0,0.7237735432759824,0.7436238123226823,0.0,0.0,0.0,0.0,0.0,0.0,"SELECT * FROM orders, customer WHERE orders.o_custkey = customer.c_custkey AND o_orderdate BETWEEN DATE '1992-01-30' AND DATE '1997-09-19' AND o_totalprice BETWEEN 402137.63 AND 413143.16;",1098,1067,random
0.0,1.0,1.0,0.0,1.0,0.0,0.0,0.0,0.0,0.0,0.0,1.0,0.054566115227675745,0.9877916247614754,1.0,0.6762955683436392,0.6762955683436392,1.0,0.8390330128394572,0.8390330128394572,"SELECT * FROM lineitem, orders WHERE lineitem.l_orderkey = orders.o_orderkey AND l_quantity = 34.14 AND l_discount = 0.08 AND o_totalprice BETWEEN 31110.66 AND 548516.50;",1,0,random
1.0,1.0,1.0,1.0,1.0,0.0,0.0,0.0,0.0,0.0,0.0,0.0,0.0,0.0,1.0,0.2781571302532315,0.2781571302532315,0.0,0.0,0.0,"SELECT * FROM customer, orders, lineitem WHERE orders.o_custkey = customer.c_custkey AND lineitem.l_orderkey = orders.o_orderkey AND l_quantity = 14.63;",1,0,random
0.0,1.0,1.0,0.0,1.0,0.0,0.0,0.0,1.0,0.017463617463610203,0.40332640332623565,1.0,0.08801986170254045,0.5730349305875483,1.0,0.3160615274149262,0.9806707389256892,0.0,0.0,0.0,"SELECT * FROM lineitem, orders WHERE lineitem.l_orderkey = orders.o_orderkey AND o_totalprice BETWEEN 49658.34 AND 318564.01 AND l_quantity BETWEEN 16.49 AND 49.05 AND o_orderdate BETWEEN DATE '1992-02-12' AND DATE '1994-08-28';",1256552,1366828,random
0.0,0.0,1.0,0.0,0.0,0.0,0.0,0.0,0.0,0.0,0.0,0.0,0.0,0.0,0.0,0.0,0.0,0.0,0.0,0.0,SELECT * FROM lineitem;,6001226,6001215,random
1.0,1.0,1.0,1.0,1.0,0.0,0.0,0.0,0.0,0.0,0.0,0.0,0.0,0.0,0.0,0.0,0.0,1.0,0.3319726222350055,0.7674163921903754,"SELECT * FROM lineitem, orders, customer WHERE orders.o_custkey = customer.c_custkey AND lineitem.l_orderkey = orders.o_orderkey AND l_discount BETWEEN 0.03 AND 0.08;",3291472,3273198,random
1.0,1.0,1.0,1.0,1.0,0.0,0.0,0.0,0.0,0.0,0.0,0.0,0.0,0.0,0.0,0.0,0.0,0.0,0.0,0.0,"SELECT * FROM lineitem, orders, customer WHERE orders.o_custkey = customer.c_custkey AND lineitem.l_orderkey = orders.o_orderkey;",6001226,6001215,random
0.0,1.0,1.0,0.0,1.0,0.0,0.0,0.0,0.0,0.0,0.0,0.0,0.0,0.0,0.0,0.0,0.0,0.0,0.0,0.0,"SELECT * FROM lineitem, orders WHERE lineitem.l_orderkey = orders.o_orderkey;",6001226,6001215,random
1.0,1.0,1.0,1.0,1.0,0.0,0.0,0.0,1.0,0.8523908523904979,0.8523908523904979,0.0,0.0,0.0,0.0,0.0,0.0,0.0,0.0,0.0,"SELECT * FROM orders, lineitem, customer WHERE orders.o_custkey = customer.c_custkey AND lineitem.l_orderkey = orders.o_orderkey AND o_orderdate = DATE '1997-08-12';",2489,2271,random
1.0,0.0,0.0,0.0,0.0,1.0,0.16666666666666666,0.16666666666666666,0.0,0.0,0.0,0.0,0.0,0.0,0.0,0.0,0.0,0.0,0.0,0.0,SELECT * FROM customer WHERE c_mktsegment = 'AUTOMOBILE';,30000,29752,random
1.0,1.0,1.0,1.0,1.0,0.0,0.0,0.0,0.0,0.0,0.0,0.0,0.0,0.0,0.0,0.0,0.0,0.0,0.0,0.0,"SELECT * FROM customer, orders, lineitem WHERE orders.o_custkey = customer.c_custkey AND lineitem.l_orderkey = orders.o_orderkey;",6001226,6001215,random
1.0,1.0,0.0,1.0,0.0,0.0,0.0,0.0,1.0,0.1280665280664748,0.38711018711002615,0.0,0.0,0.0,0.0,0.0,0.0,0.0,0.0,0.0,"SELECT * FROM orders, customer WHERE orders.o_custkey = customer.c_custkey AND o_orderdate BETWEEN DATE '1992-11-04' AND DATE '1994-07-20';",386400,388022,random
1.0,1.0,1.0,1.0,1.0,1.0,0.5,0.5,0.0,0.0,0.0,1.0,0.13337183101609326,0.41274547280761853,0.0,0.0,0.0,0.0,0.0,0.0,"SELECT * FROM orders, customer, lineitem WHERE orders.o_custkey = customer.c_custkey AND lineitem.l_orderkey = orders.o_orderkey AND c_mktsegment = 'FURNITURE' AND o_totalprice BETWEEN 74802.71 AND 229695.13;",671089,696120,random
1.0,1.0,1.0,1.0,1.0,0.0,0.0,0.0,0.0,0.0,0.0,1.0,0.17781269925753318,0.9751794931167826,1.0,0.1326717285884327,0.9211917643982951,0.0,0.0,0.0,"SELECT * FROM lineitem, orders, customer WHERE orders.o_custkey = customer.c_custkey AND lineitem.l_orderkey = orders.o_orderkey AND l_quantity BETWEEN 7.50 AND 46.14 AND o_totalprice BETWEEN 99441.95 AND 541523.99;",3114576,3981205,random
0.0,1.0,1.0,0.0,1.0,0.0,0.0,0.0,0.0,0.0,0.0,1.0,0.3808703135350839,0.3808703135350839,1.0,0.012770515104345964,0.42238636916240896,1.0,0.5339027983645779,0.8938659924392601,"SELECT * FROM lineitem, orders WHERE lineitem.l_orderkey = orders.o_orderkey AND l_discount BETWEEN 0.05 AND 0.09 AND l_quantity BETWEEN 1.63 AND 21.70 AND o_totalprice = 212022.67;",1,0,random
1.0,0.0,0.0,0.0,0.0,1.0,0.5,0.5,0.0,0.0,0.0,0.0,0.0,0.0,0.0,0.0,0.0,0.0,0.0,0.0,SELECT * FROM customer WHERE c_mktsegment = 'FURNITURE';,30175,29968,random
1.0,1.0,1.0,1.0,1.0,0.0,0.0,0.0,0.0,0.0,0.0,0.0,0.0,0.0,1.0,0.03230638324166784,0.814026217537856,0.0,0.0,0.0,"SELECT * FROM customer, orders, lineitem WHERE orders.o_custkey = customer.c_custkey AND lineitem.l_orderkey = orders.o_orderkey AND l_quantity BETWEEN 2.58 AND 40.89;",4544528,4561097,random
0.0,0.0,1.0,0.0,0.0,0.0,0.0,0.0,0.0,0.0,0.0,0.0,0.0,0.0,1.0,0.28763865450135007,0.6644935685780624,1.0,0.7843071650278151,0.7843071650278151,SELECT * FROM lineitem WHERE l_discount = 0.08 AND l_quantity BETWEEN 15.09 AND 33.56;,202157,196408,random
1.0,1.0,1.0,1.0,1.0,0.0,0.0,0.0,0.0,0.0,0.0,1.0,0.780924892875884,0.8701180923213335,0.0,0.0,0.0,0.0,0.0,0.0,"SELECT * FROM orders, customer, lineitem WHERE orders.o_custkey = customer.c_custkey AND lineitem.l_orderkey = orders.o_orderkey AND o_totalprice BETWEEN 433823.91 AND 483275.07;",23037,4941,random
1.0,1.0,1.0,1.0,1.0,0.0,0.0,0.0,0.0,0.0,0.0,0.0,0.0,0.0,0.0,0.0,0.0,0.0,0.0,0.0,"SELECT * FROM lineitem, orders, customer WHERE orders.o_custkey = customer.c_custkey AND lineitem.l_orderkey = orders.o_orderkey;",6001226,6001215,random
1.0,0.0,0.0,0.0,0.0,0.0,0.0,0.0,0.0,0.0,0.0,0.0,0.0,0.0,0.0,0.0,0.0,0.0,0.0,0.0,SELECT * FROM customer;,150000,150000,random
1.0,1.0,0.0,1.0,0.0,1.0,0.3333333333333333,0.3333333333333333,0.0,0.0,0.0,0.0,0.0,0.0,0.0,0.0,0.0,0.0,0.0,0.0,"SELECT * FROM orders, customer WHERE orders.o_custkey = customer.c_custkey AND c_mktsegment = 'BUILDING';",296650,303959,random
1.0,1.0,1.0,1.0,1.0,0.0,0.0,0.0,0.0,0.0,0.0,1.0,0.3011548183154379,0.7899081824174283,0.0,0.0,0.0,1.0,0.6253666563053112,0.7736609421222785,"SELECT * FROM orders, lineitem, customer WHERE orders.o_custkey = customer.c_custkey AND lineitem.l_orderkey = orders.o_orderkey AND l_discount BETWEEN 0.06 AND 0.08 AND o_totalprice BETWEEN 167826.21 AND 438804.49;",670969,967695,random
1.0,1.0,0.0,1.0,0.0,0.0,0.0,0.0,1.0,0.15925155925149304,0.7858627858624591,0.0,0.0,0.0,0.0,0.0,0.0,0.0,0.0,0.0,"SELECT * FROM customer, orders WHERE orders.o_custkey = customer.c_custkey AND o_orderdate BETWEEN DATE '1993-01-18' AND DATE '1997-03-05';",934720,940768,random
0.0,1.0,1.0,0.0,1.0,0.0,0.0,0.0,0.0,0.0,0.0,1.0,0.2935743571702033,0.2935743571702033,0.0,0.0,0.0,1.0,0.474857183987562,0.6182805948008353,"SELECT * FROM orders, lineitem WHERE lineitem.l_orderkey = orders.o_orderkey AND o_totalprice = 163623.39 AND l_discount BETWEEN 0.05 AND 0.06;",1,0,random
1.0,1.0,1.0,1.0,1.0,0.0,0.0,0.0,0.0,0.0,0.0,0.0,0.0,0.0,0.0,0.0,0.0,0.0,0.0,0.0,"SELECT * FROM lineitem, orders, customer WHERE orders.o_custkey = customer.c_custkey AND lineitem.l_orderkey = orders.o_orderkey;",6001226,6001215,random
1.0,1.0,1.0,1.0,1.0,0.0,0.0,0.0,0.0,0.0,0.0,0.0,0.0,0.0,0.0,0.0,0.0,0.0,0.0,0.0,"SELECT * FROM orders, customer, lineitem WHERE orders.o_custkey = customer.c_custkey AND lineitem.l_orderkey = orders.o_orderkey;",6001226,6001215,random
1.0,1.0,1.0,1.0,1.0,0.0,0.0,0.0,1.0,0.16715176715169766,0.9480249480245538,0.0,0.0,0.0,0.0,0.0,0.0,1.0,0.007330586143539264,0.5379748255845027,"SELECT * FROM orders, customer, lineitem WHERE orders.o_custkey = customer.c_custkey AND lineitem.l_orderkey = orders.o_orderkey AND o_orderdate BETWEEN DATE '1993-02-06' AND DATE '1998-03-30' AND l_discount BETWEEN 0.00 AND 0.05;",2548760,2560623,random
0.0,0.0,1.0,0.0,0.0,0.0,0.0,0.0,0.0,0.0,0.0,0.0,0.0,0.0,1.0,0.43523776266998776,0.7413750348476768,1.0,0.2055795659261196,0.8287486626983824,SELECT * FROM lineitem WHERE l_discount BETWEEN 0.02 AND 0.08 AND l_quantity BETWEEN 22.33 AND 37.33;,1149828,1147214,random
1.0,1.0,1.0,1.0,1.0,0.0,0.0,0.0,0.0,0.0,0.0,0.0,0.0,0.0,0.0,0.0,0.0,0.0,0.0,0.0,"SELECT * FROM customer, orders, lineitem WHERE orders.o_custkey = customer.c_custkey AND lineitem.l_orderkey = orders.o_orderkey;",6001226,6001215,random
0.0,1.0,0.0,0.0,0.0,0.0,0.0,0.0,0.0,0.0,0.0,1.0,0.40763277849579227,0.4511256637440409,0.0,0.0,0.0,0.0,0.0,0.0,SELECT * FROM orders WHERE o_totalprice BETWEEN 226860.51 AND 250974.16;,96134,98466,random
0.0,1.0,1.0,0.0,1.0,0.0,0.0,0.0,0.0,0.0,0.0,0.0,0.0,0.0,0.0,0.0,0.0,0.0,0.0,0.0,"SELECT * FROM orders, lineitem WHERE lineitem.l_orderkey = orders.o_orderkey;",6001226,6001215,random
1.0,1.0,1.0,1.0,1.0,0.0,0.0,0.0,1.0,0.08648648648645052,0.3010395010393759,0.0,0.0,0.0,0.0,0.0,0.0,1.0,0.39511325427748506,0.4376761450914635,"SELECT * FROM lineitem, orders, customer WHERE orders.o_custkey = customer.c_custkey AND lineitem.l_orderkey = orders.o_orderkey AND o_orderdate BETWEEN DATE '1992-07-27' AND DATE '1993-12-25' AND l_discount BETWEEN 0.04 AND 0.04;",117086,116704,random
1.0,1.0,1.0,1.0,1.0,1.0,0.5,0.5,0.0,0.0,0.0,0.0,0.0,0.0,0.0,0.0,0.0,0.0,0.0,0.0,"SELECT * FROM orders, lineitem, customer WHERE orders.o_custkey = customer.c_custkey AND lineitem.l_orderkey = orders.o_orderkey AND c_mktsegment = 'FURNITURE';",1207247,1199489,random
1.0,1.0,1.0,1.0,1.0,0.0,0.0,0.0,0.0,0.0,0.0,0.0,0.0,0.0,0.0,0.0,0.0,0.0,0.0,0.0,"SELECT * FROM lineitem, orders, customer WHERE orders.o_custkey = customer.c_custkey AND lineitem.l_orderkey = orders.o_orderkey;",6001226,6001215,random
1.0,1.0,1.0,1.0,1.0,0.0,0.0,0.0,0.0,0.0,0.0,0.0,0.0,0.0,1.0,0.2207879693529021,0.2207879693529021,0.0,0.0,0.0,"SELECT * FROM orders, lineitem, customer WHERE orders.o_custkey = customer.c_custkey AND lineitem.l_orderkey = orders.o_orderkey AND l_quantity = 11.82;",1,0,random
1.0,1.0,1.0,1.0,1.0,0.0,0.0,0.0,0.0,0.0,0.0,0.0,0.0,0.0,0.0,0.0,0.0,0.0,0.0,0.0,"SELECT * FROM customer, orders, lineitem WHERE orders.o_custkey = customer.c_custkey AND lineitem.l_orderkey = orders.o_orderkey;",6001226,6001215,random
1.0,1.0,0.0,1.0,0.0,1.0,0.16666666666666666,0.16666666666666666,1.0,0.3567567567566084,0.671101871101592,1.0,0.28513714387652056,0.28513714387652056,0.0,0.0,0.0,0.0,0.0,0.0,"SELECT * FROM customer, orders WHERE orders.o_custkey = customer.c_custkey AND o_orderdate BETWEEN DATE '1994-05-08' AND DATE '1996-06-02' AND o_totalprice = 158945.57 AND c_mktsegment = 'AUTOMOBILE';",1,0,random
1.0,1.0,1.0,1.0,1.0,1.0,0.5,0.5,1.0,0.16839916839909838,0.95841995841956,0.0,0.0,0.0,0.0,0.0,0.0,0.0,0.0,0.0,"SELECT * FROM orders, customer, lineitem WHERE orders.o_custkey = customer.c_custkey AND lineitem.l_orderkey = orders.o_orderkey AND o_orderdate BETWEEN DATE '1993-02-09' AND DATE '1998-04-24' AND c_mktsegment = 'FURNITURE';",950094,949465,random
1.0,1.0,0.0,1.0,0.0,1.0,0.5,0.5,0.0,0.0,0.0,0.0,0.0,0.0,0.0,0.0,0.0,0.0,0.0,0.0,"SELECT * FROM customer, orders WHERE orders.o_custkey = customer.c_custkey AND c_mktsegment = 'FURNITURE';",301750,299461,random
1.0,1.0,1.0,1.0,1.0,0.0,0.0,0.0,1.0,0.08191268191264785,0.28024948024936375,0.0,0.0,0.0,0.0,0.0,0.0,0.0,0.0,0.0,"SELECT * FROM orders, customer, lineitem WHERE orders.o_custkey = customer.c_custkey AND lineitem.l_orderkey = orders.o_orderkey AND o_orderdate BETWEEN DATE '1992-07-16' AND DATE '1993-11-05';",1177064,1188295,random
1.0,1.0,1.0,1.0,1.0,0.0,0.0,0.0,1.0,0.036590436590421375,0.21247401247392414,1.0,0.893985934546053,0.893985934546053,1.0,0.14863298360564928,0.6539081392690994,0.0,0.0,0.0,"SELECT * FROM lineitem, orders, customer WHERE orders.o_custkey = customer.c_custkey AND lineitem.l_orderkey = orders.o_orderkey AND o_orderdate BETWEEN DATE '1992-03-29' AND DATE '1993-05-26' AND o_totalprice = 496508.05 AND l_quantity BETWEEN 8.28 AND 33.04;",2,0,random
0.0,1.0,1.0,0.0,1.0,0.0,0.0,0.0,1.0,0.9638253638249631,0.9638253638249631,0.0,0.0,0.0,1.0,0.010591683258484813,0.010591683258484813,1.0,0.6841616499988534,0.75720606370145,"SELECT * FROM lineitem, orders WHERE lineitem.l_orderkey = orders.o_orderkey AND l_quantity = 1.52 AND o_orderdate = DATE '1998-05-07' AND l_discount BETWEEN 0.07 AND 0.08;",1,0,random
1.0,0.0,0.0,0.0,0.0,1.0,0.8333333333333334,0.8333333333333334,0.0,0.0,0.0,0.0,0.0,0.0,0.0,0.0,0.0,0.0,0.0,0.0,SELECT * FROM customer WHERE c_mktsegment = 'MACHINERY';,30450,29949,random
1.0,1.0,1.0,1.0,1.0,0.0,0.0,0.0,0.0,0.0,0.0,0.0,0.0,0.0,0.0,0.0,0.0,1.0,0.3694351817531225,0.3694351817531225,"SELECT * FROM lineitem, orders, customer WHERE orders.o_custkey = customer.c_custkey AND lineitem.l_orderkey = orders.o_orderkey AND l_discount = 0.04;",551113,545545,random
1.0,0.0,0.0,0.0,0.0,1.0,0.6666666666666666,0.6666666666666666,0.0,0.0,0.0,0.0,0.0,0.0,0.0,0.0,0.0,0.0,0.0,0.0,SELECT * FROM customer WHERE c_mktsegment = 'HOUSEHOLD';,29710,30189,random
0.0,1.0,1.0,0.0,1.0,0.0,0.0,0.0,0.0,0.0,0.0,0.0,0.0,0.0,0.0,0.0,0.0,0.0,0.0,0.0,"SELECT * FROM orders, lineitem WHERE lineitem.l_orderkey = orders.o_orderkey;",6001226,6001215,random
1.0,1.0,1.0,1.0,1.0,1.0,0.8333333333333334,0.8333333333333334,0.0,0.0,0.0,1.0,0.5166628975539377,0.835469067676643,0.0,0.0,0.0,0.0,0.0,0.0,"SELECT * FROM lineitem, orders, customer WHERE orders.o_custkey = customer.c_custkey AND lineitem.l_orderkey = orders.o_orderkey AND c_mktsegment = 'MACHINERY' AND o_totalprice BETWEEN 287309.80 AND 464064.69;",89582,149395,random
1.0,1.0,0.0,1.0,0.0,1.0,0.6666666666666666,0.6666666666666666,1.0,0.22993762993753433,0.5143451143449005,1.0,0.006597686572648353,0.8820342431885606,0.0,0.0,0.0,0.0,0.0,0.0,"SELECT * FROM customer, orders WHERE orders.o_custkey = customer.c_custkey AND c_mktsegment = 'HOUSEHOLD' AND o_totalprice BETWEEN 4515.65 AND 489881.71 AND o_orderdate BETWEEN DATE '1993-07-07' AND DATE '1995-05-22';",82759,84891,random
1.0,1.0,0.0,1.0,0.0,0.0,0.0,0.0,0.0,0.0,0.0,0.0,0.0,0.0,0.0,0.0,0.0,0.0,0.0,0.0,"SELECT * FROM customer, orders WHERE orders.o_custkey = customer.c_custkey;",1500000,1500000,random
1.0,1.0,1.0,1.0,1.0,0.0,0.0,0.0,0.0,0.0,0.0,1.0,0.24367030742126902,0.4108992071631993,0.0,0.0,0.0,0.0,0.0,0.0,"SELECT * FROM orders, customer, lineitem WHERE orders.o_custkey = customer.c_custkey AND lineitem.l_orderkey = orders.o_orderkey AND o_totalprice BETWEEN 135955.22 AND 228671.51;",1929962,2362761,random
0.0,0.0,1.0,0.0,0.0,0.0,0.0,0.0,0.0,0.0,0.0,0.0,0.0,0.0,0.0,0.0,0.0,1.0,0.03919086484757491,0.5722692935077716,SELECT * FROM lineitem WHERE l_discount BETWEEN 0.00 AND 0.06;,3825982,3819096,random
0.0,1.0,0.0,0.0,0.0,0.0,0.0,0.0,1.0,0.28316008315996544,0.6615384615381865,1.0,0.018620035637236874,0.5636047023357641,0.0,0.0,0.0,0.0,0.0,0.0,SELECT * FROM orders WHERE o_totalprice BETWEEN 11181.17 AND 313335.63 AND o_orderdate BETWEEN DATE '1993-11-12' AND DATE '1996-05-10';,527666,532097,random
0.0,1.0,0.0,0.0,0.0,0.0,0.0,0.0,1.0,0.8303534303530851,0.8303534303530851,1.0,0.7946160702604498,0.8204531801304958,0.0,0.0,0.0,0.0,0.0,0.0,SELECT * FROM orders WHERE o_orderdate = DATE '1997-06-20' AND o_totalprice BETWEEN 441414.67 AND 455739.47;,1,0,random
0.0,0.0,1.0,0.0,0.0,0.0,0.0,0.0,0.0,0.0,0.0,0.0,0.0,0.0,1.0,0.3426712745533386,0.4534701451308373,0.0,0.0,0.0,SELECT * FROM lineitem WHERE l_quantity BETWEEN 17.79 AND 23.22;,704744,720312,random
1.0,1.0,1.0,1.0,1.0,0.0,0.0,0.0,0.0,0.0,0.0,1.0,0.5998137968706817,0.8777526377429664,1.0,0.09318996579934412,0.7523831510205233,1.0,0.17742218254310754,0.6055110118060965,"SELECT * FROM customer, orders, lineitem WHERE orders.o_custkey = customer.c_custkey AND lineitem.l_orderkey = orders.o_orderkey AND l_discount BETWEEN 0.02 AND 0.06 AND o_totalprice BETWEEN 333410.94 AND 487507.87 AND l_quantity BETWEEN 5.57 AND 37.87;",42451,54548,random
1.0,1.0,1.0,1.0,1.0,1.0,0.6666666666666666,0.6666666666666666,1.0,0.80457380457347,0.80457380457347,1.0,0.8023001960078122,0.8023001960078122,0.0,0.0,0.0,0.0,0.0,0.0,"SELECT * FROM lineitem, orders, customer WHERE orders.o_custkey = customer.c_custkey AND lineitem.l_orderkey = orders.o_orderkey AND o_totalprice = 445674.96 AND c_mktsegment = 'HOUSEHOLD' AND o_orderdate = DATE '1997-04-19';",1,0,random
1.0,1.0,1.0,1.0,1.0,0.0,0.0,0.0,0.0,0.0,0.0,0.0,0.0,0.0,0.0,0.0,0.0,0.0,0.0,0.0,"SELECT * FROM lineitem, orders, customer WHERE orders.o_custkey = customer.c_custkey AND lineitem.l_orderkey = orders.o_orderkey;",6001226,6001215,random
0.0,1.0,1.0,0.0,1.0,0.0,0.0,0.0,0.0,0.0,0.0,0.0,0.0,0.0,0.0,0.0,0.0,0.0,0.0,0.0,"SELECT * FROM lineitem, orders WHERE lineitem.l_orderkey = orders.o_orderkey;",6001226,6001215,random
1.0,1.0,1.0,1.0,1.0,0.0,0.0,0.0,0.0,0.0,0.0,0.0,0.0,0.0,0.0,0.0,0.0,0.0,0.0,0.0,"SELECT * FROM customer, orders, lineitem WHERE orders.o_custkey = customer.c_custkey AND lineitem.l_orderkey = orders.o_orderkey;",6001226,6001215,random
0.0,0.0,1.0,0.0,0.0,0.0,0.0,0.0,0.0,0.0,0.0,0.0,0.0,0.0,1.0,0.3656440944290096,0.4235615474247191,1.0,0.6806056982573914,0.6806056982573914,SELECT * FROM lineitem WHERE l_quantity BETWEEN 18.92 AND 21.75 AND l_discount = 0.07;,30798,32628,random
1.0,1.0,1.0,1.0,1.0,1.0,0.6666666666666666,0.6666666666666666,0.0,0.0,0.0,0.0,0.0,0.0,0.0,0.0,0.0,1.0,0.6592828425333745,0.8549989142736079,"SELECT * FROM orders, customer, lineitem WHERE orders.o_custkey = customer.c_custkey AND lineitem.l_orderkey = orders.o_orderkey AND c_mktsegment = 'HOUSEHOLD' AND l_discount BETWEEN 0.07 AND 0.09;",326441,327983,random
1.0,1.0,1.0,1.0,1.0,0.0,0.0,0.0,0.0,0.0,0.0,1.0,0.6358766183651273,0.6358766183651273,0.0,0.0,0.0,0.0,0.0,0.0,"SELECT * FROM orders, lineitem, customer WHERE orders.o_custkey = customer.c_custkey AND lineitem.l_orderkey = orders.o_orderkey AND o_totalprice = 353405.16;",4,0,random
1.0,1.0,1.0,1.0,1.0,0.0,0.0,0.0,0.0,0.0,0.0,1.0,0.03775533828507886,0.03775533828507886,1.0,0.9844481006111825,0.9844481006111825,0.0,0.0,0.0,"SELECT * FROM customer, orders, lineitem WHERE orders.o_custkey = customer.c_custkey AND lineitem.l_orderkey = orders.o_orderkey AND o_totalprice = 21790.31 AND l_quantity = 49.24;",1,0,random
1.0,1.0,1.0,1.0,1.0,0.0,0.0,0.0,0.0,0.0,0.0,1.0,0.5181532821506737,0.9307584673457567,0.0,0.0,0.0,0.0,0.0,0.0,"SELECT * FROM lineitem, orders, customer WHERE orders.o_custkey = customer.c_custkey AND lineitem.l_orderkey = orders.o_orderkey AND o_totalprice BETWEEN 288136.11 AND 516895.75;",446343,737626,random
0.0,0.0,1.0,0.0,0.0,0.0,0.0,0.0,0.0,0.0,0.0,0.0,0.0,0.0,0.0,0.0,0.0,1.0,0.35973999467806345,0.6550191128338537,SELECT * FROM lineitem WHERE l_discount BETWEEN 0.04 AND 0.07;,2171044,2183102,random
1.0,1.0,1.0,1.0,1.0,0.0,0.0,0.0,0.0,0.0,0.0,0.0,0.0,0.0,0.0,0.0,0.0,0.0,0.0,0.0,"SELECT * FROM customer, orders, lineitem WHERE orders.o_custkey = customer.c_custkey AND lineitem.l_orderkey = orders.o_orderkey;",6001226,6001215,random
1.0,1.0,1.0,1.0,1.0,1.0,0.8333333333333334,0.8333333333333334,0.0,0.0,0.0,0.0,0.0,0.0,0.0,0.0,0.0,0.0,0.0,0.0,"SELECT * FROM customer, orders, lineitem WHERE orders.o_custkey = customer.c_custkey AND lineitem.l_orderkey = orders.o_orderkey AND c_mktsegment = 'MACHINERY';",1218249,1195932,random
1.0,1.0,1.0,1.0,1.0,0.0,0.0,0.0,0.0,0.0,0.0,0.0,0.0,0.0,0.0,0.0,0.0,0.0,0.0,0.0,"SELECT * FROM orders, customer, lineitem WHERE orders.o_custkey = customer.c_custkey AND lineitem.l_orderkey = orders.o_orderkey;",6001226,6001215,random
0.0,1.0,1.0,0.0,1.0,0.0,0.0,0.0,1.0,0.5629937629935289,0.7696465696462497,1.0,0.45884842933412306,0.9612387253016126,0.0,0.0,0.0,1.0,0.027350697258566894,0.5868265112817144,"SELECT * FROM orders, lineitem WHERE lineitem.l_orderkey = orders.o_orderkey AND o_orderdate BETWEEN DATE '1995-09-16' AND DATE '1997-01-25' AND o_totalprice BETWEEN 255255.87 AND 533794.85 AND l_discount BETWEEN 0.00 AND 0.06;",111249,180172,random
1.0,0.0,0.0,0.0,0.0,1.0,0.3333333333333333,0.3333333333333333,0.0,0.0,0.0,0.0,0.0,0.0,0.0,0.0,0.0,0.0,0.0,0.0,SELECT * FROM customer WHERE c_mktsegment = 'BUILDING';,29665,30142,random
1.0,1.0,1.0,1.0,1.0,0.0,0.0,0.0,0.0,0.0,0.0,0.0,0.0,0.0,1.0,0.3989306365892677,0.3989306365892677,0.0,0.0,0.0,"SELECT * FROM customer, orders, lineitem WHERE orders.o_custkey = customer.c_custkey AND lineitem.l_orderkey = orders.o_orderkey AND l_quantity = 20.55;",1,0,random
1.0,1.0,1.0,1.0,1.0,1.0,0.3333333333333333,0.3333333333333333,0.0,0.0,0.0,0.0,0.0,0.0,0.0,0.0,0.0,1.0,0.7461562505486111,0.7461562505486111,"SELECT * FROM orders, lineitem, customer WHERE orders.o_custkey = customer.c_custkey AND lineitem.l_orderkey = orders.o_orderkey AND l_discount = 0.07 AND c_mktsegment = 'BUILDING';",106855,110479,random
1.0,1.0,0.0,1.0,0.0,1.0,0.3333333333333333,0.3333333333333333,1.0,0.20291060291051854,0.20291060291051854,0.0,0.0,0.0,0.0,0.0,0.0,0.0,0.0,0.0,"SELECT * FROM customer, orders WHERE orders.o_custkey = customer.c_custkey AND o_orderdate = DATE '1993-05-03' AND c_mktsegment = 'BUILDING';",123,114,random
1.0,1.0,1.0,1.0,1.0,0.0,0.0,0.0,0.0,0.0,0.0,0.0,0.0,0.0,0.0,0.0,0.0,0.0,0.0,0.0,"SELECT * FROM orders, lineitem, customer WHERE orders.o_custkey = customer.c_custkey AND lineitem.l_orderkey = orders.o_orderkey;",6001226,6001215,random
1.0,1.0,1.0,1.0,1.0,1.0,0.3333333333333333,0.3333333333333333,1.0,0.5767151767149369,0.5767151767149369,0.0,0.0,0.0,1.0,0.28026662317746737,0.9160068296538634,0.0,0.0,0.0,"SELECT * FROM lineitem, orders, customer WHERE orders.o_custkey = customer.c_custkey AND lineitem.l_orderkey = orders.o_orderkey AND c_mktsegment = 'BUILDING' AND l_quantity BETWEEN 14.73 AND 45.88 AND o_orderdate = DATE '1995-10-19';",306,342,random
0.0,1.0,0.0,0.0,0.0,0.0,0.0,0.0,0.0,0.0,0.0,0.0,0.0,0.0,0.0,0.0,0.0,0.0,0.0,0.0,SELECT * FROM orders;,1500000,1500000,random
0.0,1.0,1.0,0.0,1.0,0.0,0.0,0.0,0.0,0.0,0.0,1.0,0.3254361999154258,0.6127780963617702,1.0,0.011819978610207699,0.21075238569714666,0.0,0.0,0.0,"SELECT * FROM orders, lineitem WHERE lineitem.l_orderkey = orders.o_orderkey AND l_quantity BETWEEN 1.58 AND 11.33 AND o_totalprice BETWEEN 181288.47 AND 340598.71;",408672,480277,random
0.0,1.0,1.0,0.0,1.0,0.0,0.0,0.0,1.0,0.4989604989602915,0.4989604989602915,0.0,0.0,0.0,1.0,0.7007126268020006,0.7007126268020006,0.0,0.0,0.0,"SELECT * FROM lineitem, orders WHERE lineitem.l_orderkey = orders.o_orderkey AND o_orderdate = DATE '1995-04-15' AND l_quantity = 35.33;",1,0,random
1.0,1.0,0.0,1.0,0.0,0.0,0.0,0.0,0.0,0.0,0.0,1.0,0.6860119121414912,0.8141906641413981,0.0,0.0,0.0,0.0,0.0,0.0,"SELECT * FROM orders, customer WHERE orders.o_custkey = customer.c_custkey AND o_totalprice BETWEEN 381201.55 AND 452267.36;",8275,7320,random
1.0,1.0,1.0,1.0,1.0,1.0,0.8333333333333334,0.8333333333333334,0.0,0.0,0.0,1.0,0.31572724718848505,0.48662019744540796,1.0,0.17660727665600864,0.4995978261016548,0.0,0.0,0.0,"SELECT * FROM customer, orders, lineitem WHERE orders.o_custkey = customer.c_custkey AND lineitem.l_orderkey = orders.o_orderkey AND l_quantity BETWEEN 9.65 AND 25.48 AND c_mktsegment = 'MACHINERY' AND o_totalprice BETWEEN 175905.56 AND 270653.31;",108149,145322,random
0.0,1.0,1.0,0.0,1.0,0.0,0.0,0.0,0.0,0.0,0.0,0.0,0.0,0.0,0.0,0.0,0.0,0.0,0.0,0.0,"SELECT * FROM lineitem, orders WHERE lineitem.l_orderkey = orders.o_orderkey;",6001226,6001215,random
0.0,1.0,0.0,0.0,0.0,0.0,0.0,0.0,0.0,0.0,0.0,0.0,0.0,0.0,0.0,0.0,0.0,0.0,0.0,0.0,SELECT * FROM orders;,1500000,1500000,random
1.0,1.0,0.0,1.0,0.0,1.0,0.5,0.5,0.0,0.0,0.0,1.0,0.12123748921670352,0.12123748921670352,0.0,0.0,0.0,0.0,0.0,0.0,"SELECT * FROM orders, customer WHERE orders.o_custkey = customer.c_custkey AND c_mktsegment = 'FURNITURE' AND o_totalprice = 68075.10;",1,0,random
1.0,1.0,1.0,1.0,1.0,1.0,0.16666666666666666,0.16666666666666666,1.0,0.14469854469848453,0.16756756756749788,0.0,0.0,0.0,1.0,0.28652357654994165,0.28652357654994165,0.0,0.0,0.0,"SELECT * FROM lineitem, orders, customer WHERE orders.o_custkey = customer.c_custkey AND lineitem.l_orderkey = orders.o_orderkey AND c_mktsegment = 'AUTOMOBILE' AND l_quantity = 15.04 AND o_orderdate BETWEEN DATE '1992-12-14' AND DATE '1993-02-07';",1,0,random
1.0,1.0,1.0,1.0,1.0,0.0,0.0,0.0,0.0,0.0,0.0,1.0,0.6530130974304391,0.6530130974304391,0.0,0.0,0.0,0.0,0.0,0.0,"SELECT * FROM orders, customer, lineitem WHERE orders.o_custkey = customer.c_custkey AND lineitem.l_orderkey = orders.o_orderkey AND o_totalprice = 362906.10;",4,0,random
1.0,1.0,1.0,1.0,1.0,1.0,0.3333333333333333,0.3333333333333333,1.0,0.023284823284813603,0.023284823284813603,0.0,0.0,0.0,0.0,0.0,0.0,1.0,0.6620225411884143,0.9404373279336223,"SELECT * FROM lineitem, orders, customer WHERE orders.o_custkey = customer.c_custkey AND lineitem.l_orderkey = orders.o_orderkey AND c_mktsegment = 'BUILDING' AND o_orderdate = DATE '1992-02-26' AND l_discount BETWEEN 0.07 AND 0.09;",135,151,random
1.0,1.0,1.0,1.0,1.0,0.0,0.0,0.0,1.0,0.026195426195415303,0.3966735966734317,1.0,0.0832512013906865,0.26245226426498663,0.0,0.0,0.0,1.0,0.654832668995023,0.654832668995023,"SELECT * FROM customer, orders, lineitem WHERE orders.o_custkey = customer.c_custkey AND lineitem.l_orderkey = orders.o_orderkey AND o_orderdate BETWEEN DATE '1992-03-04' AND DATE '1994-08-12' AND o_totalprice BETWEEN 47014.46 AND 146368.45 AND l_discount = 0.07;",75387,56047,random
1.0,1.0,1.0,1.0,1.0,0.0,0.0,0.0,1.0,0.034927234927220406,0.1704781704780996,0.0,0.0,0.0,0.0,0.0,0.0,0.0,0.0,0.0,"SELECT * FROM orders, lineitem, customer WHERE orders.o_custkey = customer.c_custkey AND lineitem.l_orderkey = orders.o_orderkey AND o_orderdate BETWEEN DATE '1992-03-25' AND DATE '1993-02-14';",827369,810532,random
1.0,1.0,0.0,1.0,0.0,1.0,0.3333333333333333,0.3333333333333333,1.0,0.6307692307689685,0.6357588357585714,1.0,0.17703663997971175,0.697622876907046,0.0,0.0,0.0,0.0,0.0,0.0,"SELECT * FROM orders, customer WHERE orders.o_custkey = customer.c_custkey AND c_mktsegment = 'BUILDING' AND o_totalprice BETWEEN 99011.68 AND 387638.98 AND o_orderdate BETWEEN DATE '1996-02-26' AND DATE '1996-03-09';",1074,1086,random
1.0,1.0,1.0,1.0,1.0,0.0,0.0,0.0,0.0,0.0,0.0,1.0,0.25980704393772386,0.25980704393772386,0.0,0.0,0.0,1.0,9.23463940045917e-05,9.23463940045917e-05,"SELECT * FROM lineitem, orders, customer WHERE orders.o_custkey = customer.c_custkey AND lineitem.l_orderkey = orders.o_orderkey AND o_totalprice = 144901.87 AND l_discount = 0.00;",1,0,random
1.0,1.0,1.0,1.0,1.0,0.0,0.0,0.0,1.0,0.5966735966733486,0.7966735966732654,1.0,0.18857097932499509,0.8821620684903423,0.0,0.0,0.0,1.0,0.7658691957779457,0.7658691957779457,"SELECT * FROM customer, orders, lineitem WHERE orders.o_custkey = customer.c_custkey AND lineitem.l_orderkey = orders.o_orderkey AND l_discount = 0.08 AND o_orderdate BETWEEN DATE '1995-12-06' AND DATE '1997-03-31' AND o_totalprice BETWEEN 105406.64 AND 489952.58;",72813,89600,random
1.0,1.0,0.0,1.0,0.0,1.0,0.3333333333333333,0.3333333333333333,1.0,0.42203742203724653,0.42203742203724653,1.0,0.7645382940766131,0.7645382940766131,0.0,0.0,0.0,0.0,0.0,0.0,"SELECT * FROM customer, orders WHERE orders.o_custkey = customer.c_custkey AND c_mktsegment = 'BUILDING' AND o_orderdate = DATE '1994-10-12' AND o_totalprice = 424738.73;",1,0,random
1.0,1.0,1.0,1.0,1.0,0.0,0.0,0.0,0.0,0.0,0.0,0.0,0.0,0.0,0.0,0.0,0.0,0.0,0.0,0.0,"SELECT * FROM lineitem, orders, customer WHERE orders.o_custkey = customer.c_custkey AND lineitem.l_orderkey = orders.o_orderkey;",6001226,6001215,random
0.0,1.0,0.0,0.0,0.0,0.0,0.0,0.0,1.0,0.019542619542611418,0.019542619542611418,1.0,0.2721341304516235,0.6227537802755524,0.0,0.0,0.0,0.0,0.0,0.0,SELECT * FROM orders WHERE o_totalprice BETWEEN 151736.34 AND 346129.50 AND o_orderdate = DATE '1992-02-17';,282,317,random
0.0,0.0,1.0,0.0,0.0,0.0,0.0,0.0,0.0,0.0,0.0,0.0,0.0,0.0,0.0,0.0,0.0,1.0,0.1250392015827534,0.2821145347546593,SELECT * FROM lineitem WHERE l_discount BETWEEN 0.01 AND 0.03;,1655538,1637300,random
1.0,1.0,0.0,1.0,0.0,0.0,0.0,0.0,0.0,0.0,0.0,0.0,0.0,0.0,0.0,0.0,0.0,0.0,0.0,0.0,"SELECT * FROM customer, orders WHERE orders.o_custkey = customer.c_custkey;",1500000,1500000,random
1.0,1.0,0.0,1.0,0.0,1.0,0.6666666666666666,0.6666666666666666,0.0,0.0,0.0,1.0,0.03173712141997092,0.08022309723158379,0.0,0.0,0.0,0.0,0.0,0.0,"SELECT * FROM orders, customer WHERE orders.o_custkey = customer.c_custkey AND c_mktsegment = 'HOUSEHOLD' AND o_totalprice BETWEEN 18453.64 AND 45335.60;",24770,24891,random
1.0,1.0,1.0,1.0,1.0,0.0,0.0,0.0,0.0,0.0,0.0,0.0,0.0,0.0,0.0,0.0,0.0,1.0,0.8415392795248668,0.8415392795248668,"SELECT * FROM customer, orders, lineitem WHERE orders.o_custkey = customer.c_custkey AND lineitem.l_orderkey = orders.o_orderkey AND l_discount = 0.08;",559114,544803,random
1.0,1.0,1.0,1.0,1.0,0.0,0.0,0.0,1.0,0.5209979209977044,0.7708939708936503,0.0,0.0,0.0,0.0,0.0,0.0,0.0,0.0,0.0,"SELECT * FROM customer, orders, lineitem WHERE orders.o_custkey = customer.c_custkey AND lineitem.l_orderkey = orders.o_orderkey AND o_orderdate BETWEEN DATE '1995-06-07' AND DATE '1997-01-28';",1516862,1504564,random
1.0,1.0,1.0,1.0,1.0,0.0,0.0,0.0,0.0,0.0,0.0,0.0,0.0,0.0,0.0,0.0,0.0,0.0,0.0,0.0,"SELECT * FROM orders, customer, lineitem WHERE orders.o_custkey = customer.c_custkey AND lineitem.l_orderkey = orders.o_orderkey;",6001226,6001215,random
0.0,1.0,1.0,0.0,1.0,0.0,0.0,0.0,0.0,0.0,0.0,0.0,0.0,0.0,1.0,0.23596583777861757,0.4341616505632122,0.0,0.0,0.0,"SELECT * FROM lineitem, orders WHERE lineitem.l_orderkey = orders.o_orderkey AND l_quantity BETWEEN 12.56 AND 22.27;",1204846,1199824,random
0.0,1.0,0.0,0.0,0.0,0.0,0.0,0.0,1.0,0.47525987525967767,0.5958419958417481,1.0,0.008929855889342125,0.04199336902109533,0.0,0.0,0.0,0.0,0.0,0.0,SELECT * FROM orders WHERE o_totalprice BETWEEN 5808.67 AND 24139.99 AND o_orderdate BETWEEN DATE '1995-02-17' AND DATE '1995-12-04';,8029,8277,random
1.0,1.0,0.0,1.0,0.0,0.0,0.0,0.0,0.0,0.0,0.0,0.0,0.0,0.0,0.0,0.0,0.0,0.0,0.0,0.0,"SELECT * FROM customer, orders WHERE orders.o_custkey = customer.c_custkey;",1500000,1500000,random
1.0,1.0,1.0,1.0,1.0,0.0,0.0,0.0,0.0,0.0,0.0,0.0,0.0,0.0,1.0,0.3167395590305932,0.5583504422532948,0.0,0.0,0.0,"SELECT * FROM orders, lineitem, customer WHERE orders.o_custkey = customer.c_custkey AND lineitem.l_orderkey = orders.o_orderkey AND l_quantity BETWEEN 16.52 AND 28.36;",1448096,1441026,random
1.0,1.0,1.0,1.0,1.0,0.0,0.0,0.0,0.0,0.0,0.0,1.0,0.43750000416505835,0.48530213316251225,0.0,0.0,0.0,1.0,0.6970377680252771,0.6970377680252771,"SELECT * FROM orders, customer, lineitem WHERE orders.o_custkey = customer.c_custkey AND lineitem.l_orderkey = orders.o_orderkey AND o_totalprice BETWEEN 243419.72 AND 269922.53 AND l_discount = 0.07;",33263,50645,random
1.0,0.0,0.0,0.0,0.0,1.0,0.5,0.5,0.0,0.0,0.0,0.0,0.0,0.0,0.0,0.0,0.0,0.0,0.0,0.0,SELECT * FROM customer WHERE c_mktsegment = 'FURNITURE';,30175,29968,random
1.0,1.0,1.0,1.0,1.0,1.0,0.8333333333333334,0.8333333333333334,0.0,0.0,0.0,1.0,0.0007198287242494703,0.0007198287242494703,0.0,0.0,0.0,0.0,0.0,0.0,"SELECT * FROM orders, lineitem, customer WHERE orders.o_custkey = customer.c_custkey AND lineitem.l_orderkey = orders.o_orderkey AND c_mktsegment = 'MACHINERY' AND o_totalprice = 1256.80;",1,0,random
1.0,1.0,1.0,1.0,1.0,1.0,0.6666666666666666,0.6666666666666666,1.0,0.5388773388771149,0.6582120582117845,0.0,0.0,0.0,0.0,0.0,0.0,0.0,0.0,0.0,"SELECT * FROM orders, lineitem, customer WHERE orders.o_custkey = customer.c_custkey AND lineitem.l_orderkey = orders.o_orderkey AND o_orderdate BETWEEN DATE '1995-07-20' AND DATE '1996-05-02' AND c_mktsegment = 'HOUSEHOLD';",141449,144015,random
0.0,0.0,1.0,0.0,0.0,0.0,0.0,0.0,0.0,0.0,0.0,0.0,0.0,0.0,1.0,0.3226000399062103,0.6409039297719936,0.0,0.0,0.0,SELECT * FROM lineitem WHERE l_quantity BETWEEN 16.81 AND 32.40;,1932595,1921197,random
0.0,0.0,1.0,0.0,0.0,0.0,0.0,0.0,0.0,0.0,0.0,0.0,0.0,0.0,0.0,0.0,0.0,0.0,0.0,0.0,SELECT * FROM lineitem;,6001226,6001215,random
1.0,1.0,1.0,1.0,1.0,0.0,0.0,0.0,0.0,0.0,0.0,0.0,0.0,0.0,0.0,0.0,0.0,0.0,0.0,0.0,"SELECT * FROM customer, orders, lineitem WHERE orders.o_custkey = customer.c_custkey AND lineitem.l_orderkey = orders.o_orderkey;",6001226,6001215,random
0.0,0.0,1.0,0.0,0.0,0.0,0.0,0.0,0.0,0.0,0.0,0.0,0.0,0.0,1.0,0.25593853032875485,0.7013140215604001,1.0,0.6059536181729138,0.6059536181729138,SELECT * FROM lineitem WHERE l_quantity BETWEEN 13.54 AND 35.36 AND l_discount = 0.06;,243305,239504,random
1.0,0.0,0.0,0.0,0.0,1.0,0.16666666666666666,0.16666666666666666,0.0,0.0,0.0,0.0,0.0,0.0,0.0,0.0,0.0,0.0,0.0,0.0,SELECT * FROM customer WHERE c_mktsegment = 'AUTOMOBILE';,30000,29752,random
0.0,1.0,1.0,0.0,1.0,0.0,0.0,0.0,1.0,0.058212058212034005,0.6166320166317603,1.0,0.7343003382562692,0.834456498204949,0.0,0.0,0.0,0.0,0.0,0.0,"SELECT * FROM lineitem, orders WHERE lineitem.l_orderkey = orders.o_orderkey AND o_orderdate BETWEEN DATE '1992-05-20' AND DATE '1996-01-23' AND o_totalprice BETWEEN 407973.97 AND 463503.30;",14339,9401,random
1.0,0.0,0.0,0.0,0.0,0.0,0.0,0.0,0.0,0.0,0.0,0.0,0.0,0.0,0.0,0.0,0.0,0.0,0.0,0.0,SELECT * FROM customer;,150000,150000,random
1.0,0.0,0.0,0.0,0.0,1.0,0.3333333333333333,0.3333333333333333,0.0,0.0,0.0,0.0,0.0,0.0,0.0,0.0,0.0,0.0,0.0,0.0,SELECT * FROM customer WHERE c_mktsegment = 'BUILDING';,29665,30142,random
0.0,0.0,1.0,0.0,0.0,0.0,0.0,0.0,0.0,0.0,0.0,0.0,0.0,0.0,0.0,0.0,0.0,1.0,0.5581416015778453,0.7461083688147698,SELECT * FROM lineitem WHERE l_discount BETWEEN 0.06 AND 0.07;,1091023,1091162,random
1.0,1.0,1.0,1.0,1.0,0.0,0.0,0.0,1.0,0.5338877338875119,0.657380457380184,1.0,0.90248497065272,0.9335199695253658,0.0,0.0,0.0,1.0,0.8448540064526772,0.9968503042064926,"SELECT * FROM lineitem, orders, customer WHERE orders.o_custkey = customer.c_custkey AND lineitem.l_orderkey = orders.o_orderkey AND o_orderdate BETWEEN DATE '1995-07-08' AND DATE '1996-04-30' AND o_totalprice BETWEEN 501220.15 AND 518426.81 AND l_discount BETWEEN 0.08 AND 0.10;",1,1,random
0.0,1.0,1.0,0.0,1.0,0.0,0.0,0.0,0.0,0.0,0.0,1.0,0.5502387056212632,0.5502387056212632,0.0,0.0,0.0,0.0,0.0,0.0,"SELECT * FROM lineitem, orders WHERE lineitem.l_orderkey = orders.o_orderkey AND o_totalprice = 305925.15;",4,0,random
1.0,1.0,1.0,1.0,1.0,0.0,0.0,0.0,1.0,0.5172557172555022,0.9933471933467803,0.0,0.0,0.0,0.0,0.0,0.0,1.0,0.30033395872483404,0.30033395872483404,"SELECT * FROM orders, customer, lineitem WHERE orders.o_custkey = customer.c_custkey AND lineitem.l_orderkey = orders.o_orderkey AND o_orderdate BETWEEN DATE '1995-05-29' AND DATE '1998-07-17' AND l_discount = 0.03;",268317,260702,random
0.0,1.0,0.0,0.0,0.0,0.0,0.0,0.0,1.0,0.0939708939708549,0.4602910602908689,1.0,0.5112714883411151,0.5706682050669365,0.0,0.0,0.0,0.0,0.0,0.0,SELECT * FROM orders WHERE o_totalprice BETWEEN 284320.66 AND 317251.83 AND o_orderdate BETWEEN DATE '1992-08-14' AND DATE '1995-01-12';,23586,23746,random
0.0,1.0,0.0,0.0,0.0,0.0,0.0,0.0,1.0,0.8112266112262739,0.8112266112262739,0.0,0.0,0.0,0.0,0.0,0.0,0.0,0.0,0.0,SELECT * FROM orders WHERE o_orderdate = DATE '1997-05-05';,622,655,random
0.0,1.0,0.0,0.0,0.0,0.0,0.0,0.0,0.0,0.0,0.0,0.0,0.0,0.0,0.0,0.0,0.0,0.0,0.0,0.0,SELECT * FROM orders;,1500000,1500000,random
1.0,1.0,1.0,1.0,1.0,0.0,0.0,0.0,0.0,0.0,0.0,0.0,0.0,0.0,0.0,0.0,0.0,0.0,0.0,0.0,"SELECT * FROM orders, lineitem, customer WHERE orders.o_custkey = customer.c_custkey AND lineitem.l_orderkey = orders.o_orderkey;",6001226,6001215,random
1.0,1.0,1.0,1.0,1.0,0.0,0.0,0.0,1.0,0.05405405405403158,0.6320166320163693,0.0,0.0,0.0,1.0,0.8494781672952683,0.9286531657642921,1.0,0.12054052731394577,0.7703900500589433,"SELECT * FROM lineitem, orders, customer WHERE orders.o_custkey = customer.c_custkey AND lineitem.l_orderkey = orders.o_orderkey AND l_discount BETWEEN 0.01 AND 0.08 AND l_quantity BETWEEN 42.62 AND 46.50 AND o_orderdate BETWEEN DATE '1992-05-10' AND DATE '1996-02-29';",202156,202023,random
0.0,1.0,1.0,0.0,1.0,0.0,0.0,0.0,0.0,0.0,0.0,1.0,0.73157857356494,0.73157857356494,0.0,0.0,0.0,0.0,0.0,0.0,"SELECT * FROM orders, lineitem WHERE lineitem.l_orderkey = orders.o_orderkey AND o_totalprice = 406464.95;",4,0,random
0.0,1.0,1.0,0.0,1.0,0.0,0.0,0.0,1.0,0.33596673596659626,0.33596673596659626,0.0,0.0,0.0,1.0,0.5481524050063628,0.7453150380199371,1.0,0.39852703338063644,0.39852703338063644,"SELECT * FROM orders, lineitem WHERE lineitem.l_orderkey = orders.o_orderkey AND o_orderdate = DATE '1994-03-19' AND l_quantity BETWEEN 27.86 AND 37.52 AND l_discount = 0.04;",46,47,random
0.0,1.0,1.0,0.0,1.0,0.0,0.0,0.0,1.0,0.5239085239083061,0.9966735966731822,0.0,0.0,0.0,1.0,0.5713306828926082,0.5713306828926082,1.0,0.2662570880309319,0.2662570880309319,"SELECT * FROM lineitem, orders WHERE lineitem.l_orderkey = orders.o_orderkey AND l_quantity = 29.00 AND o_orderdate BETWEEN DATE '1995-06-14' AND DATE '1998-07-25' AND l_discount = 0.03;",5590,5174,random
0.0,1.0,1.0,0.0,1.0,0.0,0.0,0.0,0.0,0.0,0.0,1.0,0.6554098578110833,0.6554098578110833,1.0,0.16925526400795804,0.34971639972376123,1.0,0.19048973966440083,0.19048973966440083,"SELECT * FROM lineitem, orders WHERE lineitem.l_orderkey = orders.o_orderkey AND l_discount = 0.02 AND o_totalprice = 364234.93 AND l_quantity BETWEEN 9.29 AND 18.14;",1,0,random
1.0,1.0,1.0,1.0,1.0,0.0,0.0,0.0,0.0,0.0,0.0,1.0,0.11237174078510405,0.8527641451791989,0.0,0.0,0.0,0.0,0.0,0.0,"SELECT * FROM orders, lineitem, customer WHERE orders.o_custkey = customer.c_custkey AND lineitem.l_orderkey = orders.o_orderkey AND o_totalprice BETWEEN 63159.69 AND 473653.56;",4829079,5569636,random
0.0,0.0,1.0,0.0,0.0,0.0,0.0,0.0,0.0,0.0,0.0,0.0,0.0,0.0,1.0,0.4500615706291611,0.4500615706291611,1.0,0.6937952181181654,0.6937952181181654,SELECT * FROM lineitem WHERE l_discount = 0.07 AND l_quantity = 23.05;,1,0,random
1.0,0.0,0.0,0.0,0.0,1.0,0.3333333333333333,0.3333333333333333,0.0,0.0,0.0,0.0,0.0,0.0,0.0,0.0,0.0,0.0,0.0,0.0,SELECT * FROM customer WHERE c_mktsegment = 'BUILDING';,29665,30142,random
1.0,1.0,0.0,1.0,0.0,0.0,0.0,0.0,0.0,0.0,0.0,0.0,0.0,0.0,0.0,0.0,0.0,0.0,0.0,0.0,"SELECT * FROM orders, customer WHERE orders.o_custkey = customer.c_custkey;",1500000,1500000,random
0.0,1.0,1.0,0.0,1.0,0.0,0.0,0.0,0.0,0.0,0.0,1.0,0.6965266884711727,0.6965266884711727,0.0,0.0,0.0,1.0,0.46496081375105697,0.46496081375105697,"SELECT * FROM lineitem, orders WHERE lineitem.l_orderkey = orders.o_orderkey AND o_totalprice = 387031.23 AND l_discount = 0.05;",1,0,random
1.0,1.0,1.0,1.0,1.0,0.0,0.0,0.0,1.0,0.09937629937625805,0.31517671517658413,0.0,0.0,0.0,1.0,0.18641738741371458,0.5315606451523651,1.0,0.38070119915583595,0.38070119915583595,"SELECT * FROM customer, orders, lineitem WHERE orders.o_custkey = customer.c_custkey AND lineitem.l_orderkey = orders.o_orderkey AND l_discount = 0.04 AND o_orderdate BETWEEN DATE '1992-08-27' AND DATE '1994-01-28' AND l_quantity BETWEEN 10.13 AND 27.05;",40041,40063,random
0.0,1.0,1.0,0.0,1.0,0.0,0.0,0.0,0.0,0.0,0.0,1.0,0.30232621160302076,0.35537813324653267,1.0,0.01837222536451797,0.7443907197934856,0.0,0.0,0.0,"SELECT * FROM orders, lineitem WHERE lineitem.l_orderkey = orders.o_orderkey AND l_quantity BETWEEN 1.90 AND 37.48 AND o_totalprice BETWEEN 168475.66 AND 197889.10;",444519,571856,random
1.0,1.0,1.0,1.0,1.0,0.0,0.0,0.0,0.0,0.0,0.0,0.0,0.0,0.0,0.0,0.0,0.0,1.0,0.8971753059974183,0.8971753059974183,"SELECT * FROM lineitem, orders, customer WHERE orders.o_custkey = customer.c_custkey AND lineitem.l_orderkey = orders.o_orderkey AND l_discount = 0.09;",548712,545309,random
1.0,1.0,1.0,1.0,1.0,1.0,0.8333333333333334,0.8333333333333334,0.0,0.0,0.0,1.0,0.6524726460768011,0.6524726460768011,0.0,0.0,0.0,1.0,0.3292847350776992,0.9097353844668173,"SELECT * FROM customer, orders, lineitem WHERE orders.o_custkey = customer.c_custkey AND lineitem.l_orderkey = orders.o_orderkey AND l_discount BETWEEN 0.03 AND 0.09 AND c_mktsegment = 'MACHINERY' AND o_totalprice = 362606.46;",3,0,random
1.0,1.0,1.0,1.0,1.0,0.0,0.0,0.0,0.0,0.0,0.0,0.0,0.0,0.0,0.0,0.0,0.0,1.0,0.5573402925201658,0.5573402925201658,"SELECT * FROM lineitem, orders, customer WHERE orders.o_custkey = customer.c_custkey AND lineitem.l_orderkey = orders.o_orderkey AND l_discount = 0.06;",550713,544970,random
1.0,1.0,1.0,1.0,1.0,0.0,0.0,0.0,0.0,0.0,0.0,1.0,0.6368473986778398,0.7383396124377546,1.0,0.7456097299734219,0.7456097299734219,1.0,0.1879336003551723,0.1879336003551723,"SELECT * FROM customer, orders, lineitem WHERE orders.o_custkey = customer.c_custkey AND lineitem.l_orderkey = orders.o_orderkey AND l_quantity = 37.53 AND o_totalprice BETWEEN 353943.39 AND 410213.46 AND l_discount = 0.02;",1,0,random
1.0,0.0,0.0,0.0,0.0,1.0,0.8333333333333334,0.8333333333333334,0.0,0.0,0.0,0.0,0.0,0.0,0.0,0.0,0.0,0.0,0.0,0.0,SELECT * FROM customer WHERE c_mktsegment = 'MACHINERY';,30450,29949,random
1.0,1.0,1.0,1.0,1.0,0.0,0.0,0.0,0.0,0.0,0.0,0.0,0.0,0.0,1.0,0.6047117595904105,0.7120191279621291,0.0,0.0,0.0,"SELECT * FROM customer, orders, lineitem WHERE orders.o_custkey = customer.c_custkey AND lineitem.l_orderkey = orders.o_orderkey AND l_quantity BETWEEN 30.63 AND 35.89;",588520,601439,random
1.0,1.0,0.0,1.0,0.0,0.0,0.0,0.0,0.0,0.0,0.0,1.0,0.03222955322704573,0.03222955322704573,0.0,0.0,0.0,0.0,0.0,0.0,"SELECT * FROM orders, customer WHERE orders.o_custkey = customer.c_custkey AND o_totalprice = 18726.66;",1,0,random
1.0,1.0,1.0,1.0,1.0,0.0,0.0,0.0,0.0,0.0,0.0,0.0,0.0,0.0,1.0,0.867129002620907,0.9856276395662533,0.0,0.0,0.0,"SELECT * FROM customer, orders, lineitem WHERE orders.o_custkey = customer.c_custkey AND lineitem.l_orderkey = orders.o_orderkey AND l_quantity BETWEEN 43.49 AND 49.30;",716546,719706,random
1.0,1.0,0.0,1.0,0.0,1.0,0.8333333333333334,0.8333333333333334,1.0,0.39376299376283,0.9388773388769485,1.0,0.6079299579212935,0.8243285147873607,0.0,0.0,0.0,0.0,0.0,0.0,"SELECT * FROM orders, customer WHERE orders.o_custkey = customer.c_custkey AND o_totalprice BETWEEN 337910.77 AND 457888.07 AND o_orderdate BETWEEN DATE '1994-08-05' AND DATE '1998-03-08' AND c_mktsegment = 'MACHINERY';",3194,3482,random
1.0,1.0,1.0,1.0,1.0,1.0,0.6666666666666666,0.6666666666666666,1.0,0.039085239085222837,0.38711018711002615,1.0,0.18985033997281872,0.9625923115707576,0.0,0.0,0.0,0.0,0.0,0.0,"SELECT * FROM lineitem, orders, customer WHERE orders.o_custkey = customer.c_custkey AND lineitem.l_orderkey = orders.o_orderkey AND o_orderdate BETWEEN DATE '1992-04-04' AND DATE '1994-07-20' AND o_totalprice BETWEEN 106115.95 AND 534545.31 AND c_mktsegment = 'HOUSEHOLD';",265201,343280,random
1.0,1.0,0.0,1.0,0.0,1.0,0.8333333333333334,0.8333333333333334,1.0,0.4632016632014706,0.6457380457377773,1.0,0.9190328199755133,0.9190328199755133,0.0,0.0,0.0,0.0,0.0,0.0,"SELECT * FROM orders, customer WHERE orders.o_custkey = customer.c_custkey AND o_totalprice = 510394.73 AND c_mktsegment = 'MACHINERY' AND o_orderdate BETWEEN DATE '1995-01-19' AND DATE '1996-04-02';",1,0,random
0.0,0.0,1.0,0.0,0.0,0.0,0.0,0.0,0.0,0.0,0.0,0.0,0.0,0.0,0.0,0.0,0.0,1.0,0.6961141348786543,0.937842448320815,SELECT * FROM lineitem WHERE l_discount BETWEEN 0.07 AND 0.09;,1648137,1636304,random
0.0,1.0,0.0,0.0,0.0,0.0,0.0,0.0,1.0,0.45363825363806504,0.45363825363806504,1.0,0.8825484473607166,0.8957949072266502,0.0,0.0,0.0,0.0,0.0,0.0,SELECT * FROM orders WHERE o_orderdate = DATE '1994-12-27' AND o_totalprice BETWEEN 490166.80 AND 497511.00;,1,0,random
0.0,1.0,0.0,0.0,0.0,0.0,0.0,0.0,0.0,0.0,0.0,0.0,0.0,0.0,0.0,0.0,0.0,0.0,0.0,0.0,SELECT * FROM orders;,1500000,1500000,random
0.0,0.0,1.0,0.0,0.0,0.0,0.0,0.0,0.0,0.0,0.0,0.0,0.0,0.0,1.0,0.7072791187625381,0.7072791187625381,1.0,0.6120725283640924,0.9751914158671102,SELECT * FROM lineitem WHERE l_quantity = 35.66 AND l_discount BETWEEN 0.06 AND 0.10;,1,0,random
0.0,0.0,1.0,0.0,0.0,0.0,0.0,0.0,0.0,0.0,0.0,0.0,0.0,0.0,0.0,0.0,0.0,0.0,0.0,0.0,SELECT * FROM lineitem;,6001226,6001215,random
1.0,1.0,1.0,1.0,1.0,1.0,0.6666666666666666,0.6666666666666666,0.0,0.0,0.0,1.0,0.18069602636660576,0.18069602636660576,1.0,0.7301617470877648,0.7301617470877648,0.0,0.0,0.0,"SELECT * FROM orders, lineitem, customer WHERE orders.o_custkey = customer.c_custkey AND lineitem.l_orderkey = orders.o_orderkey AND l_quantity = 36.78 AND c_mktsegment = 'HOUSEHOLD' AND o_totalprice = 101040.55;",1,0,random
1.0,1.0,1.0,1.0,1.0,0.0,0.0,0.0,0.0,0.0,0.0,0.0,0.0,0.0,0.0,0.0,0.0,0.0,0.0,0.0,"SELECT * FROM customer, orders, lineitem WHERE orders.o_custkey = customer.c_custkey AND lineitem.l_orderkey = orders.o_orderkey;",6001226,6001215,random
1.0,1.0,1.0,1.0,1.0,1.0,0.16666666666666666,0.16666666666666666,1.0,0.6286902286899673,0.6286902286899673,1.0,0.006573023235150843,0.882167864943604,0.0,0.0,0.0,0.0,0.0,0.0,"SELECT * FROM orders, lineitem, customer WHERE orders.o_custkey = customer.c_custkey AND lineitem.l_orderkey = orders.o_orderkey AND c_mktsegment = 'AUTOMOBILE' AND o_totalprice BETWEEN 4501.97 AND 489955.79 AND o_orderdate = DATE '1996-02-21';",493,555,random
1.0,1.0,1.0,1.0,1.0,0.0,0.0,0.0,0.0,0.0,0.0,0.0,0.0,0.0,0.0,0.0,0.0,0.0,0.0,0.0,"SELECT * FROM customer, orders, lineitem WHERE orders.o_custkey = customer.c_custkey AND lineitem.l_orderkey = orders.o_orderkey;",6001226,6001215,random
1.0,0.0,0.0,0.0,0.0,1.0,0.5,0.5,0.0,0.0,0.0,0.0,0.0,0.0,0.0,0.0,0.0,0.0,0.0,0.0,SELECT * FROM customer WHERE c_mktsegment = 'FURNITURE';,30175,29968,random
1.0,1.0,1.0,1.0,1.0,1.0,0.6666666666666666,0.6666666666666666,0.0,0.0,0.0,0.0,0.0,0.0,0.0,0.0,0.0,0.0,0.0,0.0,"SELECT * FROM customer, orders, lineitem WHERE orders.o_custkey = customer.c_custkey AND lineitem.l_orderkey = orders.o_orderkey AND c_mktsegment = 'HOUSEHOLD';",1188643,1201214,random
1.0,1.0,1.0,1.0,1.0,0.0,0.0,0.0,0.0,0.0,0.0,0.0,0.0,0.0,0.0,0.0,0.0,0.0,0.0,0.0,"SELECT * FROM orders, lineitem, customer WHERE orders.o_custkey = customer.c_custkey AND lineitem.l_orderkey = orders.o_orderkey;",6001226,6001215,random
1.0,1.0,1.0,1.0,1.0,0.0,0.0,0.0,0.0,0.0,0.0,1.0,0.5246462092537078,0.6958294973451703,0.0,0.0,0.0,1.0,0.10930223334330393,0.7297285124653943,"SELECT * FROM lineitem, orders, customer WHERE orders.o_custkey = customer.c_custkey AND lineitem.l_orderkey = orders.o_orderkey AND o_totalprice BETWEEN 291735.97 AND 386644.68 AND l_discount BETWEEN 0.01 AND 0.07;",233391,412263,random
1.0,1.0,1.0,1.0,1.0,1.0,0.8333333333333334,0.8333333333333334,0.0,0.0,0.0,0.0,0.0,0.0,0.0,0.0,0.0,0.0,0.0,0.0,"SELECT * FROM customer, orders, lineitem WHERE orders.o_custkey = customer.c_custkey AND lineitem.l_orderkey = orders.o_orderkey AND c_mktsegment = 'MACHINERY';",1218249,1195932,random
1.0,1.0,1.0,1.0,1.0,1.0,0.16666666666666666,0.16666666666666666,0.0,0.0,0.0,0.0,0.0,0.0,0.0,0.0,0.0,0.0,0.0,0.0,"SELECT * FROM lineitem, orders, customer WHERE orders.o_custkey = customer.c_custkey AND lineitem.l_orderkey = orders.o_orderkey AND c_mktsegment = 'AUTOMOBILE';",1200245,1189837,random
0.0,1.0,0.0,0.0,0.0,0.0,0.0,0.0,0.0,0.0,0.0,1.0,0.41404113952437105,0.998987007250129,0.0,0.0,0.0,0.0,0.0,0.0,SELECT * FROM orders WHERE o_totalprice BETWEEN 230413.48 AND 554723.53;,304666,307571,random
0.0,1.0,1.0,0.0,1.0,0.0,0.0,0.0,0.0,0.0,0.0,1.0,0.0678360634131173,0.0678360634131173,0.0,0.0,0.0,1.0,0.5499935938845196,0.5499935938845196,"SELECT * FROM lineitem, orders WHERE lineitem.l_orderkey = orders.o_orderkey AND o_totalprice = 38467.89 AND l_discount = 0.05;",1,0,random
1.0,1.0,1.0,1.0,1.0,0.0,0.0,0.0,1.0,0.47900207900187985,0.9222453222449388,1.0,0.035558250886590856,0.13575389594953863,0.0,0.0,0.0,0.0,0.0,0.0,"SELECT * FROM customer, orders, lineitem WHERE orders.o_custkey = customer.c_custkey AND lineitem.l_orderkey = orders.o_orderkey AND o_orderdate BETWEEN DATE '1995-02-26' AND DATE '1998-01-27' AND o_totalprice BETWEEN 20572.18 AND 76123.40;",522043,230485,random
0.0,1.0,0.0,0.0,0.0,0.0,0.0,0.0,1.0,0.4137214137212417,0.7422037422034335,1.0,0.29934374663936014,0.7249641543492484,0.0,0.0,0.0,0.0,0.0,0.0,SELECT * FROM orders WHERE o_orderdate BETWEEN DATE '1994-09-22' AND DATE '1996-11-20' AND o_totalprice BETWEEN 166822.10 AND 402797.74;,201161,205349,random
0.0,1.0,1.0,0.0,1.0,0.0,0.0,0.0,1.0,0.14927234927228722,0.14927234927228722,0.0,0.0,0.0,0.0,0.0,0.0,1.0,0.33915241456341816,0.375240773878032,"SELECT * FROM lineitem, orders WHERE lineitem.l_orderkey = orders.o_orderkey AND o_orderdate = DATE '1992-12-25' AND l_discount BETWEEN 0.03 AND 0.04;",461,450,random
1.0,1.0,0.0,1.0,0.0,0.0,0.0,0.0,1.0,0.03160083160081846,0.31434511434498363,1.0,0.2376422462730371,0.49705443439668867,0.0,0.0,0.0,0.0,0.0,0.0,"SELECT * FROM customer, orders WHERE orders.o_custkey = customer.c_custkey AND o_orderdate BETWEEN DATE '1992-03-17' AND DATE '1994-01-26' AND o_totalprice BETWEEN 132613.09 AND 276438.33;",188697,190072,random
0.0,1.0,1.0,0.0,1.0,0.0,0.0,0.0,0.0,0.0,0.0,1.0,0.7777903914607928,0.913353846167057,0.0,0.0,0.0,1.0,0.024934774380612222,0.48266318632018734,"SELECT * FROM orders, lineitem WHERE lineitem.l_orderkey = orders.o_orderkey AND o_totalprice BETWEEN 432086.05 AND 507246.15 AND l_discount BETWEEN 0.00 AND 0.05;",14861,3404,random
1.0,1.0,0.0,1.0,0.0,1.0,0.3333333333333333,0.3333333333333333,0.0,0.0,0.0,1.0,0.0982515649656838,0.9822734738739101,0.0,0.0,0.0,0.0,0.0,0.0,"SELECT * FROM customer, orders WHERE orders.o_custkey = customer.c_custkey AND c_mktsegment = 'BUILDING' AND o_totalprice BETWEEN 55331.07 AND 545457.09;",247868,254539,random
1.0,1.0,0.0,1.0,0.0,1.0,0.16666666666666666,0.16666666666666666,1.0,0.8648648648645053,0.8648648648645053,1.0,0.9323373440208265,0.9323373440208265,0.0,0.0,0.0,0.0,0.0,0.0,"SELECT * FROM customer, orders WHERE orders.o_custkey = customer.c_custkey AND o_orderdate = DATE '1997-09-11' AND c_mktsegment = 'AUTOMOBILE' AND o_totalprice = 517771.13;",1,0,random
1.0,1.0,1.0,1.0,1.0,0.0,0.0,0.0,0.0,0.0,0.0,0.0,0.0,0.0,0.0,0.0,0.0,0.0,0.0,0.0,"SELECT * FROM lineitem, orders, customer WHERE orders.o_custkey = customer.c_custkey AND lineitem.l_orderkey = orders.o_orderkey;",6001226,6001215,random
1.0,1.0,1.0,1.0,1.0,1.0,0.6666666666666666,0.6666666666666666,0.0,0.0,0.0,1.0,0.15749601478604106,0.2726542066732098,0.0,0.0,0.0,0.0,0.0,0.0,"SELECT * FROM orders, lineitem, customer WHERE orders.o_custkey = customer.c_custkey AND lineitem.l_orderkey = orders.o_orderkey AND c_mktsegment = 'HOUSEHOLD' AND o_totalprice BETWEEN 88177.82 AND 152024.69;",284502,253166,random
0.0,0.0,1.0,0.0,0.0,0.0,0.0,0.0,0.0,0.0,0.0,0.0,0.0,0.0,0.0,0.0,0.0,1.0,0.27105209810850656,0.5493656514669866,SELECT * FROM lineitem WHERE l_discount BETWEEN 0.03 AND 0.05;,1641335,1637233,random
1.0,1.0,1.0,1.0,1.0,0.0,0.0,0.0,1.0,0.050311850311829394,0.38336798336782396,0.0,0.0,0.0,1.0,0.39191676063768177,0.39191676063768177,1.0,0.028992685912715203,0.028992685912715203,"SELECT * FROM orders, lineitem, customer WHERE orders.o_custkey = customer.c_custkey AND lineitem.l_orderkey = orders.o_orderkey AND l_discount = 0.00 AND o_orderdate BETWEEN DATE '1992-05-01' AND DATE '1994-07-11' AND l_quantity = 20.20;",1,0,random
1.0,1.0,1.0,1.0,1.0,1.0,0.6666666666666666,0.6666666666666666,1.0,0.09272349272345418,0.8020790020786686,0.0,0.0,0.0,1.0,0.09726299684731478,0.31039168449958987,0.0,0.0,0.0,"SELECT * FROM lineitem, orders, customer WHERE orders.o_custkey = customer.c_custkey AND lineitem.l_orderkey = orders.o_orderkey AND o_orderdate BETWEEN DATE '1992-08-11' AND DATE '1997-04-13' AND l_quantity BETWEEN 5.77 AND 16.21 AND c_mktsegment = 'HOUSEHOLD';",183571,187806,random
1.0,1.0,0.0,1.0,0.0,1.0,0.6666666666666666,0.6666666666666666,1.0,0.9172557172553358,0.9172557172553358,0.0,0.0,0.0,0.0,0.0,0.0,0.0,0.0,0.0,"SELECT * FROM customer, orders WHERE orders.o_custkey = customer.c_custkey AND c_mktsegment = 'HOUSEHOLD' AND o_orderdate = DATE '1998-01-15';",123,144,random
1.0,1.0,0.0,1.0,0.0,0.0,0.0,0.0,0.0,0.0,0.0,0.0,0.0,0.0,0.0,0.0,0.0,0.0,0.0,0.0,"SELECT * FROM orders, customer WHERE orders.o_custkey = customer.c_custkey;",1500000,1500000,random
1.0,1.0,0.0,1.0,0.0,1.0,0.16666666666666666,0.16666666666666666,0.0,0.0,0.0,1.0,0.12739400199018144,0.6044402314326025,0.0,0.0,0.0,0.0,0.0,0.0,"SELECT * FROM orders, customer WHERE orders.o_custkey = customer.c_custkey AND o_totalprice BETWEEN 71488.44 AND 335975.97 AND c_mktsegment = 'AUTOMOBILE';",225251,223532,random
0.0,1.0,1.0,0.0,1.0,0.0,0.0,0.0,1.0,0.5476091476089199,0.9738045738041688,1.0,0.4008164747844327,0.4134419056667028,0.0,0.0,0.0,0.0,0.0,0.0,"SELECT * FROM lineitem, orders WHERE lineitem.l_orderkey = orders.o_orderkey AND o_totalprice BETWEEN 223081.37 AND 230081.25 AND o_orderdate BETWEEN DATE '1995-08-10' AND DATE '1998-05-31';",52511,75847,random
0.0,1.0,1.0,0.0,1.0,0.0,0.0,0.0,1.0,0.6694386694383911,0.6694386694383911,0.0,0.0,0.0,0.0,0.0,0.0,0.0,0.0,0.0,"SELECT * FROM orders, lineitem WHERE lineitem.l_orderkey = orders.o_orderkey AND o_orderdate = DATE '1996-05-29';",2489,2463,random
1.0,1.0,1.0,1.0,1.0,1.0,0.16666666666666666,0.16666666666666666,1.0,0.5962577962575484,0.6852390852388003,1.0,0.9558834463789571,0.9558834463789571,0.0,0.0,0.0,0.0,0.0,0.0,"SELECT * FROM lineitem, orders, customer WHERE orders.o_custkey = customer.c_custkey AND lineitem.l_orderkey = orders.o_orderkey AND o_totalprice = 530825.73 AND c_mktsegment = 'AUTOMOBILE' AND o_orderdate BETWEEN DATE '1995-12-05' AND DATE '1996-07-06';",1,0,random
1.0,1.0,1.0,1.0,1.0,0.0,0.0,0.0,0.0,0.0,0.0,0.0,0.0,0.0,1.0,0.29150325349855566,0.45297442026447543,0.0,0.0,0.0,"SELECT * FROM orders, customer, lineitem WHERE orders.o_custkey = customer.c_custkey AND lineitem.l_orderkey = orders.o_orderkey AND l_quantity BETWEEN 15.28 AND 23.20;",951594,960916,random
1.0,1.0,1.0,1.0,1.0,1.0,0.5,0.5,1.0,0.5825363825361404,0.6112266112263571,0.0,0.0,0.0,1.0,0.8476367453130625,0.8525051794338936,0.0,0.0,0.0,"SELECT * FROM orders, lineitem, customer WHERE orders.o_custkey = customer.c_custkey AND lineitem.l_orderkey = orders.o_orderkey AND c_mktsegment = 'FURNITURE' AND o_orderdate BETWEEN DATE '1995-11-02' AND DATE '1996-01-10' AND l_quantity BETWEEN 42.53 AND 42.77;",1,0,random
0.0,0.0,1.0,0.0,0.0,0.0,0.0,0.0,0.0,0.0,0.0,0.0,0.0,0.0,0.0,0.0,0.0,0.0,0.0,0.0,SELECT * FROM lineitem;,6001226,6001215,random
1.0,1.0,1.0,1.0,1.0,0.0,0.0,0.0,0.0,0.0,0.0,1.0,0.1734101062630964,0.1734101062630964,0.0,0.0,0.0,1.0,0.40603265044538106,0.4351900440530225,"SELECT * FROM orders, lineitem, customer WHERE orders.o_custkey = customer.c_custkey AND lineitem.l_orderkey = orders.o_orderkey AND l_discount BETWEEN 0.04 AND 0.04 AND o_totalprice = 97001.03;",1,0,random
0.0,0.0,1.0,0.0,0.0,0.0,0.0,0.0,0.0,0.0,0.0,0.0,0.0,0.0,1.0,0.15426729089057672,0.9974560429901147,1.0,0.07174599582026443,0.1342774468018011,SELECT * FROM lineitem WHERE l_quantity BETWEEN 8.56 AND 49.88 AND l_discount BETWEEN 0.01 AND 0.01;,455349,447801,random
0.0,0.0,1.0,0.0,0.0,0.0,0.0,0.0,0.0,0.0,0.0,0.0,0.0,0.0,1.0,0.13577574554302937,0.13722026826342218,1.0,0.8601527534540828,0.8935824602066155,SELECT * FROM lineitem WHERE l_quantity BETWEEN 7.65 AND 7.72 AND l_discount BETWEEN 0.09 AND 0.09;,1,0,random
1.0,1.0,1.0,1.0,1.0,1.0,0.5,0.5,1.0,0.4249480249478483,0.4249480249478483,1.0,0.4981569636374992,0.4981569636374992,0.0,0.0,0.0,0.0,0.0,0.0,"SELECT * FROM orders, lineitem, customer WHERE orders.o_custkey = customer.c_custkey AND lineitem.l_orderkey = orders.o_orderkey AND c_mktsegment = 'FURNITURE' AND o_orderdate = DATE '1994-10-19' AND o_totalprice = 277049.61;",1,0,random
1.0,1.0,1.0,1.0,1.0,1.0,0.5,0.5,1.0,0.11309771309766607,0.4814968814966813,0.0,0.0,0.0,1.0,0.1420874799027761,0.7312931830019126,0.0,0.0,0.0,"SELECT * FROM lineitem, orders, customer WHERE orders.o_custkey = customer.c_custkey AND lineitem.l_orderkey = orders.o_orderkey AND o_orderdate BETWEEN DATE '1992-09-29' AND DATE '1995-03-04' AND l_quantity BETWEEN 7.96 AND 36.83 AND c_mktsegment = 'FURNITURE';",255137,255769,random
1.0,1.0,0.0,1.0,0.0,0.0,0.0,0.0,0.0,0.0,0.0,0.0,0.0,0.0,0.0,0.0,0.0,0.0,0.0,0.0,"SELECT * FROM customer, orders WHERE orders.o_custkey = customer.c_custkey;",1500000,1500000,random
1.0,1.0,1.0,1.0,1.0,0.0,0.0,0.0,1.0,0.30395010394997757,0.597505197504949,0.0,0.0,0.0,1.0,0.3315139891215268,0.35291454165886793,1.0,0.16750816114619807,0.2946179426743011,"SELECT * FROM lineitem, orders, customer WHERE orders.o_custkey = customer.c_custkey AND lineitem.l_orderkey = orders.o_orderkey AND l_quantity BETWEEN 17.24 AND 18.29 AND l_discount BETWEEN 0.02 AND 0.03 AND o_orderdate BETWEEN DATE '1994-01-01' AND DATE '1995-12-08';",6313,6416,random
1.0,1.0,1.0,1.0,1.0,1.0,0.16666666666666666,0.16666666666666666,0.0,0.0,0.0,0.0,0.0,0.0,1.0,0.28681565436701895,0.6243170054673254,0.0,0.0,0.0,"SELECT * FROM orders, lineitem, customer WHERE orders.o_custkey = customer.c_custkey AND lineitem.l_orderkey = orders.o_orderkey AND l_quantity BETWEEN 15.05 AND 31.59 AND c_mktsegment = 'AUTOMOBILE';",387479,380782,random
1.0,0.0,0.0,0.0,0.0,1.0,0.5,0.5,0.0,0.0,0.0,0.0,0.0,0.0,0.0,0.0,0.0,0.0,0.0,0.0,SELECT * FROM customer WHERE c_mktsegment = 'FURNITURE';,30175,29968,random
0.0,1.0,0.0,0.0,0.0,0.0,0.0,0.0,1.0,0.1114345114344651,0.1114345114344651,1.0,0.5917701254708102,0.5917701254708102,0.0,0.0,0.0,0.0,0.0,0.0,SELECT * FROM orders WHERE o_orderdate = DATE '1992-09-25' AND o_totalprice = 328951.31;,1,0,random
0.0,1.0,0.0,0.0,0.0,0.0,0.0,0.0,1.0,0.7006237006234093,0.7006237006234093,0.0,0.0,0.0,0.0,0.0,0.0,0.0,0.0,0.0,SELECT * FROM orders WHERE o_orderdate = DATE '1996-08-12';,622,640,random
0.0,1.0,1.0,0.0,1.0,0.0,0.0,0.0,0.0,0.0,0.0,1.0,0.4129478765306449,0.7527612968801364,0.0,0.0,0.0,0.0,0.0,0.0,"SELECT * FROM lineitem, orders WHERE lineitem.l_orderkey = orders.o_orderkey AND o_totalprice BETWEEN 229807.35 AND 418209.24;",1195372,1932171,random
0.0,1.0,1.0,0.0,1.0,0.0,0.0,0.0,0.0,0.0,0.0,0.0,0.0,0.0,0.0,0.0,0.0,0.0,0.0,0.0,"SELECT * FROM lineitem, orders WHERE lineitem.l_orderkey = orders.o_orderkey;",6001226,6001215,random
1.0,1.0,1.0,1.0,1.0,1.0,0.8333333333333334,0.8333333333333334,1.0,0.2627858627857535,0.2627858627857535,1.0,0.6835099585772129,0.6835099585772129,0.0,0.0,0.0,0.0,0.0,0.0,"SELECT * FROM customer, orders, lineitem WHERE orders.o_custkey = customer.c_custkey AND lineitem.l_orderkey = orders.o_orderkey AND c_mktsegment = 'MACHINERY' AND o_totalprice = 379814.39 AND o_orderdate = DATE '1993-09-24';",4,0,random
0.0,1.0,1.0,0.0,1.0,0.0,0.0,0.0,1.0,0.040748440748423806,0.6827442827439989,0.0,0.0,0.0,0.0,0.0,0.0,1.0,0.6374241448811582,0.9561836463277885,"SELECT * FROM orders, lineitem WHERE lineitem.l_orderkey = orders.o_orderkey AND o_orderdate BETWEEN DATE '1992-04-08' AND DATE '1996-06-30' AND l_discount BETWEEN 0.06 AND 0.10;",1739566,1749144,random
0.0,1.0,1.0,0.0,1.0,0.0,0.0,0.0,0.0,0.0,0.0,0.0,0.0,0.0,0.0,0.0,0.0,0.0,0.0,0.0,"SELECT * FROM lineitem, orders WHERE lineitem.l_orderkey = orders.o_orderkey;",6001226,6001215,random
0.0,1.0,1.0,0.0,1.0,0.0,0.0,0.0,0.0,0.0,0.0,1.0,0.6777181602290134,0.9932148469978302,0.0,0.0,0.0,0.0,0.0,0.0,"SELECT * FROM lineitem, orders WHERE lineitem.l_orderkey = orders.o_orderkey AND o_totalprice BETWEEN 376603.26 AND 551523.28;",53071,62037,random
1.0,1.0,0.0,1.0,0.0,1.0,0.3333333333333333,0.3333333333333333,1.0,0.10395010395006073,0.10395010395006073,1.0,0.21941632572748207,0.2832970190934541,0.0,0.0,0.0,0.0,0.0,0.0,"SELECT * FROM customer, orders WHERE orders.o_custkey = customer.c_custkey AND o_orderdate = DATE '1992-09-07' AND o_totalprice BETWEEN 122508.14 AND 157925.35 AND c_mktsegment = 'BUILDING';",16,17,random
0.0,0.0,1.0,0.0,0.0,0.0,0.0,0.0,0.0,0.0,0.0,0.0,0.0,0.0,0.0,0.0,0.0,0.0,0.0,0.0,SELECT * FROM lineitem;,6001226,6001215,random
1.0,1.0,1.0,1.0,1.0,0.0,0.0,0.0,1.0,0.5659043659041306,0.8997920997917257,1.0,0.4669555772876569,0.4669555772876569,1.0,0.69565363364188,0.8960016303389581,0.0,0.0,0.0,"SELECT * FROM lineitem, orders, customer WHERE orders.o_custkey = customer.c_custkey AND lineitem.l_orderkey = orders.o_orderkey AND o_orderdate BETWEEN DATE '1995-09-23' AND DATE '1997-12-04' AND l_quantity BETWEEN 35.09 AND 44.90 AND o_totalprice = 259750.70;",1,0,random
1.0,1.0,1.0,1.0,1.0,0.0,0.0,0.0,0.0,0.0,0.0,0.0,0.0,0.0,0.0,0.0,0.0,0.0,0.0,0.0,"SELECT * FROM lineitem, orders, customer WHERE orders.o_custkey = customer.c_custkey AND lineitem.l_orderkey = orders.o_orderkey;",6001226,6001215,random
1.0,1.0,0.0,1.0,0.0,0.0,0.0,0.0,0.0,0.0,0.0,0.0,0.0,0.0,0.0,0.0,0.0,0.0,0.0,0.0,"SELECT * FROM customer, orders WHERE orders.o_custkey = customer.c_custkey;",1500000,1500000,random
0.0,1.0,1.0,0.0,1.0,0.0,0.0,0.0,0.0,0.0,0.0,0.0,0.0,0.0,1.0,0.17844217006112928,0.49205729445131613,0.0,0.0,0.0,"SELECT * FROM orders, lineitem WHERE lineitem.l_orderkey = orders.o_orderkey AND l_quantity BETWEEN 9.74 AND 25.11;",1921192,1920188,random
0.0,1.0,0.0,0.0,0.0,0.0,0.0,0.0,0.0,0.0,0.0,0.0,0.0,0.0,0.0,0.0,0.0,0.0,0.0,0.0,SELECT * FROM orders;,1500000,1500000,random
1.0,1.0,1.0,1.0,1.0,0.0,0.0,0.0,1.0,0.0008316008316004858,0.03742203742202186,1.0,0.49770137778560924,0.49770137778560924,1.0,0.15160747393697446,0.15160747393697446,0.0,0.0,0.0,"SELECT * FROM lineitem, orders, customer WHERE orders.o_custkey = customer.c_custkey AND lineitem.l_orderkey = orders.o_orderkey AND o_totalprice = 276797.02 AND o_orderdate BETWEEN DATE '1992-01-03' AND DATE '1992-03-31' AND l_quantity = 8.43;",1,0,random
0.0,1.0,1.0,0.0,1.0,0.0,0.0,0.0,1.0,0.7808731808728562,0.7850311850308587,1.0,0.482066341647532,0.5672438855119342,1.0,0.003307360294571573,0.954155345906673,0.0,0.0,0.0,"SELECT * FROM orders, lineitem WHERE lineitem.l_orderkey = orders.o_orderkey AND o_orderdate BETWEEN DATE '1997-02-21' AND DATE '1997-03-03' AND l_quantity BETWEEN 1.16 AND 47.75 AND o_totalprice BETWEEN 268128.52 AND 315353.29;",1566,2726,random
1.0,1.0,1.0,1.0,1.0,0.0,0.0,0.0,1.0,0.08024948024944688,0.9609147609143613,0.0,0.0,0.0,0.0,0.0,0.0,1.0,0.6477925653283895,0.7665080820111105,"SELECT * FROM orders, customer, lineitem WHERE orders.o_custkey = customer.c_custkey AND lineitem.l_orderkey = orders.o_orderkey AND o_orderdate BETWEEN DATE '1992-07-12' AND DATE '1998-04-30' AND l_discount BETWEEN 0.06 AND 0.08;",1450267,1440940,random
1.0,0.0,0.0,0.0,0.0,1.0,0.3333333333333333,0.3333333333333333,0.0,0.0,0.0,0.0,0.0,0.0,0.0,0.0,0.0,0.0,0.0,0.0,SELECT * FROM customer WHERE c_mktsegment = 'BUILDING';,29665,30142,random
0.0,1.0,1.0,0.0,1.0,0.0,0.0,0.0,1.0,0.48898128898108567,0.5929313929311464,1.0,0.5405520472184382,0.5405520472184382,0.0,0.0,0.0,1.0,0.13994295036695922,0.19309271697848987,"SELECT * FROM orders, lineitem WHERE lineitem.l_orderkey = orders.o_orderkey AND l_discount BETWEEN 0.01 AND 0.02 AND o_orderdate BETWEEN DATE '1995-03-22' AND DATE '1995-11-27' AND o_totalprice = 300554.60;",1,0,random
0.0,1.0,1.0,0.0,1.0,0.0,0.0,0.0,0.0,0.0,0.0,0.0,0.0,0.0,0.0,0.0,0.0,0.0,0.0,0.0,"SELECT * FROM lineitem, orders WHERE lineitem.l_orderkey = orders.o_orderkey;",6001226,6001215,random
0.0,1.0,1.0,0.0,1.0,0.0,0.0,0.0,1.0,0.01871101871101093,0.4885654885652854,1.0,0.5365613933574668,0.8702000295687852,1.0,0.07203347263247037,0.23298565986884853,0.0,0.0,0.0,"SELECT * FROM lineitem, orders WHERE lineitem.l_orderkey = orders.o_orderkey AND o_totalprice BETWEEN 298342.08 AND 483320.49 AND l_quantity BETWEEN 4.53 AND 12.42 AND o_orderdate BETWEEN DATE '1992-02-15' AND DATE '1995-03-21';",25758,20771,random
1.0,1.0,1.0,1.0,1.0,0.0,0.0,0.0,0.0,0.0,0.0,1.0,0.0639576153293263,0.8174703948671445,0.0,0.0,0.0,1.0,0.09729223940969368,0.6112258832925251,"SELECT * FROM lineitem, orders, customer WHERE orders.o_custkey = customer.c_custkey AND lineitem.l_orderkey = orders.o_orderkey AND l_discount BETWEEN 0.01 AND 0.06 AND o_totalprice BETWEEN 36317.57 AND 454085.74;",2963923,3180331,random
0.0,0.0,1.0,0.0,0.0,0.0,0.0,0.0,0.0,0.0,0.0,0.0,0.0,0.0,0.0,0.0,0.0,0.0,0.0,0.0,SELECT * FROM lineitem;,6001226,6001215,random
1.0,1.0,1.0,1.0,1.0,0.0,0.0,0.0,1.0,0.7638253638250462,0.7929313929310632,0.0,0.0,0.0,1.0,0.12074548954935833,0.33550372766183983,0.0,0.0,0.0,"SELECT * FROM orders, customer, lineitem WHERE orders.o_custkey = customer.c_custkey AND lineitem.l_orderkey = orders.o_orderkey AND o_orderdate BETWEEN DATE '1997-01-11' AND DATE '1997-03-22' AND l_quantity BETWEEN 6.92 AND 17.44;",37532,38591,random
0.0,1.0,0.0,0.0,0.0,0.0,0.0,0.0,1.0,0.0997920997920583,0.0997920997920583,1.0,0.4386612120542264,0.92567553059746,0.0,0.0,0.0,0.0,0.0,0.0,SELECT * FROM orders WHERE o_totalprice BETWEEN 244063.53 AND 514077.63 AND o_orderdate = DATE '1992-08-28';,104,91,random
1.0,1.0,1.0,1.0,1.0,0.0,0.0,0.0,0.0,0.0,0.0,0.0,0.0,0.0,0.0,0.0,0.0,0.0,0.0,0.0,"SELECT * FROM lineitem, orders, customer WHERE orders.o_custkey = customer.c_custkey AND lineitem.l_orderkey = orders.o_orderkey;",6001226,6001215,random
1.0,0.0,0.0,0.0,0.0,1.0,0.6666666666666666,0.6666666666666666,0.0,0.0,0.0,0.0,0.0,0.0,0.0,0.0,0.0,0.0,0.0,0.0,SELECT * FROM customer WHERE c_mktsegment = 'HOUSEHOLD';,29710,30189,random
1.0,1.0,1.0,1.0,1.0,1.0,0.3333333333333333,0.3333333333333333,0.0,0.0,0.0,0.0,0.0,0.0,1.0,0.49988763489336185,0.49988763489336185,1.0,0.03762121160162707,0.6105379825251054,"SELECT * FROM orders, lineitem, customer WHERE orders.o_custkey = customer.c_custkey AND lineitem.l_orderkey = orders.o_orderkey AND c_mktsegment = 'BUILDING' AND l_discount BETWEEN 0.00 AND 0.06 AND l_quantity = 25.49;",1,0,random
1.0,1.0,1.0,1.0,1.0,0.0,0.0,0.0,1.0,0.5301455301453097,0.5301455301453097,0.0,0.0,0.0,0.0,0.0,0.0,0.0,0.0,0.0,"SELECT * FROM lineitem, orders, customer WHERE orders.o_custkey = customer.c_custkey AND lineitem.l_orderkey = orders.o_orderkey AND o_orderdate = DATE '1995-06-29';",2489,2520,random
0.0,1.0,0.0,0.0,0.0,0.0,0.0,0.0,1.0,0.7966735966732654,0.7966735966732654,1.0,0.2764265839239131,0.6593271583922843,0.0,0.0,0.0,0.0,0.0,0.0,SELECT * FROM orders WHERE o_totalprice BETWEEN 154116.20 AND 366406.79 AND o_orderdate = DATE '1997-03-31';,281,260,random
1.0,1.0,1.0,1.0,1.0,0.0,0.0,0.0,0.0,0.0,0.0,1.0,0.25138177971761344,0.25138177971761344,0.0,0.0,0.0,1.0,0.45314762320453705,0.8900795844477669,"SELECT * FROM orders, customer, lineitem WHERE orders.o_custkey = customer.c_custkey AND lineitem.l_orderkey = orders.o_orderkey AND o_totalprice = 140230.67 AND l_discount BETWEEN 0.05 AND 0.09;",2,0,random
1.0,0.0,0.0,0.0,0.0,1.0,0.3333333333333333,0.3333333333333333,0.0,0.0,0.0,0.0,0.0,0.0,0.0,0.0,0.0,0.0,0.0,0.0,SELECT * FROM customer WHERE c_mktsegment = 'BUILDING';,29665,30142,random
1.0,1.0,1.0,1.0,1.0,1.0,0.3333333333333333,0.3333333333333333,0.0,0.0,0.0,1.0,0.2277820639168029,0.2277820639168029,0.0,0.0,0.0,1.0,0.2300632333024564,0.8983727478974273,"SELECT * FROM orders, lineitem, customer WHERE orders.o_custkey = customer.c_custkey AND lineitem.l_orderkey = orders.o_orderkey AND c_mktsegment = 'BUILDING' AND l_discount BETWEEN 0.02 AND 0.09 AND o_totalprice = 127146.34;",1,0,random
0.0,1.0,1.0,0.0,1.0,0.0,0.0,0.0,1.0,0.37338877338861814,0.37338877338861814,1.0,0.05433935590452566,0.435865060574868,1.0,0.6094335500398393,0.6094335500398393,0.0,0.0,0.0,"SELECT * FROM orders, lineitem WHERE lineitem.l_orderkey = orders.o_orderkey AND o_totalprice BETWEEN 30984.94 AND 242513.26 AND l_quantity = 30.86 AND o_orderdate = DATE '1994-06-17';",1,0,random
1.0,1.0,0.0,1.0,0.0,1.0,0.16666666666666666,0.16666666666666666,0.0,0.0,0.0,1.0,0.692210529511166,0.692210529511166,0.0,0.0,0.0,0.0,0.0,0.0,"SELECT * FROM customer, orders WHERE orders.o_custkey = customer.c_custkey AND o_totalprice = 384638.23 AND c_mktsegment = 'AUTOMOBILE';",1,0,random
1.0,1.0,0.0,1.0,0.0,1.0,0.5,0.5,0.0,0.0,0.0,0.0,0.0,0.0,0.0,0.0,0.0,0.0,0.0,0.0,"SELECT * FROM customer, orders WHERE orders.o_custkey = customer.c_custkey AND c_mktsegment = 'FURNITURE';",301750,299461,random
0.0,1.0,0.0,0.0,0.0,0.0,0.0,0.0,0.0,0.0,0.0,1.0,0.22970229451711677,0.5527556378767183,0.0,0.0,0.0,0.0,0.0,0.0,SELECT * FROM orders WHERE o_totalprice BETWEEN 128210.97 AND 307320.61;,765904,768698,random
0.0,1.0,1.0,0.0,1.0,0.0,0.0,0.0,1.0,0.7301455301452265,0.7301455301452265,0.0,0.0,0.0,1.0,0.5917716320204095,0.8918226281183723,1.0,0.24665417460186634,0.3272959440571035,"SELECT * FROM lineitem, orders WHERE lineitem.l_orderkey = orders.o_orderkey AND o_orderdate = DATE '1996-10-22' AND l_discount BETWEEN 0.02 AND 0.03 AND l_quantity BETWEEN 30.00 AND 44.70;",136,149,random
0.0,0.0,1.0,0.0,0.0,0.0,0.0,0.0,0.0,0.0,0.0,0.0,0.0,0.0,1.0,0.033620554399531696,0.5311217262809376,1.0,0.040058679413107354,0.47065262572301203,SELECT * FROM lineitem WHERE l_discount BETWEEN 0.00 AND 0.05 AND l_quantity BETWEEN 2.65 AND 27.02;,1630975,1636143,random
0.0,1.0,1.0,0.0,1.0,0.0,0.0,0.0,0.0,0.0,0.0,0.0,0.0,0.0,0.0,0.0,0.0,0.0,0.0,0.0,"SELECT * FROM lineitem, orders WHERE lineitem.l_orderkey = orders.o_orderkey;",6001226,6001215,random
1.0,1.0,1.0,1.0,1.0,0.0,0.0,0.0,0.0,0.0,0.0,0.0,0.0,0.0,0.0,0.0,0.0,0.0,0.0,0.0,"SELECT * FROM customer, orders, lineitem WHERE orders.o_custkey = customer.c_custkey AND lineitem.l_orderkey = orders.o_orderkey;",6001226,6001215,random
0.0,0.0,1.0,0.0,0.0,0.0,0.0,0.0,0.0,0.0,0.0,0.0,0.0,0.0,1.0,0.7472866965950519,0.857922111213437,0.0,0.0,0.0,SELECT * FROM lineitem WHERE l_quantity BETWEEN 37.62 AND 43.04;,733150,720754,random
0.0,1.0,0.0,0.0,0.0,0.0,0.0,0.0,1.0,0.4049896049894366,0.7896049896046613,0.0,0.0,0.0,0.0,0.0,0.0,0.0,0.0,0.0,SELECT * FROM orders WHERE o_orderdate BETWEEN DATE '1994-09-01' AND DATE '1997-03-14';,575772,578504,random
0.0,1.0,1.0,0.0,1.0,0.0,0.0,0.0,0.0,0.0,0.0,0.0,0.0,0.0,0.0,0.0,0.0,0.0,0.0,0.0,"SELECT * FROM orders, lineitem WHERE lineitem.l_orderkey = orders.o_orderkey;",6001226,6001215,random
0.0,1.0,1.0,0.0,1.0,0.0,0.0,0.0,0.0,0.0,0.0,0.0,0.0,0.0,0.0,0.0,0.0,0.0,0.0,0.0,"SELECT * FROM orders, lineitem WHERE lineitem.l_orderkey = orders.o_orderkey;",6001226,6001215,random
0.0,1.0,1.0,0.0,1.0,0.0,0.0,0.0,0.0,0.0,0.0,1.0,0.5607582085530236,0.7048736592159102,1.0,0.04087433491244302,0.36643299590247635,0.0,0.0,0.0,"SELECT * FROM lineitem, orders WHERE lineitem.l_orderkey = orders.o_orderkey AND l_quantity BETWEEN 3.00 AND 18.96 AND o_totalprice BETWEEN 311757.45 AND 391659.02;",65971,62852,random
1.0,1.0,1.0,1.0,1.0,0.0,0.0,0.0,0.0,0.0,0.0,0.0,0.0,0.0,1.0,0.3204638164627095,0.760885903413244,0.0,0.0,0.0,"SELECT * FROM customer, orders, lineitem WHERE orders.o_custkey = customer.c_custkey AND lineitem.l_orderkey = orders.o_orderkey AND l_quantity BETWEEN 16.70 AND 38.28;",2632738,2642706,random
1.0,1.0,1.0,1.0,1.0,0.0,0.0,0.0,1.0,0.6207900207897626,0.6207900207897626,1.0,0.5328554652590383,0.678308291922352,1.0,0.12270943425467401,0.5266825990983633,0.0,0.0,0.0,"SELECT * FROM lineitem, orders, customer WHERE orders.o_custkey = customer.c_custkey AND lineitem.l_orderkey = orders.o_orderkey AND l_quantity BETWEEN 7.01 AND 26.81 AND o_totalprice BETWEEN 296287.41 AND 376930.45 AND o_orderdate = DATE '1996-02-02';",50,60,random
1.0,1.0,1.0,1.0,1.0,0.0,0.0,0.0,0.0,0.0,0.0,1.0,0.9566269299160471,0.9566269299160471,0.0,0.0,0.0,0.0,0.0,0.0,"SELECT * FROM lineitem, orders, customer WHERE orders.o_custkey = customer.c_custkey AND lineitem.l_orderkey = orders.o_orderkey AND o_totalprice = 531237.94;",4,0,random
0.0,1.0,0.0,0.0,0.0,0.0,0.0,0.0,0.0,0.0,0.0,1.0,0.520687639356439,0.8749931395370955,0.0,0.0,0.0,0.0,0.0,0.0,SELECT * FROM orders WHERE o_totalprice BETWEEN 289541.23 AND 485977.93;,107940,108487,random
1.0,1.0,1.0,1.0,1.0,0.0,0.0,0.0,0.0,0.0,0.0,0.0,0.0,0.0,0.0,0.0,0.0,0.0,0.0,0.0,"SELECT * FROM orders, customer, lineitem WHERE orders.o_custkey = customer.c_custkey AND lineitem.l_orderkey = orders.o_orderkey;",6001226,6001215,random
1.0,1.0,0.0,1.0,0.0,1.0,0.8333333333333334,0.8333333333333334,1.0,0.5301455301453097,0.6656964656961889,1.0,0.6557605016682375,0.786824362921016,0.0,0.0,0.0,0.0,0.0,0.0,"SELECT * FROM customer, orders WHERE orders.o_custkey = customer.c_custkey AND o_totalprice BETWEEN 364429.33 AND 437094.74 AND o_orderdate BETWEEN DATE '1995-06-29' AND DATE '1996-05-20' AND c_mktsegment = 'MACHINERY';",232,381,random
0.0,1.0,1.0,0.0,1.0,0.0,0.0,0.0,0.0,0.0,0.0,0.0,0.0,0.0,0.0,0.0,0.0,1.0,0.769749729427495,0.970724038669933,"SELECT * FROM orders, lineitem WHERE lineitem.l_orderkey = orders.o_orderkey AND l_discount BETWEEN 0.08 AND 0.10;",1634934,1635927,random
0.0,1.0,0.0,0.0,0.0,0.0,0.0,0.0,1.0,0.16049896049889376,0.6182952182949613,1.0,0.17535934477546533,0.18228051046435567,0.0,0.0,0.0,0.0,0.0,0.0,SELECT * FROM orders WHERE o_orderdate BETWEEN DATE '1993-01-21' AND DATE '1996-01-27' AND o_totalprice BETWEEN 98081.74 AND 101919.03;,9388,9814,random
1.0,1.0,1.0,1.0,1.0,0.0,0.0,0.0,0.0,0.0,0.0,1.0,0.20515536190932376,0.3696721433438099,0.0,0.0,0.0,0.0,0.0,0.0,"SELECT * FROM lineitem, orders, customer WHERE orders.o_custkey = customer.c_custkey AND lineitem.l_orderkey = orders.o_orderkey AND o_totalprice BETWEEN 114601.47 AND 205814.09;",1984205,2208428,random
1.0,1.0,1.0,1.0,1.0,1.0,0.6666666666666666,0.6666666666666666,0.0,0.0,0.0,0.0,0.0,0.0,1.0,0.024925205144986893,0.024925205144986893,0.0,0.0,0.0,"SELECT * FROM lineitem, orders, customer WHERE orders.o_custkey = customer.c_custkey AND lineitem.l_orderkey = orders.o_orderkey AND l_quantity = 2.22 AND c_mktsegment = 'HOUSEHOLD';",1,0,random
1.0,1.0,1.0,1.0,1.0,0.0,0.0,0.0,1.0,0.6665280665277894,0.7991683991680669,0.0,0.0,0.0,1.0,0.33868442988559067,0.9222921016780976,1.0,0.7541616482173736,0.9696055475073082,"SELECT * FROM orders, customer, lineitem WHERE orders.o_custkey = customer.c_custkey AND lineitem.l_orderkey = orders.o_orderkey AND l_discount BETWEEN 0.08 AND 0.10 AND o_orderdate BETWEEN DATE '1996-05-22' AND DATE '1997-04-06' AND l_quantity BETWEEN 17.60 AND 46.19;",127457,126693,random
0.0,1.0,0.0,0.0,0.0,0.0,0.0,0.0,0.0,0.0,0.0,1.0,0.024795594823583244,0.11687609782876197,0.0,0.0,0.0,0.0,0.0,0.0,SELECT * FROM orders WHERE o_totalprice BETWEEN 14605.07 AND 65657.03;,256187,257354,random
1.0,1.0,1.0,1.0,1.0,0.0,0.0,0.0,1.0,0.19542619542611417,0.7667359667356479,0.0,0.0,0.0,0.0,0.0,0.0,0.0,0.0,0.0,"SELECT * FROM customer, orders, lineitem WHERE orders.o_custkey = customer.c_custkey AND lineitem.l_orderkey = orders.o_orderkey AND o_orderdate BETWEEN DATE '1993-04-15' AND DATE '1997-01-18';",3413685,3433873,random
0.0,1.0,0.0,0.0,0.0,0.0,0.0,0.0,1.0,0.9081081081077306,0.943035343034951,1.0,0.3177578121660038,0.3177578121660038,0.0,0.0,0.0,0.0,0.0,0.0,SELECT * FROM orders WHERE o_totalprice = 177031.36 AND o_orderdate BETWEEN DATE '1997-12-24' AND DATE '1998-03-18';,1,0,random
1.0,1.0,0.0,1.0,0.0,1.0,0.16666666666666666,0.16666666666666666,0.0,0.0,0.0,1.0,0.35135503342811203,0.35135503342811203,0.0,0.0,0.0,0.0,0.0,0.0,"SELECT * FROM customer, orders WHERE orders.o_custkey = customer.c_custkey AND c_mktsegment = 'AUTOMOBILE' AND o_totalprice = 195658.59;",1,0,random
1.0,1.0,1.0,1.0,1.0,1.0,0.6666666666666666,0.6666666666666666,0.0,0.0,0.0,0.0,0.0,0.0,0.0,0.0,0.0,0.0,0.0,0.0,"SELECT * FROM lineitem, orders, customer WHERE orders.o_custkey = customer.c_custkey AND lineitem.l_orderkey = orders.o_orderkey AND c_mktsegment = 'HOUSEHOLD';",1188643,1201214,random
1.0,1.0,1.0,1.0,1.0,1.0,0.16666666666666666,0.16666666666666666,0.0,0.0,0.0,1.0,0.37577240980005394,0.5906788912125968,0.0,0.0,0.0,0.0,0.0,0.0,"SELECT * FROM orders, lineitem, customer WHERE orders.o_custkey = customer.c_custkey AND lineitem.l_orderkey = orders.o_orderkey AND c_mktsegment = 'AUTOMOBILE' AND o_totalprice BETWEEN 209196.25 AND 328346.30;",288907,435093,random
0.0,0.0,1.0,0.0,0.0,0.0,0.0,0.0,0.0,0.0,0.0,0.0,0.0,0.0,1.0,0.46211996457711746,0.46211996457711746,1.0,0.19925755946760956,0.9148721017614491,SELECT * FROM lineitem WHERE l_quantity = 23.64 AND l_discount BETWEEN 0.02 AND 0.09;,1,0,random
1.0,1.0,1.0,1.0,1.0,1.0,0.16666666666666666,0.16666666666666666,0.0,0.0,0.0,0.0,0.0,0.0,0.0,0.0,0.0,0.0,0.0,0.0,"SELECT * FROM orders, customer, lineitem WHERE orders.o_custkey = customer.c_custkey AND lineitem.l_orderkey = orders.o_orderkey AND c_mktsegment = 'AUTOMOBILE';",1200245,1189837,random
1.0,1.0,1.0,1.0,1.0,0.0,0.0,0.0,1.0,0.028274428274416518,0.7646569646566467,1.0,0.5988913233992861,0.9706253265345437,0.0,0.0,0.0,1.0,0.9067931880858985,0.9067931880858985,"SELECT * FROM customer, orders, lineitem WHERE orders.o_custkey = customer.c_custkey AND lineitem.l_orderkey = orders.o_orderkey AND l_discount = 0.09 AND o_orderdate BETWEEN DATE '1992-03-09' AND DATE '1997-01-13' AND o_totalprice BETWEEN 332899.50 AND 538999.03;",10068,15705,random
1.0,1.0,0.0,1.0,0.0,0.0,0.0,0.0,0.0,0.0,0.0,0.0,0.0,0.0,0.0,0.0,0.0,0.0,0.0,0.0,"SELECT * FROM orders, customer WHERE orders.o_custkey = customer.c_custkey;",1500000,1500000,random
0.0,1.0,1.0,0.0,1.0,0.0,0.0,0.0,0.0,0.0,0.0,1.0,0.8783172644174309,0.8783172644174309,0.0,0.0,0.0,0.0,0.0,0.0,"SELECT * FROM lineitem, orders WHERE lineitem.l_orderkey = orders.o_orderkey AND o_totalprice = 487820.91;",4,0,random
1.0,0.0,0.0,0.0,0.0,0.0,0.0,0.0,0.0,0.0,0.0,0.0,0.0,0.0,0.0,0.0,0.0,0.0,0.0,0.0,SELECT * FROM customer;,150000,150000,random
1.0,1.0,0.0,1.0,0.0,0.0,0.0,0.0,1.0,0.09438669438665515,0.18295218295210688,1.0,0.5138664930598043,0.9363170197369638,0.0,0.0,0.0,0.0,0.0,0.0,"SELECT * FROM orders, customer WHERE orders.o_custkey = customer.c_custkey AND o_totalprice BETWEEN 285759.40 AND 519977.57 AND o_orderdate BETWEEN DATE '1992-08-15' AND DATE '1993-03-16';",10480,10476,random
1.0,1.0,1.0,1.0,1.0,0.0,0.0,0.0,0.0,0.0,0.0,0.0,0.0,0.0,0.0,0.0,0.0,0.0,0.0,0.0,"SELECT * FROM lineitem, orders, customer WHERE orders.o_custkey = customer.c_custkey AND lineitem.l_orderkey = orders.o_orderkey;",6001226,6001215,random
0.0,1.0,1.0,0.0,1.0,0.0,0.0,0.0,0.0,0.0,0.0,1.0,0.21787621196027732,0.21787621196027732,1.0,0.4119945044754786,0.9209073775132409,0.0,0.0,0.0,"SELECT * FROM orders, lineitem WHERE lineitem.l_orderkey = orders.o_orderkey AND l_quantity BETWEEN 21.19 AND 46.12 AND o_totalprice = 121654.26;",2,0,random
1.0,1.0,0.0,1.0,0.0,0.0,0.0,0.0,0.0,0.0,0.0,0.0,0.0,0.0,0.0,0.0,0.0,0.0,0.0,0.0,"SELECT * FROM customer, orders WHERE orders.o_custkey = customer.c_custkey;",1500000,1500000,random
1.0,0.0,0.0,0.0,0.0,0.0,0.0,0.0,0.0,0.0,0.0,0.0,0.0,0.0,0.0,0.0,0.0,0.0,0.0,0.0,SELECT * FROM customer;,150000,150000,random
1.0,1.0,0.0,1.0,0.0,0.0,0.0,0.0,1.0,0.11850311850306923,0.12848232848227506,1.0,0.3046842592117149,0.3046842592117149,0.0,0.0,0.0,0.0,0.0,0.0,"SELECT * FROM orders, customer WHERE orders.o_custkey = customer.c_custkey AND o_totalprice = 169783.03 AND o_orderdate BETWEEN DATE '1992-10-12' AND DATE '1992-11-05';",1,0,random
1.0,1.0,1.0,1.0,1.0,1.0,0.16666666666666666,0.16666666666666666,0.0,0.0,0.0,1.0,0.042516940804950755,0.7573340343776888,1.0,0.07773529752041006,0.7840297230301397,0.0,0.0,0.0,"SELECT * FROM lineitem, orders, customer WHERE orders.o_custkey = customer.c_custkey AND lineitem.l_orderkey = orders.o_orderkey AND l_quantity BETWEEN 4.81 AND 39.42 AND o_totalprice BETWEEN 24430.27 AND 420744.49 AND c_mktsegment = 'AUTOMOBILE';",783450,818456,random
0.0,0.0,1.0,0.0,0.0,0.0,0.0,0.0,0.0,0.0,0.0,0.0,0.0,0.0,1.0,0.6675864235195799,0.6675864235195799,1.0,0.25301246869336,0.25301246869336,SELECT * FROM lineitem WHERE l_discount = 0.03 AND l_quantity = 33.71;,1,0,random
1.0,1.0,1.0,1.0,1.0,0.0,0.0,0.0,0.0,0.0,0.0,0.0,0.0,0.0,0.0,0.0,0.0,1.0,0.9418449700866098,0.9487915955953659,"SELECT * FROM customer, orders, lineitem WHERE orders.o_custkey = customer.c_custkey AND lineitem.l_orderkey = orders.o_orderkey AND l_discount BETWEEN 0.09 AND 0.09;",548712,545309,random
1.0,1.0,0.0,1.0,0.0,0.0,0.0,0.0,0.0,0.0,0.0,0.0,0.0,0.0,0.0,0.0,0.0,0.0,0.0,0.0,"SELECT * FROM customer, orders WHERE orders.o_custkey = customer.c_custkey;",1500000,1500000,random
1.0,1.0,1.0,1.0,1.0,0.0,0.0,0.0,0.0,0.0,0.0,0.0,0.0,0.0,0.0,0.0,0.0,0.0,0.0,0.0,"SELECT * FROM customer, orders, lineitem WHERE orders.o_custkey = customer.c_custkey AND lineitem.l_orderkey = orders.o_orderkey;",6001226,6001215,random
1.0,1.0,1.0,1.0,1.0,0.0,0.0,0.0,0.0,0.0,0.0,1.0,0.4240918473472735,0.9813011242420585,0.0,0.0,0.0,0.0,0.0,0.0,"SELECT * FROM lineitem, orders, customer WHERE orders.o_custkey = customer.c_custkey AND lineitem.l_orderkey = orders.o_orderkey AND o_totalprice BETWEEN 235985.87 AND 544917.99;",1130683,1789166,random
0.0,1.0,1.0,0.0,1.0,0.0,0.0,0.0,0.0,0.0,0.0,0.0,0.0,0.0,0.0,0.0,0.0,0.0,0.0,0.0,"SELECT * FROM orders, lineitem WHERE lineitem.l_orderkey = orders.o_orderkey;",6001226,6001215,random
1.0,1.0,0.0,1.0,0.0,0.0,0.0,0.0,0.0,0.0,0.0,0.0,0.0,0.0,0.0,0.0,0.0,0.0,0.0,0.0,"SELECT * FROM orders, customer WHERE orders.o_custkey = customer.c_custkey;",1500000,1500000,random
0.0,1.0,0.0,0.0,0.0,0.0,0.0,0.0,1.0,0.9762993762989703,0.9762993762989703,1.0,0.6003895084274878,0.6003895084274878,0.0,0.0,0.0,0.0,0.0,0.0,SELECT * FROM orders WHERE o_totalprice = 333730.13 AND o_orderdate = DATE '1998-06-06';,1,0,random
0.0,1.0,1.0,0.0,1.0,0.0,0.0,0.0,0.0,0.0,0.0,0.0,0.0,0.0,0.0,0.0,0.0,0.0,0.0,0.0,"SELECT * FROM lineitem, orders WHERE lineitem.l_orderkey = orders.o_orderkey;",6001226,6001215,random
1.0,1.0,1.0,1.0,1.0,0.0,0.0,0.0,1.0,0.08482328482324955,0.6582120582117845,1.0,0.10172215656513064,0.9252903155418291,0.0,0.0,0.0,1.0,0.4006242838302873,0.4006242838302873,"SELECT * FROM orders, customer, lineitem WHERE orders.o_custkey = customer.c_custkey AND lineitem.l_orderkey = orders.o_orderkey AND o_orderdate BETWEEN DATE '1992-07-23' AND DATE '1996-05-02' AND l_discount = 0.04 AND o_totalprice BETWEEN 57255.27 AND 513864.06;",259654,294206,random
1.0,1.0,1.0,1.0,1.0,0.0,0.0,0.0,0.0,0.0,0.0,0.0,0.0,0.0,0.0,0.0,0.0,0.0,0.0,0.0,"SELECT * FROM customer, orders, lineitem WHERE orders.o_custkey = customer.c_custkey AND lineitem.l_orderkey = orders.o_orderkey;",6001226,6001215,random
1.0,1.0,0.0,1.0,0.0,1.0,0.5,0.5,1.0,0.27858627858616275,0.7679833679830487,1.0,0.404443599190735,0.6031654324392874,0.0,0.0,0.0,0.0,0.0,0.0,"SELECT * FROM orders, customer WHERE orders.o_custkey = customer.c_custkey AND c_mktsegment = 'FURNITURE' AND o_totalprice BETWEEN 225092.34 AND 335269.18 AND o_orderdate BETWEEN DATE '1993-11-01' AND DATE '1997-01-21';",28856,28993,random
0.0,1.0,0.0,0.0,0.0,0.0,0.0,0.0,1.0,0.9422037422033505,0.9422037422033505,1.0,0.7377983559135514,0.7377983559135514,0.0,0.0,0.0,0.0,0.0,0.0,SELECT * FROM orders WHERE o_orderdate = DATE '1998-03-16' AND o_totalprice = 409913.37;,1,0,random
1.0,1.0,1.0,1.0,1.0,0.0,0.0,0.0,0.0,0.0,0.0,0.0,0.0,0.0,0.0,0.0,0.0,0.0,0.0,0.0,"SELECT * FROM orders, lineitem, customer WHERE orders.o_custkey = customer.c_custkey AND lineitem.l_orderkey = orders.o_orderkey;",6001226,6001215,random
1.0,1.0,1.0,1.0,1.0,1.0,0.8333333333333334,0.8333333333333334,0.0,0.0,0.0,0.0,0.0,0.0,1.0,0.5466200338018917,0.9525804948907768,1.0,0.3436156462750471,0.3436156462750471,"SELECT * FROM lineitem, orders, customer WHERE orders.o_custkey = customer.c_custkey AND lineitem.l_orderkey = orders.o_orderkey AND c_mktsegment = 'MACHINERY' AND l_discount = 0.03 AND l_quantity BETWEEN 27.78 AND 47.68;",45613,43504,random
0.0,1.0,0.0,0.0,0.0,0.0,0.0,0.0,1.0,0.17671517671510323,0.17671517671510323,1.0,0.44255614623171186,0.8528742892767216,0.0,0.0,0.0,0.0,0.0,0.0,SELECT * FROM orders WHERE o_totalprice BETWEEN 246222.99 AND 473714.63 AND o_orderdate = DATE '1993-03-01';,100,101,random
1.0,1.0,1.0,1.0,1.0,1.0,0.16666666666666666,0.16666666666666666,0.0,0.0,0.0,1.0,0.4905537118023519,0.5537838986916395,0.0,0.0,0.0,1.0,0.46981837485232575,0.5622554056324439,"SELECT * FROM orders, lineitem, customer WHERE orders.o_custkey = customer.c_custkey AND lineitem.l_orderkey = orders.o_orderkey AND c_mktsegment = 'AUTOMOBILE' AND o_totalprice BETWEEN 272834.15 AND 307890.70 AND l_discount BETWEEN 0.05 AND 0.06;",11810,18729,random
1.0,0.0,0.0,0.0,0.0,1.0,0.5,0.5,0.0,0.0,0.0,0.0,0.0,0.0,0.0,0.0,0.0,0.0,0.0,0.0,SELECT * FROM customer WHERE c_mktsegment = 'FURNITURE';,30175,29968,random
1.0,1.0,0.0,1.0,0.0,0.0,0.0,0.0,0.0,0.0,0.0,0.0,0.0,0.0,0.0,0.0,0.0,0.0,0.0,0.0,"SELECT * FROM orders, customer WHERE orders.o_custkey = customer.c_custkey;",1500000,1500000,random
1.0,0.0,0.0,0.0,0.0,1.0,0.5,0.5,0.0,0.0,0.0,0.0,0.0,0.0,0.0,0.0,0.0,0.0,0.0,0.0,SELECT * FROM customer WHERE c_mktsegment = 'FURNITURE';,30175,29968,random
0.0,1.0,1.0,0.0,1.0,0.0,0.0,0.0,1.0,0.6611226611223863,0.6611226611223863,1.0,0.6480828248865854,0.6480828248865854,0.0,0.0,0.0,1.0,0.3573660770973635,0.3573660770973635,"SELECT * FROM lineitem, orders WHERE lineitem.l_orderkey = orders.o_orderkey AND l_discount = 0.04 AND o_orderdate = DATE '1996-05-09' AND o_totalprice = 360172.62;",1,0,random
1.0,1.0,1.0,1.0,1.0,0.0,0.0,0.0,1.0,0.6577962577959843,0.6577962577959843,0.0,0.0,0.0,1.0,0.4211726282944175,0.5147598229348648,0.0,0.0,0.0,"SELECT * FROM lineitem, orders, customer WHERE orders.o_custkey = customer.c_custkey AND lineitem.l_orderkey = orders.o_orderkey AND o_orderdate = DATE '1996-05-01' AND l_quantity BETWEEN 21.64 AND 26.22;",253,264,random
0.0,1.0,0.0,0.0,0.0,0.0,0.0,0.0,1.0,0.0997920997920583,0.8083160083156722,1.0,0.39030079038755044,0.39030079038755044,0.0,0.0,0.0,0.0,0.0,0.0,SELECT * FROM orders WHERE o_totalprice = 217251.18 AND o_orderdate BETWEEN DATE '1992-08-28' AND DATE '1997-04-28';,1,0,random
1.0,1.0,1.0,1.0,1.0,1.0,0.6666666666666666,0.6666666666666666,0.0,0.0,0.0,0.0,0.0,0.0,0.0,0.0,0.0,0.0,0.0,0.0,"SELECT * FROM orders, customer, lineitem WHERE orders.o_custkey = customer.c_custkey AND lineitem.l_orderkey = orders.o_orderkey AND c_mktsegment = 'HOUSEHOLD';",1188643,1201214,random
1.0,1.0,1.0,1.0,1.0,0.0,0.0,0.0,0.0,0.0,0.0,0.0,0.0,0.0,1.0,0.7177068430350795,0.9579410634140216,0.0,0.0,0.0,"SELECT * FROM customer, orders, lineitem WHERE orders.o_custkey = customer.c_custkey AND lineitem.l_orderkey = orders.o_orderkey AND l_quantity BETWEEN 36.17 AND 47.94;",1322870,1320715,random
1.0,1.0,1.0,1.0,1.0,0.0,0.0,0.0,0.0,0.0,0.0,1.0,0.3018470146107632,0.6515368135552018,0.0,0.0,0.0,1.0,0.4329104802192307,0.5399475737560361,"SELECT * FROM lineitem, orders, customer WHERE orders.o_custkey = customer.c_custkey AND lineitem.l_orderkey = orders.o_orderkey AND o_totalprice BETWEEN 168209.98 AND 362087.60 AND l_discount BETWEEN 0.04 AND 0.05;",430961,631317,random
0.0,1.0,0.0,0.0,0.0,0.0,0.0,0.0,1.0,0.5471933471931196,0.8806652806649145,1.0,0.18653893900545868,0.5162241150640672,0.0,0.0,0.0,0.0,0.0,0.0,SELECT * FROM orders WHERE o_orderdate BETWEEN DATE '1995-08-09' AND DATE '1997-10-19' AND o_totalprice BETWEEN 104280.02 AND 287066.53;,289341,287538,random
0.0,1.0,1.0,0.0,1.0,0.0,0.0,0.0,0.0,0.0,0.0,0.0,0.0,0.0,0.0,0.0,0.0,0.0,0.0,0.0,"SELECT * FROM lineitem, orders WHERE lineitem.l_orderkey = orders.o_orderkey;",6001226,6001215,random
1.0,1.0,0.0,1.0,0.0,0.0,0.0,0.0,1.0,0.7654885654882472,0.8440748440744931,0.0,0.0,0.0,0.0,0.0,0.0,0.0,0.0,0.0,"SELECT * FROM orders, customer WHERE orders.o_custkey = customer.c_custkey AND o_orderdate BETWEEN DATE '1997-01-15' AND DATE '1997-07-23';",118786,118789,random
1.0,1.0,0.0,1.0,0.0,1.0,0.3333333333333333,0.3333333333333333,0.0,0.0,0.0,1.0,0.6012322696755056,0.6012322696755056,0.0,0.0,0.0,0.0,0.0,0.0,"SELECT * FROM customer, orders WHERE orders.o_custkey = customer.c_custkey AND c_mktsegment = 'BUILDING' AND o_totalprice = 334197.38;",1,0,random
1.0,1.0,0.0,1.0,0.0,0.0,0.0,0.0,1.0,0.3101871101869812,0.4852390852388835,0.0,0.0,0.0,0.0,0.0,0.0,0.0,0.0,0.0,"SELECT * FROM customer, orders WHERE orders.o_custkey = customer.c_custkey AND o_orderdate BETWEEN DATE '1994-01-16' AND DATE '1995-03-13';",262587,263461,random
1.0,1.0,1.0,1.0,1.0,0.0,0.0,0.0,0.0,0.0,0.0,0.0,0.0,0.0,1.0,0.04223237159603242,0.7224739975024984,1.0,0.2777719891507287,0.5507061066988109,"SELECT * FROM orders, lineitem, customer WHERE orders.o_custkey = customer.c_custkey AND lineitem.l_orderkey = orders.o_orderkey AND l_discount BETWEEN 0.03 AND 0.06 AND l_quantity BETWEEN 3.07 AND 36.40;",1443171,1440013,random
1.0,1.0,1.0,1.0,1.0,0.0,0.0,0.0,1.0,0.23575883575873774,0.8424116424112922,0.0,0.0,0.0,1.0,0.39689505057092744,0.8857193521252288,0.0,0.0,0.0,"SELECT * FROM customer, orders, lineitem WHERE orders.o_custkey = customer.c_custkey AND lineitem.l_orderkey = orders.o_orderkey AND l_quantity BETWEEN 20.45 AND 44.40 AND o_orderdate BETWEEN DATE '1993-07-21' AND DATE '1997-07-19';",1755327,1753831,random
1.0,1.0,1.0,1.0,1.0,0.0,0.0,0.0,1.0,0.5841995841993413,0.5841995841993413,1.0,0.7483742292520312,0.7483742292520312,0.0,0.0,0.0,0.0,0.0,0.0,"SELECT * FROM lineitem, orders, customer WHERE orders.o_custkey = customer.c_custkey AND lineitem.l_orderkey = orders.o_orderkey AND o_orderdate = DATE '1995-11-06' AND o_totalprice = 415776.93;",4,0,random
0.0,1.0,1.0,0.0,1.0,0.0,0.0,0.0,0.0,0.0,0.0,0.0,0.0,0.0,0.0,0.0,0.0,1.0,0.2543059179304265,0.4394754083344462,"SELECT * FROM orders, lineitem WHERE lineitem.l_orderkey = orders.o_orderkey AND l_discount BETWEEN 0.03 AND 0.04;",1112427,1090838,random
1.0,1.0,1.0,1.0,1.0,1.0,0.5,0.5,0.0,0.0,0.0,0.0,0.0,0.0,0.0,0.0,0.0,1.0,0.36299800863872533,0.9369722819874332,"SELECT * FROM orders, customer, lineitem WHERE orders.o_custkey = customer.c_custkey AND lineitem.l_orderkey = orders.o_orderkey AND l_discount BETWEEN 0.04 AND 0.09 AND c_mktsegment = 'FURNITURE';",659599,654122,random
1.0,1.0,1.0,1.0,1.0,1.0,0.5,0.5,0.0,0.0,0.0,0.0,0.0,0.0,0.0,0.0,0.0,1.0,0.5349106874243018,0.6852483317429499,"SELECT * FROM customer, orders, lineitem WHERE orders.o_custkey = customer.c_custkey AND lineitem.l_orderkey = orders.o_orderkey AND c_mktsegment = 'FURNITURE' AND l_discount BETWEEN 0.05 AND 0.07;",325876,327593,random
1.0,1.0,0.0,1.0,0.0,0.0,0.0,0.0,1.0,0.2972972972971737,0.8590436590433018,1.0,0.9363224046134015,0.9363224046134015,0.0,0.0,0.0,0.0,0.0,0.0,"SELECT * FROM orders, customer WHERE orders.o_custkey = customer.c_custkey AND o_totalprice = 519980.55 AND o_orderdate BETWEEN DATE '1993-12-16' AND DATE '1997-08-28';",1,0,random
0.0,1.0,0.0,0.0,0.0,0.0,0.0,0.0,1.0,0.07983367983364664,0.27401247401236006,1.0,0.4916918610862728,0.7369419665110194,0.0,0.0,0.0,0.0,0.0,0.0,SELECT * FROM orders WHERE o_orderdate BETWEEN DATE '1992-07-11' AND DATE '1993-10-21' AND o_totalprice BETWEEN 273465.17 AND 409438.57;,27043,28880,random
1.0,1.0,1.0,1.0,1.0,1.0,0.5,0.5,0.0,0.0,0.0,0.0,0.0,0.0,0.0,0.0,0.0,1.0,0.5477277264195518,0.7292315873106567,"SELECT * FROM orders, customer, lineitem WHERE orders.o_custkey = customer.c_custkey AND lineitem.l_orderkey = orders.o_orderkey AND l_discount BETWEEN 0.05 AND 0.07 AND c_mktsegment = 'FURNITURE';",325876,327593,random
1.0,1.0,0.0,1.0,0.0,1.0,0.5,0.5,1.0,0.13596673596667944,0.4004158004156339,1.0,0.08223205142340191,0.08223205142340191,0.0,0.0,0.0,0.0,0.0,0.0,"SELECT * FROM customer, orders WHERE orders.o_custkey = customer.c_custkey AND o_orderdate BETWEEN DATE '1992-11-23' AND DATE '1994-08-21' AND c_mktsegment = 'FURNITURE' AND o_totalprice = 46449.42;",1,0,random
0.0,0.0,1.0,0.0,0.0,0.0,0.0,0.0,0.0,0.0,0.0,0.0,0.0,0.0,1.0,0.2606798795816674,0.6874668716724018,1.0,0.31939912604391313,0.4783654751737011,SELECT * FROM lineitem WHERE l_discount BETWEEN 0.03 AND 0.05 AND l_quantity BETWEEN 13.77 AND 34.69;,693300,688224,random
1.0,1.0,1.0,1.0,1.0,1.0,0.3333333333333333,0.3333333333333333,1.0,0.646985446985178,0.9230769230765392,0.0,0.0,0.0,0.0,0.0,0.0,1.0,0.22448713123375993,0.8843414216000407,"SELECT * FROM orders, lineitem, customer WHERE orders.o_custkey = customer.c_custkey AND lineitem.l_orderkey = orders.o_orderkey AND l_discount BETWEEN 0.02 AND 0.09 AND o_orderdate BETWEEN DATE '1996-04-05' AND DATE '1998-01-29' AND c_mktsegment = 'BUILDING';",241977,245000,random
1.0,1.0,1.0,1.0,1.0,0.0,0.0,0.0,0.0,0.0,0.0,1.0,0.5672428989212988,0.5672428989212988,1.0,0.9580328640736339,0.9580328640736339,0.0,0.0,0.0,"SELECT * FROM orders, lineitem, customer WHERE orders.o_custkey = customer.c_custkey AND lineitem.l_orderkey = orders.o_orderkey AND l_quantity = 47.94 AND o_totalprice = 315352.74;",1,0,random
0.0,0.0,1.0,0.0,0.0,0.0,0.0,0.0,0.0,0.0,0.0,0.0,0.0,0.0,1.0,0.22448394978753342,0.49414903012781447,1.0,0.9460523172629386,0.9460523172629386,SELECT * FROM lineitem WHERE l_quantity BETWEEN 12.00 AND 25.21 AND l_discount = 0.09;,154206,152377,random
1.0,1.0,1.0,1.0,1.0,0.0,0.0,0.0,0.0,0.0,0.0,1.0,0.28296724503269777,0.677188651184462,0.0,0.0,0.0,0.0,0.0,0.0,"SELECT * FROM orders, customer, lineitem WHERE orders.o_custkey = customer.c_custkey AND lineitem.l_orderkey = orders.o_orderkey AND o_totalprice BETWEEN 157742.52 AND 376309.69;",2632910,3763542,random
0.0,1.0,1.0,0.0,1.0,0.0,0.0,0.0,0.0,0.0,0.0,0.0,0.0,0.0,0.0,0.0,0.0,1.0,0.3696377358345963,0.9073282258996563,"SELECT * FROM orders, lineitem WHERE lineitem.l_orderkey = orders.o_orderkey AND l_discount BETWEEN 0.04 AND 0.09;",3278870,3273214,random
1.0,1.0,1.0,1.0,1.0,1.0,0.6666666666666666,0.6666666666666666,0.0,0.0,0.0,0.0,0.0,0.0,0.0,0.0,0.0,0.0,0.0,0.0,"SELECT * FROM orders, lineitem, customer WHERE orders.o_custkey = customer.c_custkey AND lineitem.l_orderkey = orders.o_orderkey AND c_mktsegment = 'HOUSEHOLD';",1188643,1201214,random
1.0,1.0,1.0,1.0,1.0,0.0,0.0,0.0,0.0,0.0,0.0,1.0,0.35430168358042347,0.6063744644770159,0.0,0.0,0.0,0.0,0.0,0.0,"SELECT * FROM lineitem, orders, customer WHERE orders.o_custkey = customer.c_custkey AND lineitem.l_orderkey = orders.o_orderkey AND o_totalprice BETWEEN 197292.29 AND 337048.36;",1710033,2575330,random
1.0,1.0,1.0,1.0,1.0,1.0,0.3333333333333333,0.3333333333333333,0.0,0.0,0.0,0.0,0.0,0.0,0.0,0.0,0.0,1.0,0.5595603830374462,0.580486904086589,"SELECT * FROM lineitem, orders, customer WHERE orders.o_custkey = customer.c_custkey AND lineitem.l_orderkey = orders.o_orderkey AND c_mktsegment = 'BUILDING' AND l_discount BETWEEN 0.06 AND 0.06;",108913,110440,random
0.0,1.0,1.0,0.0,1.0,0.0,0.0,0.0,0.0,0.0,0.0,0.0,0.0,0.0,0.0,0.0,0.0,0.0,0.0,0.0,"SELECT * FROM lineitem, orders WHERE lineitem.l_orderkey = orders.o_orderkey;",6001226,6001215,random
0.0,1.0,1.0,0.0,1.0,0.0,0.0,0.0,1.0,0.7476091476088368,0.8345114345110876,0.0,0.0,0.0,1.0,0.1278714947317567,0.1278714947317567,0.0,0.0,0.0,"SELECT * FROM lineitem, orders WHERE lineitem.l_orderkey = orders.o_orderkey AND l_quantity = 7.27 AND o_orderdate BETWEEN DATE '1996-12-03' AND DATE '1997-06-30';",1,0,random
1.0,1.0,1.0,1.0,1.0,1.0,0.8333333333333334,0.8333333333333334,0.0,0.0,0.0,0.0,0.0,0.0,1.0,0.49127477975435363,0.950050697838235,0.0,0.0,0.0,"SELECT * FROM orders, customer, lineitem WHERE orders.o_custkey = customer.c_custkey AND lineitem.l_orderkey = orders.o_orderkey AND l_quantity BETWEEN 25.07 AND 47.55 AND c_mktsegment = 'MACHINERY';",536070,526628,random
1.0,1.0,1.0,1.0,1.0,0.0,0.0,0.0,0.0,0.0,0.0,0.0,0.0,0.0,1.0,0.2602239635798496,0.2602239635798496,0.0,0.0,0.0,"SELECT * FROM lineitem, orders, customer WHERE orders.o_custkey = customer.c_custkey AND lineitem.l_orderkey = orders.o_orderkey AND l_quantity = 13.75;",1,0,random
1.0,1.0,1.0,1.0,1.0,0.0,0.0,0.0,1.0,0.16798336798329813,0.18045738045730542,1.0,0.09357787820498403,0.09357787820498403,0.0,0.0,0.0,1.0,0.8458383424915294,0.8668792917173208,"SELECT * FROM orders, lineitem, customer WHERE orders.o_custkey = customer.c_custkey AND lineitem.l_orderkey = orders.o_orderkey AND l_discount BETWEEN 0.08 AND 0.09 AND o_totalprice = 52739.85 AND o_orderdate BETWEEN DATE '1993-02-08' AND DATE '1993-03-10';",1,0,random
0.0,1.0,1.0,0.0,1.0,0.0,0.0,0.0,0.0,0.0,0.0,1.0,0.24615743583629543,0.4981107762225596,1.0,0.9813344752635911,0.9813344752635911,1.0,0.32865777302418026,0.32865777302418026,"SELECT * FROM orders, lineitem WHERE lineitem.l_orderkey = orders.o_orderkey AND o_totalprice BETWEEN 137334.15 AND 277024.00 AND l_discount = 0.03 AND l_quantity = 49.09;",1,0,random
0.0,1.0,0.0,0.0,0.0,0.0,0.0,0.0,1.0,0.4540540540538653,0.6594594594591853,1.0,0.08106323674494882,0.08106323674494882,0.0,0.0,0.0,0.0,0.0,0.0,SELECT * FROM orders WHERE o_totalprice = 45801.39 AND o_orderdate BETWEEN DATE '1994-12-28' AND DATE '1996-05-05';,1,0,random
1.0,1.0,1.0,1.0,1.0,0.0,0.0,0.0,0.0,0.0,0.0,1.0,0.2829540097949711,0.8015579629215883,0.0,0.0,0.0,0.0,0.0,0.0,"SELECT * FROM lineitem, orders, customer WHERE orders.o_custkey = customer.c_custkey AND lineitem.l_orderkey = orders.o_orderkey AND o_totalprice BETWEEN 157735.18 AND 445263.45;",2665192,3823460,random
1.0,1.0,1.0,1.0,1.0,0.0,0.0,0.0,0.0,0.0,0.0,1.0,0.08918830767655378,0.8655155107298272,0.0,0.0,0.0,0.0,0.0,0.0,"SELECT * FROM lineitem, orders, customer WHERE orders.o_custkey = customer.c_custkey AND lineitem.l_orderkey = orders.o_orderkey AND o_totalprice BETWEEN 50306.16 AND 480723.27;",5126247,5708751,random
1.0,1.0,1.0,1.0,1.0,1.0,0.16666666666666666,0.16666666666666666,0.0,0.0,0.0,0.0,0.0,0.0,1.0,0.3590442587773266,0.6035136068585036,1.0,0.7358892770011671,0.9216998001412807,"SELECT * FROM customer, orders, lineitem WHERE orders.o_custkey = customer.c_custkey AND lineitem.l_orderkey = orders.o_orderkey AND l_discount BETWEEN 0.07 AND 0.09 AND l_quantity BETWEEN 18.59 AND 30.57 AND c_mktsegment = 'AUTOMOBILE';",79627,77764,random
1.0,1.0,1.0,1.0,1.0,1.0,0.16666666666666666,0.16666666666666666,1.0,0.040332640332623564,0.4257796257794487,1.0,0.6138677834447896,0.8109943596142218,0.0,0.0,0.0,0.0,0.0,0.0,"SELECT * FROM lineitem, orders, customer WHERE orders.o_custkey = customer.c_custkey AND lineitem.l_orderkey = orders.o_orderkey AND c_mktsegment = 'AUTOMOBILE' AND o_totalprice BETWEEN 341202.86 AND 450495.24 AND o_orderdate BETWEEN DATE '1992-04-07' AND DATE '1994-10-21';",7654,15362,random
0.0,1.0,1.0,0.0,1.0,0.0,0.0,0.0,1.0,0.984199584199175,0.984199584199175,0.0,0.0,0.0,1.0,0.07918313076340262,0.8015446921841489,0.0,0.0,0.0,"SELECT * FROM orders, lineitem WHERE lineitem.l_orderkey = orders.o_orderkey AND l_quantity BETWEEN 4.88 AND 40.28 AND o_orderdate = DATE '1998-06-25';",1786,1742,random
1.0,1.0,1.0,1.0,1.0,0.0,0.0,0.0,0.0,0.0,0.0,0.0,0.0,0.0,0.0,0.0,0.0,0.0,0.0,0.0,"SELECT * FROM orders, lineitem, customer WHERE orders.o_custkey = customer.c_custkey AND lineitem.l_orderkey = orders.o_orderkey;",6001226,6001215,random
0.0,1.0,1.0,0.0,1.0,0.0,0.0,0.0,0.0,0.0,0.0,1.0,0.01626869375955672,0.7405161683378975,1.0,0.5855678847444475,0.5855678847444475,0.0,0.0,0.0,"SELECT * FROM lineitem, orders WHERE lineitem.l_orderkey = orders.o_orderkey AND l_quantity = 29.69 AND o_totalprice BETWEEN 9877.52 AND 411420.20;",1,0,random
1.0,1.0,0.0,1.0,0.0,1.0,0.5,0.5,1.0,0.2972972972971737,0.587110187109943,1.0,0.6238103941666626,0.6702598664905707,0.0,0.0,0.0,0.0,0.0,0.0,"SELECT * FROM customer, orders WHERE orders.o_custkey = customer.c_custkey AND o_orderdate BETWEEN DATE '1993-12-16' AND DATE '1995-11-13' AND o_totalprice BETWEEN 346715.32 AND 372468.18 AND c_mktsegment = 'FURNITURE';",701,785,random
1.0,1.0,0.0,1.0,0.0,0.0,0.0,0.0,1.0,0.10602910602906195,0.5343035343033121,1.0,0.11667826036590756,0.11667826036590756,0.0,0.0,0.0,0.0,0.0,0.0,"SELECT * FROM customer, orders WHERE orders.o_custkey = customer.c_custkey AND o_orderdate BETWEEN DATE '1992-09-12' AND DATE '1995-07-09' AND o_totalprice = 65547.34;",1,0,random
0.0,1.0,0.0,0.0,0.0,0.0,0.0,0.0,1.0,0.6016632016629515,0.9654885654881641,1.0,0.6184993744874917,0.9739218921716851,0.0,0.0,0.0,0.0,0.0,0.0,SELECT * FROM orders WHERE o_orderdate BETWEEN DATE '1995-12-18' AND DATE '1998-05-11' AND o_totalprice BETWEEN 343770.74 AND 540826.74;,10232,9834,random
0.0,1.0,1.0,0.0,1.0,0.0,0.0,0.0,0.0,0.0,0.0,1.0,0.11191250246739527,0.11191250246739527,0.0,0.0,0.0,0.0,0.0,0.0,"SELECT * FROM lineitem, orders WHERE lineitem.l_orderkey = orders.o_orderkey AND o_totalprice = 62905.07;",4,0,random
1.0,0.0,0.0,0.0,0.0,0.0,0.0,0.0,0.0,0.0,0.0,0.0,0.0,0.0,0.0,0.0,0.0,0.0,0.0,0.0,SELECT * FROM customer;,150000,150000,random
0.0,0.0,1.0,0.0,0.0,0.0,0.0,0.0,0.0,0.0,0.0,0.0,0.0,0.0,0.0,0.0,0.0,1.0,0.6260591448687537,0.7900115287173317,SELECT * FROM lineitem WHERE l_discount BETWEEN 0.06 AND 0.08;,1650137,1635965,random
0.0,1.0,0.0,0.0,0.0,0.0,0.0,0.0,1.0,0.02162162162161263,0.1659043659042969,0.0,0.0,0.0,0.0,0.0,0.0,0.0,0.0,0.0,SELECT * FROM orders WHERE o_orderdate BETWEEN DATE '1992-02-22' AND DATE '1993-02-03';,219902,215885,random
0.0,0.0,1.0,0.0,0.0,0.0,0.0,0.0,0.0,0.0,0.0,0.0,0.0,0.0,1.0,0.5852262693720061,0.8597964454230753,1.0,0.5694304560510377,0.5694304560510377,SELECT * FROM lineitem WHERE l_quantity BETWEEN 29.68 AND 43.13 AND l_discount = 0.06;,153575,152927,random
1.0,1.0,1.0,1.0,1.0,0.0,0.0,0.0,0.0,0.0,0.0,1.0,0.7246141851804786,0.9352809539338027,0.0,0.0,0.0,1.0,0.39968036822720654,0.39968036822720654,"SELECT * FROM customer, orders, lineitem WHERE orders.o_custkey = customer.c_custkey AND lineitem.l_orderkey = orders.o_orderkey AND l_discount = 0.04 AND o_totalprice BETWEEN 402603.70 AND 519403.14;",3762,1980,random
1.0,1.0,1.0,1.0,1.0,0.0,0.0,0.0,0.0,0.0,0.0,0.0,0.0,0.0,0.0,0.0,0.0,0.0,0.0,0.0,"SELECT * FROM orders, lineitem, customer WHERE orders.o_custkey = customer.c_custkey AND lineitem.l_orderkey = orders.o_orderkey;",6001226,6001215,random
0.0,1.0,1.0,0.0,1.0,0.0,0.0,0.0,0.0,0.0,0.0,1.0,0.43811068856792895,0.46924043702965423,1.0,0.16133343642628836,0.4362300039798918,0.0,0.0,0.0,"SELECT * FROM lineitem, orders WHERE lineitem.l_orderkey = orders.o_orderkey AND l_quantity BETWEEN 8.91 AND 22.38 AND o_totalprice BETWEEN 243758.30 AND 261017.49;",69989,95396,random
0.0,1.0,1.0,0.0,1.0,0.0,0.0,0.0,1.0,0.28232848232836494,0.6216216216213631,1.0,0.7959726637029992,0.7997550589661406,1.0,0.6731072936255966,0.8330807457783451,0.0,0.0,0.0,"SELECT * FROM lineitem, orders WHERE lineitem.l_orderkey = orders.o_orderkey AND l_quantity BETWEEN 33.98 AND 41.82 AND o_totalprice BETWEEN 442166.80 AND 444263.87 AND o_orderdate BETWEEN DATE '1993-11-10' AND DATE '1996-02-04';",52,23,random
1.0,1.0,1.0,1.0,1.0,0.0,0.0,0.0,0.0,0.0,0.0,0.0,0.0,0.0,0.0,0.0,0.0,0.0,0.0,0.0,"SELECT * FROM lineitem, orders, customer WHERE orders.o_custkey = customer.c_custkey AND lineitem.l_orderkey = orders.o_orderkey;",6001226,6001215,random
1.0,1.0,1.0,1.0,1.0,0.0,0.0,0.0,0.0,0.0,0.0,1.0,0.1586054651045408,0.1586054651045408,0.0,0.0,0.0,1.0,0.031970007448689025,0.8944574617069843,"SELECT * FROM orders, customer, lineitem WHERE orders.o_custkey = customer.c_custkey AND lineitem.l_orderkey = orders.o_orderkey AND o_totalprice = 88792.93 AND l_discount BETWEEN 0.00 AND 0.09;",4,0,random
0.0,1.0,0.0,0.0,0.0,0.0,0.0,0.0,0.0,0.0,0.0,1.0,0.22409563873980365,0.22409563873980365,0.0,0.0,0.0,0.0,0.0,0.0,SELECT * FROM orders WHERE o_totalprice = 125102.48;,1,0,random
1.0,1.0,0.0,1.0,0.0,0.0,0.0,0.0,0.0,0.0,0.0,1.0,0.6042894845417569,0.873695675398314,0.0,0.0,0.0,0.0,0.0,0.0,"SELECT * FROM orders, customer WHERE orders.o_custkey = customer.c_custkey AND o_totalprice BETWEEN 335892.39 AND 485258.58;",33946,33917,random
1.0,0.0,0.0,0.0,0.0,1.0,0.6666666666666666,0.6666666666666666,0.0,0.0,0.0,0.0,0.0,0.0,0.0,0.0,0.0,0.0,0.0,0.0,SELECT * FROM customer WHERE c_mktsegment = 'HOUSEHOLD';,29710,30189,random
1.0,1.0,1.0,1.0,1.0,0.0,0.0,0.0,1.0,0.8706860706857087,0.910602910602532,0.0,0.0,0.0,0.0,0.0,0.0,0.0,0.0,0.0,"SELECT * FROM customer, orders, lineitem WHERE orders.o_custkey = customer.c_custkey AND lineitem.l_orderkey = orders.o_orderkey AND o_orderdate BETWEEN DATE '1997-09-25' AND DATE '1997-12-30';",238749,241062,random
0.0,1.0,0.0,0.0,0.0,0.0,0.0,0.0,1.0,0.09896049896045782,0.646985446985178,1.0,0.13777246417837902,0.13777246417837902,0.0,0.0,0.0,0.0,0.0,0.0,SELECT * FROM orders WHERE o_orderdate BETWEEN DATE '1992-08-26' AND DATE '1996-04-05' AND o_totalprice = 77242.55;,1,0,random
1.0,1.0,1.0,1.0,1.0,1.0,0.16666666666666666,0.16666666666666666,0.0,0.0,0.0,0.0,0.0,0.0,0.0,0.0,0.0,0.0,0.0,0.0,"SELECT * FROM orders, customer, lineitem WHERE orders.o_custkey = customer.c_custkey AND lineitem.l_orderkey = orders.o_orderkey AND c_mktsegment = 'AUTOMOBILE';",1200245,1189837,random
0.0,1.0,1.0,0.0,1.0,0.0,0.0,0.0,0.0,0.0,0.0,1.0,0.5296502740809476,0.7872157411886886,0.0,0.0,0.0,0.0,0.0,0.0,"SELECT * FROM lineitem, orders WHERE lineitem.l_orderkey = orders.o_orderkey AND o_totalprice BETWEEN 294510.36 AND 437311.73;",364070,640215,random
0.0,1.0,0.0,0.0,0.0,0.0,0.0,0.0,1.0,0.5160083160081015,0.9517671517667561,1.0,0.44257868934857986,0.9437402563524446,0.0,0.0,0.0,0.0,0.0,0.0,SELECT * FROM orders WHERE o_orderdate BETWEEN DATE '1995-05-26' AND DATE '1998-04-08' AND o_totalprice BETWEEN 246235.48 AND 524093.21;,106000,105798,random
1.0,1.0,1.0,1.0,1.0,1.0,0.3333333333333333,0.3333333333333333,1.0,0.05779625779623376,0.631600831600569,0.0,0.0,0.0,1.0,0.7591923850403294,0.7591923850403294,0.0,0.0,0.0,"SELECT * FROM lineitem, orders, customer WHERE orders.o_custkey = customer.c_custkey AND lineitem.l_orderkey = orders.o_orderkey AND l_quantity = 38.20 AND c_mktsegment = 'BUILDING' AND o_orderdate BETWEEN DATE '1992-05-19' AND DATE '1996-02-28';",1,0,random
1.0,1.0,1.0,1.0,1.0,1.0,0.16666666666666666,0.16666666666666666,1.0,0.6103950103947566,0.900207900207526,0.0,0.0,0.0,0.0,0.0,0.0,0.0,0.0,0.0,"SELECT * FROM lineitem, orders, customer WHERE orders.o_custkey = customer.c_custkey AND lineitem.l_orderkey = orders.o_orderkey AND c_mktsegment = 'AUTOMOBILE' AND o_orderdate BETWEEN DATE '1996-01-08' AND DATE '1997-12-05';",352063,344683,random
0.0,1.0,0.0,0.0,0.0,0.0,0.0,0.0,1.0,0.617879417879161,0.6241164241161646,0.0,0.0,0.0,0.0,0.0,0.0,0.0,0.0,0.0,SELECT * FROM orders WHERE o_orderdate BETWEEN DATE '1996-01-26' AND DATE '1996-02-10';,9690,9884,random
1.0,1.0,0.0,1.0,0.0,0.0,0.0,0.0,0.0,0.0,0.0,0.0,0.0,0.0,0.0,0.0,0.0,0.0,0.0,0.0,"SELECT * FROM orders, customer WHERE orders.o_custkey = customer.c_custkey;",1500000,1500000,random
0.0,1.0,0.0,0.0,0.0,0.0,0.0,0.0,1.0,0.21372141372132486,0.5405405405403158,0.0,0.0,0.0,0.0,0.0,0.0,0.0,0.0,0.0,SELECT * FROM orders WHERE o_orderdate BETWEEN DATE '1993-05-29' AND DATE '1995-07-24';,483851,491155,random
1.0,1.0,0.0,1.0,0.0,0.0,0.0,0.0,0.0,0.0,0.0,0.0,0.0,0.0,0.0,0.0,0.0,0.0,0.0,0.0,"SELECT * FROM orders, customer WHERE orders.o_custkey = customer.c_custkey;",1500000,1500000,random
0.0,0.0,1.0,0.0,0.0,0.0,0.0,0.0,0.0,0.0,0.0,0.0,0.0,0.0,1.0,0.30394208971915176,0.42274588335899066,0.0,0.0,0.0,SELECT * FROM lineitem WHERE l_quantity BETWEEN 15.89 AND 21.71;,707144,720436,random
0.0,1.0,1.0,0.0,1.0,0.0,0.0,0.0,0.0,0.0,0.0,0.0,0.0,0.0,0.0,0.0,0.0,0.0,0.0,0.0,"SELECT * FROM lineitem, orders WHERE lineitem.l_orderkey = orders.o_orderkey;",6001226,6001215,random
0.0,0.0,1.0,0.0,0.0,0.0,0.0,0.0,0.0,0.0,0.0,0.0,0.0,0.0,1.0,0.8053875620927811,0.9829505624875791,1.0,0.736858688415724,0.736858688415724,SELECT * FROM lineitem WHERE l_discount = 0.07 AND l_quantity BETWEEN 40.46 AND 49.16;,98102,98455,random
1.0,1.0,1.0,1.0,1.0,1.0,0.8333333333333334,0.8333333333333334,1.0,0.24740124740114453,0.3276507276505914,0.0,0.0,0.0,1.0,0.7785495099360866,0.7785495099360866,0.0,0.0,0.0,"SELECT * FROM lineitem, orders, customer WHERE orders.o_custkey = customer.c_custkey AND lineitem.l_orderkey = orders.o_orderkey AND o_orderdate BETWEEN DATE '1993-08-18' AND DATE '1994-02-27' AND c_mktsegment = 'MACHINERY' AND l_quantity = 39.15;",1,0,random
1.0,1.0,0.0,1.0,0.0,0.0,0.0,0.0,0.0,0.0,0.0,0.0,0.0,0.0,0.0,0.0,0.0,0.0,0.0,0.0,"SELECT * FROM customer, orders WHERE orders.o_custkey = customer.c_custkey;",1500000,1500000,random
1.0,0.0,0.0,0.0,0.0,1.0,0.3333333333333333,0.3333333333333333,0.0,0.0,0.0,0.0,0.0,0.0,0.0,0.0,0.0,0.0,0.0,0.0,SELECT * FROM customer WHERE c_mktsegment = 'BUILDING';,29665,30142,random
1.0,1.0,0.0,1.0,0.0,1.0,0.8333333333333334,0.8333333333333334,1.0,0.4232848232846473,0.439916839916657,0.0,0.0,0.0,0.0,0.0,0.0,0.0,0.0,0.0,"SELECT * FROM orders, customer WHERE orders.o_custkey = customer.c_custkey AND c_mktsegment = 'MACHINERY' AND o_orderdate BETWEEN DATE '1994-10-15' AND DATE '1994-11-24';",4977,5154,random
1.0,1.0,1.0,1.0,1.0,1.0,0.8333333333333334,0.8333333333333334,0.0,0.0,0.0,0.0,0.0,0.0,0.0,0.0,0.0,0.0,0.0,0.0,"SELECT * FROM orders, customer, lineitem WHERE orders.o_custkey = customer.c_custkey AND lineitem.l_orderkey = orders.o_orderkey AND c_mktsegment = 'MACHINERY';",1218249,1195932,random
1.0,1.0,1.0,1.0,1.0,0.0,0.0,0.0,1.0,0.11850311850306923,0.8519750519746977,0.0,0.0,0.0,0.0,0.0,0.0,1.0,0.3695859616675591,0.3695859616675591,"SELECT * FROM customer, orders, lineitem WHERE orders.o_custkey = customer.c_custkey AND lineitem.l_orderkey = orders.o_orderkey AND o_orderdate BETWEEN DATE '1992-10-12' AND DATE '1997-08-11' AND l_discount = 0.04;",403460,400544,random
0.0,1.0,1.0,0.0,1.0,0.0,0.0,0.0,0.0,0.0,0.0,0.0,0.0,0.0,1.0,0.14213980572971074,0.5896242441247546,1.0,0.48592553567722113,0.48592553567722113,"SELECT * FROM lineitem, orders WHERE lineitem.l_orderkey = orders.o_orderkey AND l_discount = 0.05 AND l_quantity BETWEEN 7.96 AND 29.89;",233196,240015,random
0.0,1.0,0.0,0.0,0.0,0.0,0.0,0.0,1.0,0.7397089397086322,0.7397089397086322,0.0,0.0,0.0,0.0,0.0,0.0,0.0,0.0,0.0,SELECT * FROM orders WHERE o_orderdate = DATE '1996-11-14';,622,662,random
0.0,0.0,1.0,0.0,0.0,0.0,0.0,0.0,0.0,0.0,0.0,0.0,0.0,0.0,0.0,0.0,0.0,0.0,0.0,0.0,SELECT * FROM lineitem;,6001226,6001215,random
1.0,1.0,1.0,1.0,1.0,1.0,0.8333333333333334,0.8333333333333334,1.0,0.6669438669435896,0.7613305613302448,1.0,0.13852228600355848,0.13852228600355848,0.0,0.0,0.0,0.0,0.0,0.0,"SELECT * FROM orders, customer, lineitem WHERE orders.o_custkey = customer.c_custkey AND lineitem.l_orderkey = orders.o_orderkey AND c_mktsegment = 'MACHINERY' AND o_totalprice = 77658.27 AND o_orderdate BETWEEN DATE '1996-05-23' AND DATE '1997-01-05';",4,0,random
0.0,0.0,1.0,0.0,0.0,0.0,0.0,0.0,0.0,0.0,0.0,0.0,0.0,0.0,0.0,0.0,0.0,0.0,0.0,0.0,SELECT * FROM lineitem;,6001226,6001215,random
1.0,1.0,1.0,1.0,1.0,1.0,0.16666666666666666,0.16666666666666666,0.0,0.0,0.0,1.0,0.6459165296594033,0.8659535733283651,0.0,0.0,0.0,1.0,0.7073988419726001,0.7961587734744617,"SELECT * FROM lineitem, orders, customer WHERE orders.o_custkey = customer.c_custkey AND lineitem.l_orderkey = orders.o_orderkey AND o_totalprice BETWEEN 358971.56 AND 480966.14 AND c_mktsegment = 'AUTOMOBILE' AND l_discount BETWEEN 0.07 AND 0.08;",2412,3936,random
1.0,1.0,1.0,1.0,1.0,0.0,0.0,0.0,1.0,0.018295218295210688,0.6582120582117845,1.0,0.829690551054608,0.829690551054608,1.0,0.2749625279456666,0.9623767660285346,0.0,0.0,0.0,"SELECT * FROM customer, orders, lineitem WHERE orders.o_custkey = customer.c_custkey AND lineitem.l_orderkey = orders.o_orderkey AND o_orderdate BETWEEN DATE '1992-02-14' AND DATE '1996-05-02' AND l_quantity BETWEEN 14.47 AND 48.16 AND o_totalprice = 460860.93;",3,0,random
1.0,1.0,1.0,1.0,1.0,1.0,0.6666666666666666,0.6666666666666666,1.0,0.5280665280663085,0.5280665280663085,0.0,0.0,0.0,1.0,0.02326324835339807,0.43701741978012737,0.0,0.0,0.0,"SELECT * FROM lineitem, orders, customer WHERE orders.o_custkey = customer.c_custkey AND lineitem.l_orderkey = orders.o_orderkey AND l_quantity BETWEEN 2.14 AND 22.41 AND c_mktsegment = 'HOUSEHOLD' AND o_orderdate = DATE '1995-06-24';",196,182,random
1.0,1.0,0.0,1.0,0.0,0.0,0.0,0.0,1.0,0.25571725571714937,0.25571725571714937,1.0,0.30679421836260445,0.30679421836260445,0.0,0.0,0.0,0.0,0.0,0.0,"SELECT * FROM customer, orders WHERE orders.o_custkey = customer.c_custkey AND o_orderdate = DATE '1993-09-07' AND o_totalprice = 170952.85;",1,0,random
1.0,1.0,0.0,1.0,0.0,1.0,0.16666666666666666,0.16666666666666666,0.0,0.0,0.0,0.0,0.0,0.0,0.0,0.0,0.0,0.0,0.0,0.0,"SELECT * FROM customer, orders WHERE orders.o_custkey = customer.c_custkey AND c_mktsegment = 'AUTOMOBILE';",300000,297453,random
1.0,1.0,1.0,1.0,1.0,1.0,0.6666666666666666,0.6666666666666666,0.0,0.0,0.0,0.0,0.0,0.0,0.0,0.0,0.0,1.0,0.051878118015302906,0.8995014944201394,"SELECT * FROM orders, customer, lineitem WHERE orders.o_custkey = customer.c_custkey AND lineitem.l_orderkey = orders.o_orderkey AND c_mktsegment = 'HOUSEHOLD' AND l_discount BETWEEN 0.01 AND 0.09;",977342,982828,random
0.0,1.0,1.0,0.0,1.0,0.0,0.0,0.0,0.0,0.0,0.0,0.0,0.0,0.0,0.0,0.0,0.0,0.0,0.0,0.0,"SELECT * FROM lineitem, orders WHERE lineitem.l_orderkey = orders.o_orderkey;",6001226,6001215,random
1.0,1.0,0.0,1.0,0.0,0.0,0.0,0.0,0.0,0.0,0.0,0.0,0.0,0.0,0.0,0.0,0.0,0.0,0.0,0.0,"SELECT * FROM orders, customer WHERE orders.o_custkey = customer.c_custkey;",1500000,1500000,random
0.0,1.0,1.0,0.0,1.0,0.0,0.0,0.0,0.0,0.0,0.0,0.0,0.0,0.0,1.0,0.12557134258947428,0.6515509097533636,0.0,0.0,0.0,"SELECT * FROM orders, lineitem WHERE lineitem.l_orderkey = orders.o_orderkey AND l_quantity BETWEEN 7.15 AND 32.93;",3004614,3001037,random
1.0,1.0,1.0,1.0,1.0,0.0,0.0,0.0,0.0,0.0,0.0,0.0,0.0,0.0,0.0,0.0,0.0,1.0,0.4237524523779838,0.9114927227181749,"SELECT * FROM orders, lineitem, customer WHERE orders.o_custkey = customer.c_custkey AND lineitem.l_orderkey = orders.o_orderkey AND l_discount BETWEEN 0.04 AND 0.09;",3278870,3273214,random
1.0,1.0,0.0,1.0,0.0,1.0,0.16666666666666666,0.16666666666666666,0.0,0.0,0.0,0.0,0.0,0.0,0.0,0.0,0.0,0.0,0.0,0.0,"SELECT * FROM customer, orders WHERE orders.o_custkey = customer.c_custkey AND c_mktsegment = 'AUTOMOBILE';",300000,297453,random
0.0,1.0,0.0,0.0,0.0,0.0,0.0,0.0,1.0,0.35135135135120527,0.380041580041422,1.0,0.5103284216024813,0.5851591664603654,0.0,0.0,0.0,0.0,0.0,0.0,SELECT * FROM orders WHERE o_orderdate BETWEEN DATE '1994-04-25' AND DATE '1994-07-03' AND o_totalprice BETWEEN 283797.80 AND 325286.01;,2288,2239,random
0.0,0.0,1.0,0.0,0.0,0.0,0.0,0.0,0.0,0.0,0.0,0.0,0.0,0.0,1.0,0.7250737812704816,0.9988212531560837,1.0,0.6984293027636483,0.6984293027636483,SELECT * FROM lineitem WHERE l_discount = 0.07 AND l_quantity BETWEEN 36.53 AND 49.94;,141021,141960,random
1.0,1.0,1.0,1.0,1.0,1.0,0.8333333333333334,0.8333333333333334,0.0,0.0,0.0,0.0,0.0,0.0,0.0,0.0,0.0,1.0,0.4597993369539116,0.4597993369539116,"SELECT * FROM customer, orders, lineitem WHERE orders.o_custkey = customer.c_custkey AND lineitem.l_orderkey = orders.o_orderkey AND l_discount = 0.05 AND c_mktsegment = 'MACHINERY';",107368,109022,random
0.0,1.0,1.0,0.0,1.0,0.0,0.0,0.0,0.0,0.0,0.0,0.0,0.0,0.0,0.0,0.0,0.0,0.0,0.0,0.0,"SELECT * FROM lineitem, orders WHERE lineitem.l_orderkey = orders.o_orderkey;",6001226,6001215,random
1.0,1.0,1.0,1.0,1.0,0.0,0.0,0.0,0.0,0.0,0.0,0.0,0.0,0.0,0.0,0.0,0.0,0.0,0.0,0.0,"SELECT * FROM lineitem, orders, customer WHERE orders.o_custkey = customer.c_custkey AND lineitem.l_orderkey = orders.o_orderkey;",6001226,6001215,random
0.0,1.0,1.0,0.0,1.0,0.0,0.0,0.0,0.0,0.0,0.0,0.0,0.0,0.0,1.0,0.12476386474334288,0.9837955013344931,1.0,0.8391457843905944,0.8391457843905944,"SELECT * FROM lineitem, orders WHERE lineitem.l_orderkey = orders.o_orderkey AND l_discount = 0.08 AND l_quantity BETWEEN 7.11 AND 49.21;",469190,457613,random
1.0,1.0,0.0,1.0,0.0,0.0,0.0,0.0,0.0,0.0,0.0,0.0,0.0,0.0,0.0,0.0,0.0,0.0,0.0,0.0,"SELECT * FROM customer, orders WHERE orders.o_custkey = customer.c_custkey;",1500000,1500000,random
1.0,1.0,1.0,1.0,1.0,0.0,0.0,0.0,1.0,0.036590436590421375,0.967151767151365,0.0,0.0,0.0,0.0,0.0,0.0,0.0,0.0,0.0,"SELECT * FROM lineitem, orders, customer WHERE orders.o_custkey = customer.c_custkey AND lineitem.l_orderkey = orders.o_orderkey AND o_orderdate BETWEEN DATE '1992-03-29' AND DATE '1998-05-15';",5582096,5584517,random
0.0,1.0,1.0,0.0,1.0,0.0,0.0,0.0,0.0,0.0,0.0,0.0,0.0,0.0,0.0,0.0,0.0,0.0,0.0,0.0,"SELECT * FROM lineitem, orders WHERE lineitem.l_orderkey = orders.o_orderkey;",6001226,6001215,random
1.0,1.0,1.0,1.0,1.0,0.0,0.0,0.0,0.0,0.0,0.0,0.0,0.0,0.0,0.0,0.0,0.0,0.0,0.0,0.0,"SELECT * FROM lineitem, orders, customer WHERE orders.o_custkey = customer.c_custkey AND lineitem.l_orderkey = orders.o_orderkey;",6001226,6001215,random
1.0,1.0,1.0,1.0,1.0,1.0,0.16666666666666666,0.16666666666666666,0.0,0.0,0.0,0.0,0.0,0.0,0.0,0.0,0.0,0.0,0.0,0.0,"SELECT * FROM lineitem, orders, customer WHERE orders.o_custkey = customer.c_custkey AND lineitem.l_orderkey = orders.o_orderkey AND c_mktsegment = 'AUTOMOBILE';",1200245,1189837,random
1.0,1.0,1.0,1.0,1.0,0.0,0.0,0.0,1.0,0.27401247401236006,0.9950103950099813,0.0,0.0,0.0,0.0,0.0,0.0,1.0,0.36147183948827993,0.46658672295013526,"SELECT * FROM lineitem, orders, customer WHERE orders.o_custkey = customer.c_custkey AND lineitem.l_orderkey = orders.o_orderkey AND o_orderdate BETWEEN DATE '1993-10-21' AND DATE '1998-07-21' AND l_discount BETWEEN 0.04 AND 0.05;",778877,788437,random
1.0,1.0,1.0,1.0,1.0,1.0,0.16666666666666666,0.16666666666666666,1.0,0.33471933471919557,0.33471933471919557,0.0,0.0,0.0,0.0,0.0,0.0,0.0,0.0,0.0,"SELECT * FROM lineitem, orders, customer WHERE orders.o_custkey = customer.c_custkey AND lineitem.l_orderkey = orders.o_orderkey AND c_mktsegment = 'AUTOMOBILE' AND o_orderdate = DATE '1994-03-16';",498,486,random
1.0,1.0,1.0,1.0,1.0,0.0,0.0,0.0,0.0,0.0,0.0,1.0,0.47996642017326363,0.47996642017326363,1.0,0.6259946869580449,0.6259946869580449,0.0,0.0,0.0,"SELECT * FROM customer, orders, lineitem WHERE orders.o_custkey = customer.c_custkey AND lineitem.l_orderkey = orders.o_orderkey AND l_quantity = 31.67 AND o_totalprice = 266964.27;",1,0,random
1.0,1.0,1.0,1.0,1.0,0.0,0.0,0.0,0.0,0.0,0.0,1.0,0.5196750446715279,0.8216337958990652,1.0,0.07291083615682831,0.07291083615682831,0.0,0.0,0.0,"SELECT * FROM lineitem, orders, customer WHERE orders.o_custkey = customer.c_custkey AND lineitem.l_orderkey = orders.o_orderkey AND o_totalprice BETWEEN 288979.82 AND 456394.04 AND l_quantity = 4.57;",1,0,random
1.0,1.0,1.0,1.0,1.0,0.0,0.0,0.0,0.0,0.0,0.0,0.0,0.0,0.0,0.0,0.0,0.0,0.0,0.0,0.0,"SELECT * FROM orders, lineitem, customer WHERE orders.o_custkey = customer.c_custkey AND lineitem.l_orderkey = orders.o_orderkey;",6001226,6001215,random
0.0,1.0,1.0,0.0,1.0,0.0,0.0,0.0,0.0,0.0,0.0,0.0,0.0,0.0,0.0,0.0,0.0,0.0,0.0,0.0,"SELECT * FROM lineitem, orders WHERE lineitem.l_orderkey = orders.o_orderkey;",6001226,6001215,random
0.0,1.0,1.0,0.0,1.0,0.0,0.0,0.0,0.0,0.0,0.0,0.0,0.0,0.0,0.0,0.0,0.0,0.0,0.0,0.0,"SELECT * FROM lineitem, orders WHERE lineitem.l_orderkey = orders.o_orderkey;",6001226,6001215,random
1.0,1.0,0.0,1.0,0.0,0.0,0.0,0.0,0.0,0.0,0.0,1.0,0.6240081564382194,0.7874748085418628,0.0,0.0,0.0,0.0,0.0,0.0,"SELECT * FROM orders, customer WHERE orders.o_custkey = customer.c_custkey AND o_totalprice BETWEEN 346824.96 AND 437455.36;",19606,23699,random
1.0,1.0,0.0,1.0,0.0,1.0,0.8333333333333334,0.8333333333333334,1.0,0.02577962577961506,0.6756756756753948,0.0,0.0,0.0,0.0,0.0,0.0,0.0,0.0,0.0,"SELECT * FROM orders, customer WHERE orders.o_custkey = customer.c_custkey AND o_orderdate BETWEEN DATE '1992-03-03' AND DATE '1996-06-13' AND c_mktsegment = 'MACHINERY';",196785,194512,random
1.0,1.0,0.0,1.0,0.0,0.0,0.0,0.0,0.0,0.0,0.0,0.0,0.0,0.0,0.0,0.0,0.0,0.0,0.0,0.0,"SELECT * FROM customer, orders WHERE orders.o_custkey = customer.c_custkey;",1500000,1500000,random
1.0,1.0,1.0,1.0,1.0,1.0,0.3333333333333333,0.3333333333333333,0.0,0.0,0.0,0.0,0.0,0.0,0.0,0.0,0.0,0.0,0.0,0.0,"SELECT * FROM customer, orders, lineitem WHERE orders.o_custkey = customer.c_custkey AND lineitem.l_orderkey = orders.o_orderkey AND c_mktsegment = 'BUILDING';",1186842,1214743,random
1.0,0.0,0.0,0.0,0.0,0.0,0.0,0.0,0.0,0.0,0.0,0.0,0.0,0.0,0.0,0.0,0.0,0.0,0.0,0.0,SELECT * FROM customer;,150000,150000,random
0.0,0.0,1.0,0.0,0.0,0.0,0.0,0.0,0.0,0.0,0.0,0.0,0.0,0.0,1.0,0.8852219100201053,0.8852219100201053,1.0,0.1474090611314376,0.3086744113939531,SELECT * FROM lineitem WHERE l_quantity = 44.38 AND l_discount BETWEEN 0.01 AND 0.03;,1,0,random
0.0,1.0,1.0,0.0,1.0,0.0,0.0,0.0,0.0,0.0,0.0,0.0,0.0,0.0,0.0,0.0,0.0,0.0,0.0,0.0,"SELECT * FROM orders, lineitem WHERE lineitem.l_orderkey = orders.o_orderkey;",6001226,6001215,random
1.0,1.0,0.0,1.0,0.0,0.0,0.0,0.0,0.0,0.0,0.0,0.0,0.0,0.0,0.0,0.0,0.0,0.0,0.0,0.0,"SELECT * FROM customer, orders WHERE orders.o_custkey = customer.c_custkey;",1500000,1500000,random
0.0,1.0,1.0,0.0,1.0,0.0,0.0,0.0,1.0,0.16216216216209473,0.41829521829504435,1.0,0.0421921498770316,0.7891913869272382,0.0,0.0,0.0,0.0,0.0,0.0,"SELECT * FROM lineitem, orders WHERE lineitem.l_orderkey = orders.o_orderkey AND o_orderdate BETWEEN DATE '1993-01-25' AND DATE '1994-10-03' AND o_totalprice BETWEEN 24250.20 AND 438407.08;",1421330,1511529,random
1.0,0.0,0.0,0.0,0.0,1.0,0.3333333333333333,0.3333333333333333,0.0,0.0,0.0,0.0,0.0,0.0,0.0,0.0,0.0,0.0,0.0,0.0,SELECT * FROM customer WHERE c_mktsegment = 'BUILDING';,29665,30142,random
1.0,1.0,0.0,1.0,0.0,1.0,0.3333333333333333,0.3333333333333333,1.0,0.35800415800400914,0.35800415800400914,1.0,0.006725388488301164,0.8260843231519895,0.0,0.0,0.0,0.0,0.0,0.0,"SELECT * FROM customer, orders WHERE orders.o_custkey = customer.c_custkey AND c_mktsegment = 'BUILDING' AND o_totalprice BETWEEN 4586.45 AND 458861.53 AND o_orderdate = DATE '1994-05-11';",234,149,random
1.0,1.0,0.0,1.0,0.0,1.0,0.3333333333333333,0.3333333333333333,0.0,0.0,0.0,1.0,0.029685573273322382,0.029685573273322382,0.0,0.0,0.0,0.0,0.0,0.0,"SELECT * FROM customer, orders WHERE orders.o_custkey = customer.c_custkey AND o_totalprice = 17316.21 AND c_mktsegment = 'BUILDING';",1,0,random
1.0,1.0,0.0,1.0,0.0,1.0,0.3333333333333333,0.3333333333333333,1.0,0.19584199584191442,0.24573804573794356,0.0,0.0,0.0,0.0,0.0,0.0,0.0,0.0,0.0,"SELECT * FROM customer, orders WHERE orders.o_custkey = customer.c_custkey AND o_orderdate BETWEEN DATE '1993-04-16' AND DATE '1993-08-14' AND c_mktsegment = 'BUILDING';",14243,15262,random
1.0,1.0,1.0,1.0,1.0,0.0,0.0,0.0,0.0,0.0,0.0,1.0,0.3696406543961739,0.3723502580889212,0.0,0.0,0.0,1.0,0.5269267355641182,0.5269267355641182,"SELECT * FROM customer, orders, lineitem WHERE orders.o_custkey = customer.c_custkey AND lineitem.l_orderkey = orders.o_orderkey AND o_totalprice BETWEEN 205796.64 AND 207298.91 AND l_discount = 0.05;",2627,3654,random
1.0,1.0,1.0,1.0,1.0,0.0,0.0,0.0,0.0,0.0,0.0,0.0,0.0,0.0,1.0,0.3179516091844309,0.6943538961734874,0.0,0.0,0.0,"SELECT * FROM lineitem, orders, customer WHERE orders.o_custkey = customer.c_custkey AND lineitem.l_orderkey = orders.o_orderkey AND l_quantity BETWEEN 16.58 AND 35.02;",2284267,2282043,random
0.0,1.0,1.0,0.0,1.0,0.0,0.0,0.0,0.0,0.0,0.0,1.0,0.05325897506966527,0.3276806045112875,0.0,0.0,0.0,1.0,0.8515026298567802,0.8728514831881009,"SELECT * FROM lineitem, orders WHERE lineitem.l_orderkey = orders.o_orderkey AND o_totalprice BETWEEN 30385.95 AND 182532.83 AND l_discount BETWEEN 0.09 AND 0.09;",309856,245992,random
1.0,1.0,1.0,1.0,1.0,0.0,0.0,0.0,1.0,0.6943866943864057,0.6943866943864057,1.0,0.3218231328762083,0.46426727756111624,0.0,0.0,0.0,0.0,0.0,0.0,"SELECT * FROM orders, lineitem, customer WHERE orders.o_custkey = customer.c_custkey AND lineitem.l_orderkey = orders.o_orderkey AND o_totalprice BETWEEN 179285.29 AND 258260.23 AND o_orderdate = DATE '1996-07-28';",596,808,random
1.0,1.0,1.0,1.0,1.0,0.0,0.0,0.0,1.0,0.20291060291051854,0.20291060291051854,0.0,0.0,0.0,0.0,0.0,0.0,0.0,0.0,0.0,"SELECT * FROM orders, customer, lineitem WHERE orders.o_custkey = customer.c_custkey AND lineitem.l_orderkey = orders.o_orderkey AND o_orderdate = DATE '1993-05-03';",2489,2420,random
1.0,1.0,1.0,1.0,1.0,1.0,0.16666666666666666,0.16666666666666666,1.0,0.08482328482324955,0.08482328482324955,0.0,0.0,0.0,0.0,0.0,0.0,0.0,0.0,0.0,"SELECT * FROM orders, lineitem, customer WHERE orders.o_custkey = customer.c_custkey AND lineitem.l_orderkey = orders.o_orderkey AND o_orderdate = DATE '1992-07-23' AND c_mktsegment = 'AUTOMOBILE';",498,528,random
0.0,1.0,1.0,0.0,1.0,0.0,0.0,0.0,1.0,0.3671517671516145,0.49729729729709055,0.0,0.0,0.0,1.0,0.024718196537330907,0.024718196537330907,1.0,0.33637397717407963,0.4511511986108578,"SELECT * FROM lineitem, orders WHERE lineitem.l_orderkey = orders.o_orderkey AND l_discount BETWEEN 0.03 AND 0.05 AND o_orderdate BETWEEN DATE '1994-06-02' AND DATE '1995-04-11' AND l_quantity = 2.21;",1,0,random
0.0,1.0,1.0,0.0,1.0,0.0,0.0,0.0,0.0,0.0,0.0,0.0,0.0,0.0,0.0,0.0,0.0,0.0,0.0,0.0,"SELECT * FROM orders, lineitem WHERE lineitem.l_orderkey = orders.o_orderkey;",6001226,6001215,random
1.0,1.0,1.0,1.0,1.0,0.0,0.0,0.0,1.0,0.3293139293137924,0.3293139293137924,0.0,0.0,0.0,1.0,0.8155647796858021,0.8155647796858021,0.0,0.0,0.0,"SELECT * FROM customer, orders, lineitem WHERE orders.o_custkey = customer.c_custkey AND lineitem.l_orderkey = orders.o_orderkey AND o_orderdate = DATE '1994-03-03' AND l_quantity = 40.96;",1,0,random
1.0,1.0,1.0,1.0,1.0,0.0,0.0,0.0,1.0,0.5796257796255386,0.6553014553011828,0.0,0.0,0.0,1.0,0.4038111414366134,0.7831282540760729,0.0,0.0,0.0,"SELECT * FROM orders, lineitem, customer WHERE orders.o_custkey = customer.c_custkey AND lineitem.l_orderkey = orders.o_orderkey AND l_quantity BETWEEN 20.79 AND 39.37 AND o_orderdate BETWEEN DATE '1995-10-26' AND DATE '1996-04-25';",173186,172868,random
0.0,1.0,1.0,0.0,1.0,0.0,0.0,0.0,0.0,0.0,0.0,1.0,0.5158253504857682,0.7859746482418108,0.0,0.0,0.0,0.0,0.0,0.0,"SELECT * FROM lineitem, orders WHERE lineitem.l_orderkey = orders.o_orderkey AND o_totalprice BETWEEN 286845.44 AND 436623.63;",432596,752926,random
1.0,1.0,1.0,1.0,1.0,0.0,0.0,0.0,1.0,0.37463617463601884,0.5771309771307371,0.0,0.0,0.0,1.0,0.4499719355382889,0.4499719355382889,1.0,0.9433539917443452,0.9433539917443452,"SELECT * FROM lineitem, orders, customer WHERE orders.o_custkey = customer.c_custkey AND lineitem.l_orderkey = orders.o_orderkey AND l_quantity = 23.05 AND o_orderdate BETWEEN DATE '1994-06-20' AND DATE '1995-10-20' AND l_discount = 0.09;",1,0,random
0.0,0.0,1.0,0.0,0.0,0.0,0.0,0.0,0.0,0.0,0.0,0.0,0.0,0.0,1.0,0.425719348226463,0.425719348226463,1.0,0.6905185998291197,0.7628415730206278,SELECT * FROM lineitem WHERE l_quantity = 21.86 AND l_discount BETWEEN 0.07 AND 0.08;,1,0,random
0.0,1.0,1.0,0.0,1.0,0.0,0.0,0.0,0.0,0.0,0.0,1.0,0.7991457775458884,0.9137521952974575,1.0,0.38131856324642993,0.3908858893744753,0.0,0.0,0.0,"SELECT * FROM lineitem, orders WHERE lineitem.l_orderkey = orders.o_orderkey AND o_totalprice BETWEEN 443926.07 AND 507467.01 AND l_quantity BETWEEN 19.68 AND 20.15;",423,24,random
1.0,1.0,1.0,1.0,1.0,0.0,0.0,0.0,0.0,0.0,0.0,1.0,0.032059154111704284,0.6890245497477332,0.0,0.0,0.0,1.0,0.10431317638515496,0.10431317638515496,"SELECT * FROM customer, orders, lineitem WHERE orders.o_custkey = customer.c_custkey AND lineitem.l_orderkey = orders.o_orderkey AND l_discount = 0.01 AND o_totalprice BETWEEN 18632.19 AND 382871.83;",527117,534982,random
1.0,1.0,0.0,1.0,0.0,0.0,0.0,0.0,1.0,0.3683991683990152,0.4544698544696655,1.0,0.29110552861966055,0.29110552861966055,0.0,0.0,0.0,0.0,0.0,0.0,"SELECT * FROM customer, orders WHERE orders.o_custkey = customer.c_custkey AND o_totalprice = 162254.61 AND o_orderdate BETWEEN DATE '1994-06-05' AND DATE '1994-12-29';",1,0,random
0.0,1.0,0.0,0.0,0.0,0.0,0.0,0.0,1.0,0.11060291060286462,0.11060291060286462,1.0,0.06876299075031932,0.47825114237623384,0.0,0.0,0.0,0.0,0.0,0.0,SELECT * FROM orders WHERE o_orderdate = DATE '1992-09-23' AND o_totalprice BETWEEN 38981.80 AND 266013.27;,486,492,random
1.0,1.0,1.0,1.0,1.0,1.0,0.8333333333333334,0.8333333333333334,0.0,0.0,0.0,0.0,0.0,0.0,0.0,0.0,0.0,0.0,0.0,0.0,"SELECT * FROM customer, orders, lineitem WHERE orders.o_custkey = customer.c_custkey AND lineitem.l_orderkey = orders.o_orderkey AND c_mktsegment = 'MACHINERY';",1218249,1195932,random
1.0,1.0,1.0,1.0,1.0,1.0,0.6666666666666666,0.6666666666666666,0.0,0.0,0.0,0.0,0.0,0.0,1.0,0.39923691454347243,0.39923691454347243,1.0,0.5258564995460124,0.9103025298375018,"SELECT * FROM orders, lineitem, customer WHERE orders.o_custkey = customer.c_custkey AND lineitem.l_orderkey = orders.o_orderkey AND l_quantity = 20.56 AND l_discount BETWEEN 0.05 AND 0.09 AND c_mktsegment = 'HOUSEHOLD';",1,0,random
0.0,1.0,1.0,0.0,1.0,0.0,0.0,0.0,0.0,0.0,0.0,0.0,0.0,0.0,1.0,0.17512628744969563,0.8099847648115845,1.0,0.2974487244476485,0.7116479265480421,"SELECT * FROM lineitem, orders WHERE lineitem.l_orderkey = orders.o_orderkey AND l_discount BETWEEN 0.03 AND 0.07 AND l_quantity BETWEEN 9.58 AND 40.69;",1691785,1692140,random
0.0,1.0,1.0,0.0,1.0,0.0,0.0,0.0,0.0,0.0,0.0,0.0,0.0,0.0,0.0,0.0,0.0,0.0,0.0,0.0,"SELECT * FROM lineitem, orders WHERE lineitem.l_orderkey = orders.o_orderkey;",6001226,6001215,random
1.0,1.0,0.0,1.0,0.0,0.0,0.0,0.0,1.0,0.4112266112264402,0.9085239085235307,1.0,0.06674386335942127,0.7265377545536249,0.0,0.0,0.0,0.0,0.0,0.0,"SELECT * FROM customer, orders WHERE orders.o_custkey = customer.c_custkey AND o_totalprice BETWEEN 37862.34 AND 403670.18 AND o_orderdate BETWEEN DATE '1994-09-16' AND DATE '1997-12-25';",667135,673973,random
1.0,1.0,1.0,1.0,1.0,0.0,0.0,0.0,0.0,0.0,0.0,0.0,0.0,0.0,0.0,0.0,0.0,1.0,0.5060645667121321,0.5060645667121321,"SELECT * FROM customer, orders, lineitem WHERE orders.o_custkey = customer.c_custkey AND lineitem.l_orderkey = orders.o_orderkey AND l_discount = 0.05;",528908,546395,random
1.0,1.0,0.0,1.0,0.0,1.0,0.3333333333333333,0.3333333333333333,1.0,0.9172557172553358,0.9172557172553358,1.0,0.01073736139093138,0.01073736139093138,0.0,0.0,0.0,0.0,0.0,0.0,"SELECT * FROM customer, orders WHERE orders.o_custkey = customer.c_custkey AND c_mktsegment = 'BUILDING' AND o_totalprice = 6810.80 AND o_orderdate = DATE '1998-01-15';",1,0,random
0.0,1.0,1.0,0.0,1.0,0.0,0.0,0.0,0.0,0.0,0.0,0.0,0.0,0.0,0.0,0.0,0.0,0.0,0.0,0.0,"SELECT * FROM lineitem, orders WHERE lineitem.l_orderkey = orders.o_orderkey;",6001226,6001215,random
1.0,1.0,0.0,1.0,0.0,0.0,0.0,0.0,1.0,0.29397089397077175,0.29397089397077175,1.0,0.018066127650354397,0.1705890956408963,0.0,0.0,0.0,0.0,0.0,0.0,"SELECT * FROM customer, orders WHERE orders.o_custkey = customer.c_custkey AND o_totalprice BETWEEN 10874.07 AND 95436.99 AND o_orderdate = DATE '1993-12-08';",184,162,random
0.0,1.0,1.0,0.0,1.0,0.0,0.0,0.0,0.0,0.0,0.0,1.0,0.3580869896556446,0.3580869896556446,0.0,0.0,0.0,1.0,0.03444484506887648,0.03444484506887648,"SELECT * FROM orders, lineitem WHERE lineitem.l_orderkey = orders.o_orderkey AND o_totalprice = 199390.97 AND l_discount = 0.00;",1,0,random
1.0,1.0,1.0,1.0,1.0,0.0,0.0,0.0,1.0,0.23866943866933943,0.23866943866933943,1.0,0.7671142384539384,0.9288205523021484,1.0,0.0046657327462129965,0.0046657327462129965,0.0,0.0,0.0,"SELECT * FROM customer, orders, lineitem WHERE orders.o_custkey = customer.c_custkey AND lineitem.l_orderkey = orders.o_orderkey AND l_quantity = 1.23 AND o_totalprice BETWEEN 426166.90 AND 515821.32 AND o_orderdate = DATE '1993-07-28';",1,0,random
0.0,1.0,0.0,0.0,0.0,0.0,0.0,0.0,0.0,0.0,0.0,0.0,0.0,0.0,0.0,0.0,0.0,0.0,0.0,0.0,SELECT * FROM orders;,1500000,1500000,random
1.0,1.0,0.0,1.0,0.0,0.0,0.0,0.0,1.0,0.0436590436590255,0.5122661122658992,0.0,0.0,0.0,0.0,0.0,0.0,0.0,0.0,0.0,"SELECT * FROM customer, orders WHERE orders.o_custkey = customer.c_custkey AND o_orderdate BETWEEN DATE '1992-04-15' AND DATE '1995-05-17';",698608,701774,random
1.0,1.0,1.0,1.0,1.0,0.0,0.0,0.0,0.0,0.0,0.0,1.0,0.3565763259184936,0.3565763259184936,0.0,0.0,0.0,0.0,0.0,0.0,"SELECT * FROM orders, lineitem, customer WHERE orders.o_custkey = customer.c_custkey AND lineitem.l_orderkey = orders.o_orderkey AND o_totalprice = 198553.41;",4,0,random
0.0,1.0,0.0,0.0,0.0,0.0,0.0,0.0,0.0,0.0,0.0,0.0,0.0,0.0,0.0,0.0,0.0,0.0,0.0,0.0,SELECT * FROM orders;,1500000,1500000,random
0.0,1.0,1.0,0.0,1.0,0.0,0.0,0.0,0.0,0.0,0.0,1.0,0.4995760245852348,0.7675451308404572,0.0,0.0,0.0,1.0,0.8854600416877605,0.8854600416877605,"SELECT * FROM orders, lineitem WHERE lineitem.l_orderkey = orders.o_orderkey AND l_discount = 0.09 AND o_totalprice BETWEEN 277836.37 AND 426405.80;",47707,78818,random
1.0,1.0,1.0,1.0,1.0,0.0,0.0,0.0,0.0,0.0,0.0,0.0,0.0,0.0,0.0,0.0,0.0,1.0,0.635353445328469,0.635353445328469,"SELECT * FROM lineitem, orders, customer WHERE orders.o_custkey = customer.c_custkey AND lineitem.l_orderkey = orders.o_orderkey AND l_discount = 0.06;",550713,544970,random
1.0,1.0,1.0,1.0,1.0,0.0,0.0,0.0,1.0,0.01288981288980753,0.021205821205812388,0.0,0.0,0.0,1.0,0.5034200443781138,0.7418139221548554,1.0,0.12405616151052161,0.23639632329812277,"SELECT * FROM orders, customer, lineitem WHERE orders.o_custkey = customer.c_custkey AND lineitem.l_orderkey = orders.o_orderkey AND l_quantity BETWEEN 25.67 AND 37.35 AND o_orderdate BETWEEN DATE '1992-02-01' AND DATE '1992-02-21' AND l_discount BETWEEN 0.01 AND 0.02;",2454,2342,random
1.0,1.0,0.0,1.0,0.0,0.0,0.0,0.0,1.0,0.20166320166311782,0.37546777546761934,1.0,0.23806396814740502,0.7253084227299318,0.0,0.0,0.0,0.0,0.0,0.0,"SELECT * FROM customer, orders WHERE orders.o_custkey = customer.c_custkey AND o_orderdate BETWEEN DATE '1993-04-30' AND DATE '1994-06-22' AND o_totalprice BETWEEN 132846.91 AND 402988.61;",137826,141339,random
1.0,1.0,1.0,1.0,1.0,1.0,0.5,0.5,1.0,0.023284823284813603,0.2881496881495683,0.0,0.0,0.0,1.0,0.20581743522545687,0.20581743522545687,0.0,0.0,0.0,"SELECT * FROM orders, customer, lineitem WHERE orders.o_custkey = customer.c_custkey AND lineitem.l_orderkey = orders.o_orderkey AND o_orderdate BETWEEN DATE '1992-02-26' AND DATE '1993-11-24' AND c_mktsegment = 'FURNITURE' AND l_quantity = 11.09;",1,0,random
0.0,0.0,1.0,0.0,0.0,0.0,0.0,0.0,0.0,0.0,0.0,0.0,0.0,0.0,0.0,0.0,0.0,1.0,0.3216369878638656,0.38148591674454646,SELECT * FROM lineitem WHERE l_discount BETWEEN 0.03 AND 0.04;,1112427,1090838,random
1.0,1.0,0.0,1.0,0.0,0.0,0.0,0.0,0.0,0.0,0.0,1.0,0.9920125688726587,0.9920125688726587,0.0,0.0,0.0,0.0,0.0,0.0,"SELECT * FROM customer, orders WHERE orders.o_custkey = customer.c_custkey AND o_totalprice = 550856.71;",1,0,random
1.0,1.0,1.0,1.0,1.0,1.0,0.3333333333333333,0.3333333333333333,0.0,0.0,0.0,1.0,0.17643550489732018,0.17643550489732018,1.0,0.31146296980459737,0.7216737657454573,0.0,0.0,0.0,"SELECT * FROM customer, orders, lineitem WHERE orders.o_custkey = customer.c_custkey AND lineitem.l_orderkey = orders.o_orderkey AND l_quantity BETWEEN 16.26 AND 36.36 AND o_totalprice = 98678.40 AND c_mktsegment = 'BUILDING';",2,0,random
0.0,1.0,1.0,0.0,1.0,0.0,0.0,0.0,0.0,0.0,0.0,0.0,0.0,0.0,0.0,0.0,0.0,0.0,0.0,0.0,"SELECT * FROM lineitem, orders WHERE lineitem.l_orderkey = orders.o_orderkey;",6001226,6001215,random
1.0,1.0,1.0,1.0,1.0,1.0,0.3333333333333333,0.3333333333333333,0.0,0.0,0.0,1.0,0.019811077132294203,0.793558601155881,0.0,0.0,0.0,1.0,0.8540422017645598,0.8540422017645598,"SELECT * FROM orders, customer, lineitem WHERE orders.o_custkey = customer.c_custkey AND lineitem.l_orderkey = orders.o_orderkey AND c_mktsegment = 'BUILDING' AND o_totalprice BETWEEN 11841.51 AND 440828.38 AND l_discount = 0.09;",105253,109213,random
1.0,1.0,1.0,1.0,1.0,1.0,0.5,0.5,1.0,0.1367983367982799,0.1367983367982799,0.0,0.0,0.0,0.0,0.0,0.0,1.0,0.6060253505963897,0.6060253505963897,"SELECT * FROM orders, lineitem, customer WHERE orders.o_custkey = customer.c_custkey AND lineitem.l_orderkey = orders.o_orderkey AND c_mktsegment = 'FURNITURE' AND l_discount = 0.06 AND o_orderdate = DATE '1992-11-25';",46,42,random
1.0,1.0,0.0,1.0,0.0,0.0,0.0,0.0,1.0,0.9255717255713407,0.9401247401243492,1.0,0.37314489769963416,0.48955111434914683,0.0,0.0,0.0,0.0,0.0,0.0,"SELECT * FROM customer, orders WHERE orders.o_custkey = customer.c_custkey AND o_orderdate BETWEEN DATE '1998-02-04' AND DATE '1998-03-11' AND o_totalprice BETWEEN 207739.48 AND 272278.29;",3931,3957,random
1.0,1.0,1.0,1.0,1.0,0.0,0.0,0.0,0.0,0.0,0.0,1.0,0.7712703787765338,0.9570968766157192,0.0,0.0,0.0,0.0,0.0,0.0,"SELECT * FROM lineitem, orders, customer WHERE orders.o_custkey = customer.c_custkey AND lineitem.l_orderkey = orders.o_orderkey AND o_totalprice BETWEEN 428471.18 AND 531498.49;",28914,7145,random
1.0,1.0,1.0,1.0,1.0,0.0,0.0,0.0,0.0,0.0,0.0,1.0,0.3614142882149861,0.9214685470843774,0.0,0.0,0.0,0.0,0.0,0.0,"SELECT * FROM orders, customer, lineitem WHERE orders.o_custkey = customer.c_custkey AND lineitem.l_orderkey = orders.o_orderkey AND o_totalprice BETWEEN 201235.71 AND 511745.17;",1766749,2691837,random
1.0,1.0,1.0,1.0,1.0,1.0,0.3333333333333333,0.3333333333333333,1.0,0.5783783783781379,0.5783783783781379,0.0,0.0,0.0,0.0,0.0,0.0,0.0,0.0,0.0,"SELECT * FROM customer, orders, lineitem WHERE orders.o_custkey = customer.c_custkey AND lineitem.l_orderkey = orders.o_orderkey AND o_orderdate = DATE '1995-10-23' AND c_mktsegment = 'BUILDING';",492,474,random
1.0,0.0,0.0,0.0,0.0,1.0,0.6666666666666666,0.6666666666666666,0.0,0.0,0.0,0.0,0.0,0.0,0.0,0.0,0.0,0.0,0.0,0.0,SELECT * FROM customer WHERE c_mktsegment = 'HOUSEHOLD';,29710,30189,random
1.0,1.0,1.0,1.0,1.0,1.0,0.8333333333333334,0.8333333333333334,0.0,0.0,0.0,1.0,0.4116089921628098,0.4116089921628098,0.0,0.0,0.0,1.0,0.08887343846254162,0.7276520721076419,"SELECT * FROM customer, orders, lineitem WHERE orders.o_custkey = customer.c_custkey AND lineitem.l_orderkey = orders.o_orderkey AND c_mktsegment = 'MACHINERY' AND o_totalprice = 229065.03 AND l_discount BETWEEN 0.01 AND 0.07;",3,0,random
1.0,1.0,1.0,1.0,1.0,0.0,0.0,0.0,0.0,0.0,0.0,0.0,0.0,0.0,0.0,0.0,0.0,0.0,0.0,0.0,"SELECT * FROM orders, lineitem, customer WHERE orders.o_custkey = customer.c_custkey AND lineitem.l_orderkey = orders.o_orderkey;",6001226,6001215,random
1.0,1.0,1.0,1.0,1.0,0.0,0.0,0.0,1.0,0.18170478170470616,0.19792099792091564,0.0,0.0,0.0,0.0,0.0,0.0,1.0,0.17063425442114374,0.37465138497614453,"SELECT * FROM orders, lineitem, customer WHERE orders.o_custkey = customer.c_custkey AND lineitem.l_orderkey = orders.o_orderkey AND l_discount BETWEEN 0.02 AND 0.04 AND o_orderdate BETWEEN DATE '1993-03-13' AND DATE '1993-04-21';",28086,26841,random
1.0,1.0,1.0,1.0,1.0,0.0,0.0,0.0,0.0,0.0,0.0,0.0,0.0,0.0,0.0,0.0,0.0,1.0,0.9022732798800234,0.9022732798800234,"SELECT * FROM orders, lineitem, customer WHERE orders.o_custkey = customer.c_custkey AND lineitem.l_orderkey = orders.o_orderkey AND l_discount = 0.09;",548712,545309,random
0.0,1.0,1.0,0.0,1.0,0.0,0.0,0.0,0.0,0.0,0.0,0.0,0.0,0.0,0.0,0.0,0.0,0.0,0.0,0.0,"SELECT * FROM lineitem, orders WHERE lineitem.l_orderkey = orders.o_orderkey;",6001226,6001215,random
0.0,1.0,1.0,0.0,1.0,0.0,0.0,0.0,1.0,0.04158004158002429,0.789189189188861,1.0,0.009506576218131649,0.7605335943461131,0.0,0.0,0.0,1.0,0.95521372351915,0.95521372351915,"SELECT * FROM orders, lineitem WHERE lineitem.l_orderkey = orders.o_orderkey AND o_totalprice BETWEEN 6128.42 AND 422518.41 AND l_discount = 0.10 AND o_orderdate BETWEEN DATE '1992-04-10' AND DATE '1997-03-13';",385843,406310,random
1.0,0.0,0.0,0.0,0.0,1.0,0.8333333333333334,0.8333333333333334,0.0,0.0,0.0,0.0,0.0,0.0,0.0,0.0,0.0,0.0,0.0,0.0,SELECT * FROM customer WHERE c_mktsegment = 'MACHINERY';,30450,29949,random
1.0,1.0,0.0,1.0,0.0,1.0,0.5,0.5,1.0,0.8166320166316771,0.9409563409559497,1.0,0.8901521961620242,0.8901521961620242,0.0,0.0,0.0,0.0,0.0,0.0,"SELECT * FROM orders, customer WHERE orders.o_custkey = customer.c_custkey AND c_mktsegment = 'FURNITURE' AND o_totalprice = 494382.52 AND o_orderdate BETWEEN DATE '1997-05-18' AND DATE '1998-03-13';",1,0,random
1.0,1.0,1.0,1.0,1.0,0.0,0.0,0.0,1.0,0.27941787941776325,0.8686070686067074,0.0,0.0,0.0,1.0,0.3684298951246507,0.815051758634337,1.0,0.13886302589849847,0.8879705424101891,"SELECT * FROM orders, lineitem, customer WHERE orders.o_custkey = customer.c_custkey AND lineitem.l_orderkey = orders.o_orderkey AND l_discount BETWEEN 0.01 AND 0.09 AND o_orderdate BETWEEN DATE '1993-11-03' AND DATE '1997-09-20' AND l_quantity BETWEEN 19.05 AND 40.94;",1224287,1219459,random
1.0,1.0,1.0,1.0,1.0,0.0,0.0,0.0,0.0,0.0,0.0,0.0,0.0,0.0,0.0,0.0,0.0,0.0,0.0,0.0,"SELECT * FROM lineitem, orders, customer WHERE orders.o_custkey = customer.c_custkey AND lineitem.l_orderkey = orders.o_orderkey;",6001226,6001215,random
1.0,1.0,1.0,1.0,1.0,1.0,0.16666666666666666,0.16666666666666666,0.0,0.0,0.0,1.0,0.9308445042082791,0.9314834694674414,0.0,0.0,0.0,0.0,0.0,0.0,"SELECT * FROM customer, orders, lineitem WHERE orders.o_custkey = customer.c_custkey AND lineitem.l_orderkey = orders.o_orderkey AND o_totalprice BETWEEN 516943.45 AND 517297.71 AND c_mktsegment = 'AUTOMOBILE';",4,0,random
1.0,1.0,1.0,1.0,1.0,0.0,0.0,0.0,0.0,0.0,0.0,0.0,0.0,0.0,0.0,0.0,0.0,0.0,0.0,0.0,"SELECT * FROM orders, lineitem, customer WHERE orders.o_custkey = customer.c_custkey AND lineitem.l_orderkey = orders.o_orderkey;",6001226,6001215,random
0.0,1.0,1.0,0.0,1.0,0.0,0.0,0.0,1.0,0.08939708939705222,0.6594594594591853,0.0,0.0,0.0,1.0,0.21164082117269403,0.24090161355358458,1.0,0.1602352761770734,0.7157651489119087,"SELECT * FROM lineitem, orders WHERE lineitem.l_orderkey = orders.o_orderkey AND l_quantity BETWEEN 11.37 AND 12.80 AND o_orderdate BETWEEN DATE '1992-08-03' AND DATE '1996-05-05' AND l_discount BETWEEN 0.02 AND 0.07;",35252,37318,random
1.0,1.0,1.0,1.0,1.0,0.0,0.0,0.0,1.0,0.49189189189168736,0.63326403326377,0.0,0.0,0.0,0.0,0.0,0.0,0.0,0.0,0.0,"SELECT * FROM orders, customer, lineitem WHERE orders.o_custkey = customer.c_custkey AND lineitem.l_orderkey = orders.o_orderkey AND o_orderdate BETWEEN DATE '1995-03-29' AND DATE '1996-03-03';",842340,852527,random
1.0,1.0,1.0,1.0,1.0,1.0,0.3333333333333333,0.3333333333333333,1.0,0.11559251559246753,0.11559251559246753,0.0,0.0,0.0,0.0,0.0,0.0,1.0,0.0891394259080062,0.0891394259080062,"SELECT * FROM orders, lineitem, customer WHERE orders.o_custkey = customer.c_custkey AND lineitem.l_orderkey = orders.o_orderkey AND c_mktsegment = 'BUILDING' AND o_orderdate = DATE '1992-10-05' AND l_discount = 0.01;",46,52,random
1.0,1.0,1.0,1.0,1.0,1.0,0.6666666666666666,0.6666666666666666,0.0,0.0,0.0,0.0,0.0,0.0,1.0,0.5356030403702748,0.5356030403702748,0.0,0.0,0.0,"SELECT * FROM customer, orders, lineitem WHERE orders.o_custkey = customer.c_custkey AND lineitem.l_orderkey = orders.o_orderkey AND l_quantity = 27.24 AND c_mktsegment = 'HOUSEHOLD';",1,0,random
1.0,1.0,1.0,1.0,1.0,0.0,0.0,0.0,0.0,0.0,0.0,0.0,0.0,0.0,0.0,0.0,0.0,0.0,0.0,0.0,"SELECT * FROM orders, customer, lineitem WHERE orders.o_custkey = customer.c_custkey AND lineitem.l_orderkey = orders.o_orderkey;",6001226,6001215,random
1.0,1.0,0.0,1.0,0.0,0.0,0.0,0.0,0.0,0.0,0.0,1.0,0.4557845305459592,0.6014654135956814,0.0,0.0,0.0,0.0,0.0,0.0,"SELECT * FROM orders, customer WHERE orders.o_custkey = customer.c_custkey AND o_totalprice BETWEEN 253557.17 AND 334326.65;",177823,179643,random
0.0,0.0,1.0,0.0,0.0,0.0,0.0,0.0,0.0,0.0,0.0,0.0,0.0,0.0,1.0,0.996848604417881,0.996848604417881,1.0,0.9903351020767891,0.9903351020767891,SELECT * FROM lineitem WHERE l_discount = 0.10 AND l_quantity = 49.85;,1,0,random
1.0,1.0,1.0,1.0,1.0,0.0,0.0,0.0,0.0,0.0,0.0,0.0,0.0,0.0,0.0,0.0,0.0,1.0,0.21061308358155073,0.732658095293312,"SELECT * FROM orders, lineitem, customer WHERE orders.o_custkey = customer.c_custkey AND lineitem.l_orderkey = orders.o_orderkey AND l_discount BETWEEN 0.02 AND 0.07;",3270668,3274568,random
1.0,1.0,1.0,1.0,1.0,0.0,0.0,0.0,0.0,0.0,0.0,0.0,0.0,0.0,0.0,0.0,0.0,0.0,0.0,0.0,"SELECT * FROM lineitem, orders, customer WHERE orders.o_custkey = customer.c_custkey AND lineitem.l_orderkey = orders.o_orderkey;",6001226,6001215,random
1.0,1.0,0.0,1.0,0.0,1.0,0.6666666666666666,0.6666666666666666,1.0,0.5276507276505082,0.5276507276505082,0.0,0.0,0.0,0.0,0.0,0.0,0.0,0.0,0.0,"SELECT * FROM orders, customer WHERE orders.o_custkey = customer.c_custkey AND c_mktsegment = 'HOUSEHOLD' AND o_orderdate = DATE '1995-06-23';",123,145,random
0.0,1.0,1.0,0.0,1.0,0.0,0.0,0.0,0.0,0.0,0.0,1.0,0.5803836797614045,0.8050717864492766,1.0,0.4575325001283045,0.7095875315526898,0.0,0.0,0.0,"SELECT * FROM lineitem, orders WHERE lineitem.l_orderkey = orders.o_orderkey AND o_totalprice BETWEEN 322638.35 AND 447211.61 AND l_quantity BETWEEN 23.42 AND 35.77;",41686,81646,random
1.0,0.0,0.0,0.0,0.0,1.0,0.6666666666666666,0.6666666666666666,0.0,0.0,0.0,0.0,0.0,0.0,0.0,0.0,0.0,0.0,0.0,0.0,SELECT * FROM customer WHERE c_mktsegment = 'HOUSEHOLD';,29710,30189,random
1.0,1.0,0.0,1.0,0.0,0.0,0.0,0.0,0.0,0.0,0.0,0.0,0.0,0.0,0.0,0.0,0.0,0.0,0.0,0.0,"SELECT * FROM customer, orders WHERE orders.o_custkey = customer.c_custkey;",1500000,1500000,random
0.0,1.0,1.0,0.0,1.0,0.0,0.0,0.0,1.0,0.09563409563405587,0.9738045738041688,0.0,0.0,0.0,0.0,0.0,0.0,0.0,0.0,0.0,"SELECT * FROM lineitem, orders WHERE lineitem.l_orderkey = orders.o_orderkey AND o_orderdate BETWEEN DATE '1992-08-18' AND DATE '1998-05-31';",5263507,5273243,random
1.0,0.0,0.0,0.0,0.0,0.0,0.0,0.0,0.0,0.0,0.0,0.0,0.0,0.0,0.0,0.0,0.0,0.0,0.0,0.0,SELECT * FROM customer;,150000,150000,random
1.0,1.0,1.0,1.0,1.0,0.0,0.0,0.0,0.0,0.0,0.0,0.0,0.0,0.0,0.0,0.0,0.0,0.0,0.0,0.0,"SELECT * FROM lineitem, orders, customer WHERE orders.o_custkey = customer.c_custkey AND lineitem.l_orderkey = orders.o_orderkey;",6001226,6001215,random
1.0,1.0,0.0,1.0,0.0,1.0,0.16666666666666666,0.16666666666666666,1.0,0.6706860706857918,0.9908523908519788,1.0,0.6503109364368077,0.8648957894608,0.0,0.0,0.0,0.0,0.0,0.0,"SELECT * FROM orders, customer WHERE orders.o_custkey = customer.c_custkey AND o_orderdate BETWEEN DATE '1996-06-01' AND DATE '1998-07-11' AND c_mktsegment = 'AUTOMOBILE' AND o_totalprice BETWEEN 361407.94 AND 480379.68;",951,1015,random
0.0,1.0,1.0,0.0,1.0,0.0,0.0,0.0,0.0,0.0,0.0,0.0,0.0,0.0,0.0,0.0,0.0,0.0,0.0,0.0,"SELECT * FROM lineitem, orders WHERE lineitem.l_orderkey = orders.o_orderkey;",6001226,6001215,random
0.0,1.0,0.0,0.0,0.0,0.0,0.0,0.0,0.0,0.0,0.0,0.0,0.0,0.0,0.0,0.0,0.0,0.0,0.0,0.0,SELECT * FROM orders;,1500000,1500000,random
1.0,1.0,1.0,1.0,1.0,0.0,0.0,0.0,0.0,0.0,0.0,1.0,0.7137681462532307,0.7137681462532307,1.0,0.4053305149954384,0.5375110669688696,1.0,0.12523643621319344,0.12523643621319344,"SELECT * FROM lineitem, orders, customer WHERE orders.o_custkey = customer.c_custkey AND lineitem.l_orderkey = orders.o_orderkey AND l_discount = 0.01 AND o_totalprice = 396590.36 AND l_quantity BETWEEN 20.86 AND 27.34;",1,0,random
1.0,1.0,1.0,1.0,1.0,0.0,0.0,0.0,1.0,0.004989604989602915,0.6948024948022059,0.0,0.0,0.0,0.0,0.0,0.0,0.0,0.0,0.0,"SELECT * FROM orders, customer, lineitem WHERE orders.o_custkey = customer.c_custkey AND lineitem.l_orderkey = orders.o_orderkey AND o_orderdate BETWEEN DATE '1992-01-13' AND DATE '1996-07-29';",4121546,4135878,random
0.0,1.0,1.0,0.0,1.0,0.0,0.0,0.0,0.0,0.0,0.0,1.0,0.25676048436351145,0.25676048436351145,0.0,0.0,0.0,0.0,0.0,0.0,"SELECT * FROM orders, lineitem WHERE lineitem.l_orderkey = orders.o_orderkey AND o_totalprice = 143212.77;",4,0,random
1.0,1.0,1.0,1.0,1.0,0.0,0.0,0.0,0.0,0.0,0.0,0.0,0.0,0.0,0.0,0.0,0.0,1.0,0.9462146064326676,0.9462146064326676,"SELECT * FROM customer, orders, lineitem WHERE orders.o_custkey = customer.c_custkey AND lineitem.l_orderkey = orders.o_orderkey AND l_discount = 0.09;",548712,545309,random
1.0,1.0,0.0,1.0,0.0,0.0,0.0,0.0,1.0,0.09896049896045782,0.20956340956332242,1.0,0.35211712573596865,0.9860195219278105,0.0,0.0,0.0,0.0,0.0,0.0,"SELECT * FROM orders, customer WHERE orders.o_custkey = customer.c_custkey AND o_totalprice BETWEEN 196081.11 AND 547534.00 AND o_orderdate BETWEEN DATE '1992-08-26' AND DATE '1993-05-19';",52428,51961,random
1.0,1.0,1.0,1.0,1.0,0.0,0.0,0.0,0.0,0.0,0.0,0.0,0.0,0.0,0.0,0.0,0.0,1.0,0.2773957159830472,0.7291043970266385,"SELECT * FROM customer, orders, lineitem WHERE orders.o_custkey = customer.c_custkey AND lineitem.l_orderkey = orders.o_orderkey AND l_discount BETWEEN 0.03 AND 0.07;",2732358,2728395,random
0.0,1.0,1.0,0.0,1.0,0.0,0.0,0.0,1.0,0.14303534303528356,0.20374220374211902,1.0,0.2693996876132428,0.6331198416412083,0.0,0.0,0.0,1.0,0.6765256637135593,0.9447404741210506,"SELECT * FROM lineitem, orders WHERE lineitem.l_orderkey = orders.o_orderkey AND l_discount BETWEEN 0.07 AND 0.09 AND o_orderdate BETWEEN DATE '1992-12-10' AND DATE '1993-05-05' AND o_totalprice BETWEEN 150220.29 AND 351876.73;",46339,64117,random
1.0,1.0,1.0,1.0,1.0,1.0,0.16666666666666666,0.16666666666666666,0.0,0.0,0.0,1.0,0.24749768583122284,0.2701252335654284,0.0,0.0,0.0,1.0,0.40678126007308646,0.6839792402859582,"SELECT * FROM lineitem, orders, customer WHERE orders.o_custkey = customer.c_custkey AND lineitem.l_orderkey = orders.o_orderkey AND c_mktsegment = 'AUTOMOBILE' AND o_totalprice BETWEEN 138077.22 AND 150622.55 AND l_discount BETWEEN 0.04 AND 0.07;",20640,20895,random
1.0,1.0,0.0,1.0,0.0,1.0,0.3333333333333333,0.3333333333333333,0.0,0.0,0.0,0.0,0.0,0.0,0.0,0.0,0.0,0.0,0.0,0.0,"SELECT * FROM customer, orders WHERE orders.o_custkey = customer.c_custkey AND c_mktsegment = 'BUILDING';",296650,303959,random
1.0,1.0,0.0,1.0,0.0,0.0,0.0,0.0,0.0,0.0,0.0,0.0,0.0,0.0,0.0,0.0,0.0,0.0,0.0,0.0,"SELECT * FROM customer, orders WHERE orders.o_custkey = customer.c_custkey;",1500000,1500000,random
1.0,1.0,1.0,1.0,1.0,0.0,0.0,0.0,1.0,0.9463617463613528,0.9463617463613528,1.0,0.6074669443001299,0.8965702432987321,0.0,0.0,0.0,0.0,0.0,0.0,"SELECT * FROM customer, orders, lineitem WHERE orders.o_custkey = customer.c_custkey AND lineitem.l_orderkey = orders.o_orderkey AND o_totalprice BETWEEN 337654.06 AND 497940.86 AND o_orderdate = DATE '1998-03-26';",56,121,random
1.0,1.0,0.0,1.0,0.0,1.0,0.3333333333333333,0.3333333333333333,0.0,0.0,0.0,1.0,0.5135654189677724,0.5135654189677724,0.0,0.0,0.0,0.0,0.0,0.0,"SELECT * FROM orders, customer WHERE orders.o_custkey = customer.c_custkey AND o_totalprice = 285592.48 AND c_mktsegment = 'BUILDING';",1,0,random
1.0,1.0,1.0,1.0,1.0,0.0,0.0,0.0,1.0,0.18295218295210688,0.985862785862376,0.0,0.0,0.0,1.0,0.8813877099856564,0.9416770094326692,1.0,0.27582297163019326,0.5022292406316025,"SELECT * FROM customer, orders, lineitem WHERE orders.o_custkey = customer.c_custkey AND lineitem.l_orderkey = orders.o_orderkey AND o_orderdate BETWEEN DATE '1993-03-16' AND DATE '1998-06-29' AND l_discount BETWEEN 0.03 AND 0.05 AND l_quantity BETWEEN 44.19 AND 47.14;",77012,78683,random
1.0,1.0,1.0,1.0,1.0,0.0,0.0,0.0,0.0,0.0,0.0,0.0,0.0,0.0,0.0,0.0,0.0,0.0,0.0,0.0,"SELECT * FROM orders, lineitem, customer WHERE orders.o_custkey = customer.c_custkey AND lineitem.l_orderkey = orders.o_orderkey;",6001226,6001215,random
1.0,1.0,1.0,1.0,1.0,0.0,0.0,0.0,0.0,0.0,0.0,0.0,0.0,0.0,0.0,0.0,0.0,0.0,0.0,0.0,"SELECT * FROM customer, orders, lineitem WHERE orders.o_custkey = customer.c_custkey AND lineitem.l_orderkey = orders.o_orderkey;",6001226,6001215,random
1.0,1.0,1.0,1.0,1.0,0.0,0.0,0.0,0.0,0.0,0.0,1.0,0.7141600729896033,0.7459172607011353,0.0,0.0,0.0,0.0,0.0,0.0,"SELECT * FROM orders, lineitem, customer WHERE orders.o_custkey = customer.c_custkey AND lineitem.l_orderkey = orders.o_orderkey AND o_totalprice BETWEEN 396807.66 AND 414414.71;",8206,14694,random
1.0,1.0,1.0,1.0,1.0,0.0,0.0,0.0,0.0,0.0,0.0,0.0,0.0,0.0,1.0,0.5235164158222424,0.8819305655456685,0.0,0.0,0.0,"SELECT * FROM lineitem, orders, customer WHERE orders.o_custkey = customer.c_custkey AND lineitem.l_orderkey = orders.o_orderkey AND l_quantity BETWEEN 26.65 AND 44.21;",2170243,2162557,random
1.0,1.0,0.0,1.0,0.0,0.0,0.0,0.0,0.0,0.0,0.0,0.0,0.0,0.0,0.0,0.0,0.0,0.0,0.0,0.0,"SELECT * FROM customer, orders WHERE orders.o_custkey = customer.c_custkey;",1500000,1500000,random
0.0,1.0,1.0,0.0,1.0,0.0,0.0,0.0,0.0,0.0,0.0,0.0,0.0,0.0,0.0,0.0,0.0,1.0,0.8507770420947692,0.8578061533461323,"SELECT * FROM orders, lineitem WHERE lineitem.l_orderkey = orders.o_orderkey AND l_discount BETWEEN 0.09 AND 0.09;",548712,545309,random
1.0,1.0,0.0,1.0,0.0,0.0,0.0,0.0,0.0,0.0,0.0,0.0,0.0,0.0,0.0,0.0,0.0,0.0,0.0,0.0,"SELECT * FROM orders, customer WHERE orders.o_custkey = customer.c_custkey;",1500000,1500000,random
1.0,1.0,1.0,1.0,1.0,0.0,0.0,0.0,0.0,0.0,0.0,0.0,0.0,0.0,0.0,0.0,0.0,0.0,0.0,0.0,"SELECT * FROM lineitem, orders, customer WHERE orders.o_custkey = customer.c_custkey AND lineitem.l_orderkey = orders.o_orderkey;",6001226,6001215,random
0.0,1.0,1.0,0.0,1.0,0.0,0.0,0.0,0.0,0.0,0.0,0.0,0.0,0.0,0.0,0.0,0.0,0.0,0.0,0.0,"SELECT * FROM lineitem, orders WHERE lineitem.l_orderkey = orders.o_orderkey;",6001226,6001215,random
0.0,0.0,1.0,0.0,0.0,0.0,0.0,0.0,0.0,0.0,0.0,0.0,0.0,0.0,1.0,0.08474377936768857,0.5143185995303181,1.0,0.10133777778439629,0.10133777778439629,SELECT * FROM lineitem WHERE l_discount = 0.01 AND l_quantity BETWEEN 5.15 AND 26.20;,232520,228901,random
1.0,0.0,0.0,0.0,0.0,1.0,0.16666666666666666,0.16666666666666666,0.0,0.0,0.0,0.0,0.0,0.0,0.0,0.0,0.0,0.0,0.0,0.0,SELECT * FROM customer WHERE c_mktsegment = 'AUTOMOBILE';,30000,29752,random
0.0,0.0,1.0,0.0,0.0,0.0,0.0,0.0,0.0,0.0,0.0,0.0,0.0,0.0,1.0,0.3644956978212525,0.37430946751132366,0.0,0.0,0.0,SELECT * FROM lineitem WHERE l_quantity BETWEEN 18.86 AND 19.34;,108422,120363,random
1.0,1.0,1.0,1.0,1.0,0.0,0.0,0.0,1.0,0.0054054054054031575,0.8835758835755162,1.0,0.11066564313744776,0.2848997640628832,0.0,0.0,0.0,0.0,0.0,0.0,"SELECT * FROM lineitem, orders, customer WHERE orders.o_custkey = customer.c_custkey AND lineitem.l_orderkey = orders.o_orderkey AND o_orderdate BETWEEN DATE '1992-01-14' AND DATE '1997-10-26' AND o_totalprice BETWEEN 62213.78 AND 158813.96;",1931939,1564581,random
0.0,1.0,0.0,0.0,0.0,0.0,0.0,0.0,0.0,0.0,0.0,0.0,0.0,0.0,0.0,0.0,0.0,0.0,0.0,0.0,SELECT * FROM orders;,1500000,1500000,random
1.0,0.0,0.0,0.0,0.0,1.0,0.5,0.5,0.0,0.0,0.0,0.0,0.0,0.0,0.0,0.0,0.0,0.0,0.0,0.0,SELECT * FROM customer WHERE c_mktsegment = 'FURNITURE';,30175,29968,random
0.0,1.0,0.0,0.0,0.0,0.0,0.0,0.0,1.0,0.7642411642408464,0.7642411642408464,0.0,0.0,0.0,0.0,0.0,0.0,0.0,0.0,0.0,SELECT * FROM orders WHERE o_orderdate = DATE '1997-01-12';,622,589,random
1.0,1.0,1.0,1.0,1.0,0.0,0.0,0.0,1.0,0.013721413721408017,0.013721413721408017,0.0,0.0,0.0,0.0,0.0,0.0,0.0,0.0,0.0,"SELECT * FROM lineitem, orders, customer WHERE orders.o_custkey = customer.c_custkey AND lineitem.l_orderkey = orders.o_orderkey AND o_orderdate = DATE '1992-02-03';",2489,2527,random
1.0,1.0,1.0,1.0,1.0,0.0,0.0,0.0,0.0,0.0,0.0,1.0,0.6176131602562632,0.729248572224674,1.0,0.08261489689851995,0.08261489689851995,0.0,0.0,0.0,"SELECT * FROM customer, orders, lineitem WHERE orders.o_custkey = customer.c_custkey AND lineitem.l_orderkey = orders.o_orderkey AND l_quantity = 5.05 AND o_totalprice BETWEEN 343279.40 AND 405173.14;",1,0,random
0.0,1.0,0.0,0.0,0.0,0.0,0.0,0.0,1.0,0.7064449064446127,0.7064449064446127,1.0,0.2473543708498059,0.8206094162848496,0.0,0.0,0.0,0.0,0.0,0.0,SELECT * FROM orders WHERE o_totalprice BETWEEN 137997.76 AND 455826.10 AND o_orderdate = DATE '1996-08-26';,323,336,random
1.0,1.0,1.0,1.0,1.0,0.0,0.0,0.0,0.0,0.0,0.0,0.0,0.0,0.0,1.0,0.19217739201018158,0.27386163912451755,0.0,0.0,0.0,"SELECT * FROM lineitem, orders, customer WHERE orders.o_custkey = customer.c_custkey AND lineitem.l_orderkey = orders.o_orderkey AND l_quantity BETWEEN 10.42 AND 14.42;",477298,478642,random
1.0,0.0,0.0,0.0,0.0,1.0,0.16666666666666666,0.16666666666666666,0.0,0.0,0.0,0.0,0.0,0.0,0.0,0.0,0.0,0.0,0.0,0.0,SELECT * FROM customer WHERE c_mktsegment = 'AUTOMOBILE';,30000,29752,random
1.0,1.0,1.0,1.0,1.0,1.0,0.16666666666666666,0.16666666666666666,0.0,0.0,0.0,1.0,0.30428998999338497,0.643873155501897,1.0,0.2805559407340754,0.2805559407340754,0.0,0.0,0.0,"SELECT * FROM orders, customer, lineitem WHERE orders.o_custkey = customer.c_custkey AND lineitem.l_orderkey = orders.o_orderkey AND c_mktsegment = 'AUTOMOBILE' AND o_totalprice BETWEEN 169564.43 AND 357838.66 AND l_quantity = 14.75;",1,0,random
0.0,1.0,1.0,0.0,1.0,0.0,0.0,0.0,0.0,0.0,0.0,0.0,0.0,0.0,0.0,0.0,0.0,0.0,0.0,0.0,"SELECT * FROM orders, lineitem WHERE lineitem.l_orderkey = orders.o_orderkey;",6001226,6001215,random
0.0,0.0,1.0,0.0,0.0,0.0,0.0,0.0,0.0,0.0,0.0,0.0,0.0,0.0,1.0,0.28015935352231996,0.28015935352231996,0.0,0.0,0.0,SELECT * FROM lineitem WHERE l_quantity = 14.73;,1,0,random
1.0,1.0,1.0,1.0,1.0,0.0,0.0,0.0,0.0,0.0,0.0,0.0,0.0,0.0,0.0,0.0,0.0,0.0,0.0,0.0,"SELECT * FROM orders, lineitem, customer WHERE orders.o_custkey = customer.c_custkey AND lineitem.l_orderkey = orders.o_orderkey;",6001226,6001215,random
1.0,0.0,0.0,0.0,0.0,1.0,0.5,0.5,0.0,0.0,0.0,0.0,0.0,0.0,0.0,0.0,0.0,0.0,0.0,0.0,SELECT * FROM customer WHERE c_mktsegment = 'FURNITURE';,30175,29968,random
1.0,1.0,0.0,1.0,0.0,0.0,0.0,0.0,0.0,0.0,0.0,1.0,0.08723117327089441,0.10636551775399875,0.0,0.0,0.0,0.0,0.0,0.0,"SELECT * FROM orders, customer WHERE orders.o_custkey = customer.c_custkey AND o_totalprice BETWEEN 49221.07 AND 59829.67;",60840,62183,random
1.0,1.0,1.0,1.0,1.0,0.0,0.0,0.0,0.0,0.0,0.0,0.0,0.0,0.0,0.0,0.0,0.0,0.0,0.0,0.0,"SELECT * FROM lineitem, orders, customer WHERE orders.o_custkey = customer.c_custkey AND lineitem.l_orderkey = orders.o_orderkey;",6001226,6001215,random
0.0,0.0,1.0,0.0,0.0,0.0,0.0,0.0,0.0,0.0,0.0,0.0,0.0,0.0,1.0,0.20199911693486758,0.9896446150412951,1.0,0.04381110570601869,0.19170672566375238,SELECT * FROM lineitem WHERE l_quantity BETWEEN 10.90 AND 49.49 AND l_discount BETWEEN 0.00 AND 0.02;,1274959,1277754,random
1.0,1.0,0.0,1.0,0.0,0.0,0.0,0.0,0.0,0.0,0.0,0.0,0.0,0.0,0.0,0.0,0.0,0.0,0.0,0.0,"SELECT * FROM orders, customer WHERE orders.o_custkey = customer.c_custkey;",1500000,1500000,random
1.0,1.0,1.0,1.0,1.0,0.0,0.0,0.0,0.0,0.0,0.0,1.0,0.9558029216987975,0.9558029216987975,0.0,0.0,0.0,0.0,0.0,0.0,"SELECT * FROM customer, orders, lineitem WHERE orders.o_custkey = customer.c_custkey AND lineitem.l_orderkey = orders.o_orderkey AND o_totalprice = 530781.09;",4,0,random
0.0,0.0,1.0,0.0,0.0,0.0,0.0,0.0,0.0,0.0,0.0,0.0,0.0,0.0,1.0,0.43774494342154824,0.43774494342154824,1.0,0.5134876913007117,0.5324698474674432,SELECT * FROM lineitem WHERE l_discount BETWEEN 0.05 AND 0.05 AND l_quantity = 22.45;,1,0,random
0.0,1.0,1.0,0.0,1.0,0.0,0.0,0.0,1.0,0.16008316008309353,0.16008316008309353,0.0,0.0,0.0,0.0,0.0,0.0,0.0,0.0,0.0,"SELECT * FROM lineitem, orders WHERE lineitem.l_orderkey = orders.o_orderkey AND o_orderdate = DATE '1993-01-20';",2489,2519,random
0.0,0.0,1.0,0.0,0.0,0.0,0.0,0.0,0.0,0.0,0.0,0.0,0.0,0.0,1.0,0.2685146521882372,0.2963636868256548,1.0,0.2588346150220053,0.7205791589463371,SELECT * FROM lineitem WHERE l_discount BETWEEN 0.03 AND 0.07 AND l_quantity BETWEEN 14.16 AND 15.52;,55740,54621,random
1.0,0.0,0.0,0.0,0.0,0.0,0.0,0.0,0.0,0.0,0.0,0.0,0.0,0.0,0.0,0.0,0.0,0.0,0.0,0.0,SELECT * FROM customer;,150000,150000,random
0.0,1.0,1.0,0.0,1.0,0.0,0.0,0.0,1.0,0.11600831600826778,0.20956340956332242,0.0,0.0,0.0,1.0,0.05151997240090363,0.9800236616009745,0.0,0.0,0.0,"SELECT * FROM orders, lineitem WHERE lineitem.l_orderkey = orders.o_orderkey AND l_quantity BETWEEN 3.52 AND 49.02 AND o_orderdate BETWEEN DATE '1992-10-06' AND DATE '1993-05-19';",520780,515915,random
1.0,1.0,1.0,1.0,1.0,0.0,0.0,0.0,1.0,0.29480249480237225,0.9850311850307755,0.0,0.0,0.0,1.0,0.2559872118450964,0.27968980503059276,1.0,0.010408191457108746,0.3554831500512226,"SELECT * FROM lineitem, orders, customer WHERE orders.o_custkey = customer.c_custkey AND lineitem.l_orderkey = orders.o_orderkey AND o_orderdate BETWEEN DATE '1993-12-10' AND DATE '1998-06-27' AND l_discount BETWEEN 0.00 AND 0.04 AND l_quantity BETWEEN 13.54 AND 14.70;",39685,37619,random
0.0,0.0,1.0,0.0,0.0,0.0,0.0,0.0,0.0,0.0,0.0,0.0,0.0,0.0,1.0,0.20615900916071483,0.44218488946130746,1.0,0.2573451662408035,0.6262296348347839,SELECT * FROM lineitem WHERE l_discount BETWEEN 0.03 AND 0.06 AND l_quantity BETWEEN 11.10 AND 22.67;,481885,479898,random
1.0,1.0,0.0,1.0,0.0,0.0,0.0,0.0,0.0,0.0,0.0,1.0,0.14833418952053862,0.4339035627889625,0.0,0.0,0.0,0.0,0.0,0.0,"SELECT * FROM customer, orders WHERE orders.o_custkey = customer.c_custkey AND o_totalprice BETWEEN 83098.26 AND 241425.76;",832112,833644,random
0.0,1.0,1.0,0.0,1.0,0.0,0.0,0.0,0.0,0.0,0.0,1.0,0.18040664231452508,0.9433550590983014,0.0,0.0,0.0,0.0,0.0,0.0,"SELECT * FROM orders, lineitem WHERE lineitem.l_orderkey = orders.o_orderkey AND o_totalprice BETWEEN 100880.10 AND 523879.65;",3969459,5025257,random
0.0,1.0,1.0,0.0,1.0,0.0,0.0,0.0,0.0,0.0,0.0,0.0,0.0,0.0,0.0,0.0,0.0,0.0,0.0,0.0,"SELECT * FROM orders, lineitem WHERE lineitem.l_orderkey = orders.o_orderkey;",6001226,6001215,random
0.0,1.0,0.0,0.0,0.0,0.0,0.0,0.0,1.0,0.7264033264030244,0.8079002078998719,1.0,0.10023379865517383,0.9703854650445585,0.0,0.0,0.0,0.0,0.0,0.0,SELECT * FROM orders WHERE o_totalprice BETWEEN 56430.08 AND 538866.05 AND o_orderdate BETWEEN DATE '1996-10-13' AND DATE '1997-04-27';,101332,102529,random
1.0,1.0,1.0,1.0,1.0,0.0,0.0,0.0,1.0,0.08357588357584883,0.08357588357584883,0.0,0.0,0.0,0.0,0.0,0.0,0.0,0.0,0.0,"SELECT * FROM orders, customer, lineitem WHERE orders.o_custkey = customer.c_custkey AND lineitem.l_orderkey = orders.o_orderkey AND o_orderdate = DATE '1992-07-20';",2489,2421,random
0.0,0.0,1.0,0.0,0.0,0.0,0.0,0.0,0.0,0.0,0.0,0.0,0.0,0.0,0.0,0.0,0.0,0.0,0.0,0.0,SELECT * FROM lineitem;,6001226,6001215,random
1.0,1.0,1.0,1.0,1.0,1.0,0.5,0.5,0.0,0.0,0.0,0.0,0.0,0.0,0.0,0.0,0.0,0.0,0.0,0.0,"SELECT * FROM customer, orders, lineitem WHERE orders.o_custkey = customer.c_custkey AND lineitem.l_orderkey = orders.o_orderkey AND c_mktsegment = 'FURNITURE';",1207247,1199489,random
1.0,1.0,0.0,1.0,0.0,0.0,0.0,0.0,0.0,0.0,0.0,0.0,0.0,0.0,0.0,0.0,0.0,0.0,0.0,0.0,"SELECT * FROM customer, orders WHERE orders.o_custkey = customer.c_custkey;",1500000,1500000,random
1.0,0.0,0.0,0.0,0.0,0.0,0.0,0.0,0.0,0.0,0.0,0.0,0.0,0.0,0.0,0.0,0.0,0.0,0.0,0.0,SELECT * FROM customer;,150000,150000,random
1.0,1.0,0.0,1.0,0.0,0.0,0.0,0.0,1.0,0.42702702702684947,0.42702702702684947,0.0,0.0,0.0,0.0,0.0,0.0,0.0,0.0,0.0,"SELECT * FROM customer, orders WHERE orders.o_custkey = customer.c_custkey AND o_orderdate = DATE '1994-10-24';",622,613,random
0.0,0.0,1.0,0.0,0.0,0.0,0.0,0.0,0.0,0.0,0.0,0.0,0.0,0.0,1.0,0.6844174741422316,0.686766288297942,0.0,0.0,0.0,SELECT * FROM lineitem WHERE l_quantity BETWEEN 34.54 AND 34.65;,1,0,random
1.0,1.0,1.0,1.0,1.0,0.0,0.0,0.0,0.0,0.0,0.0,1.0,0.3337247902032054,0.3337247902032054,1.0,0.9247022264997714,0.9247022264997714,0.0,0.0,0.0,"SELECT * FROM customer, orders, lineitem WHERE orders.o_custkey = customer.c_custkey AND lineitem.l_orderkey = orders.o_orderkey AND o_totalprice = 185883.89 AND l_quantity = 46.31;",1,0,random
1.0,0.0,0.0,0.0,0.0,1.0,0.3333333333333333,0.3333333333333333,0.0,0.0,0.0,0.0,0.0,0.0,0.0,0.0,0.0,0.0,0.0,0.0,SELECT * FROM customer WHERE c_mktsegment = 'BUILDING';,29665,30142,random
0.0,1.0,1.0,0.0,1.0,0.0,0.0,0.0,0.0,0.0,0.0,1.0,0.6617317152702236,0.9328818341001922,1.0,0.10392256282872414,0.10392256282872414,0.0,0.0,0.0,"SELECT * FROM orders, lineitem WHERE lineitem.l_orderkey = orders.o_orderkey AND l_quantity = 6.09 AND o_totalprice BETWEEN 367739.94 AND 518073.01;",1,0,random
1.0,1.0,1.0,1.0,1.0,1.0,0.16666666666666666,0.16666666666666666,0.0,0.0,0.0,1.0,0.7968507393117688,0.9763392469170076,1.0,0.4274531599761133,0.4274531599761133,0.0,0.0,0.0,"SELECT * FROM lineitem, orders, customer WHERE orders.o_custkey = customer.c_custkey AND lineitem.l_orderkey = orders.o_orderkey AND o_totalprice BETWEEN 442653.63 AND 542166.99 AND c_mktsegment = 'AUTOMOBILE' AND l_quantity = 21.95;",1,0,random
1.0,1.0,1.0,1.0,1.0,1.0,0.6666666666666666,0.6666666666666666,0.0,0.0,0.0,1.0,0.4139443457256481,0.693420834637051,0.0,0.0,0.0,0.0,0.0,0.0,"SELECT * FROM customer, orders, lineitem WHERE orders.o_custkey = customer.c_custkey AND lineitem.l_orderkey = orders.o_orderkey AND c_mktsegment = 'HOUSEHOLD' AND o_totalprice BETWEEN 230359.82 AND 385309.26;",231895,375319,random
1.0,1.0,1.0,1.0,1.0,1.0,0.8333333333333334,0.8333333333333334,1.0,0.08357588357584883,0.22993762993753433,1.0,0.5269459454557024,0.7765925578288639,0.0,0.0,0.0,0.0,0.0,0.0,"SELECT * FROM orders, lineitem, customer WHERE orders.o_custkey = customer.c_custkey AND lineitem.l_orderkey = orders.o_orderkey AND c_mktsegment = 'MACHINERY' AND o_orderdate BETWEEN DATE '1992-07-20' AND DATE '1993-07-07' AND o_totalprice BETWEEN 293011.01 AND 431421.94;",11131,19936,random
1.0,1.0,1.0,1.0,1.0,0.0,0.0,0.0,1.0,0.9205821205817378,0.9575883575879595,0.0,0.0,0.0,0.0,0.0,0.0,1.0,0.349347530990632,0.349347530990632,"SELECT * FROM customer, orders, lineitem WHERE orders.o_custkey = customer.c_custkey AND lineitem.l_orderkey = orders.o_orderkey AND o_orderdate BETWEEN DATE '1998-01-23' AND DATE '1998-04-22' AND l_discount = 0.03;",20787,20548,random
1.0,1.0,1.0,1.0,1.0,0.0,0.0,0.0,0.0,0.0,0.0,0.0,0.0,0.0,0.0,0.0,0.0,1.0,0.13780131140561405,0.13780131140561405,"SELECT * FROM customer, orders, lineitem WHERE orders.o_custkey = customer.c_custkey AND lineitem.l_orderkey = orders.o_orderkey AND l_discount = 0.01;",555914,545834,random
1.0,1.0,1.0,1.0,1.0,0.0,0.0,0.0,0.0,0.0,0.0,0.0,0.0,0.0,0.0,0.0,0.0,0.0,0.0,0.0,"SELECT * FROM lineitem, orders, customer WHERE orders.o_custkey = customer.c_custkey AND lineitem.l_orderkey = orders.o_orderkey;",6001226,6001215,random
1.0,1.0,1.0,1.0,1.0,0.0,0.0,0.0,0.0,0.0,0.0,0.0,0.0,0.0,0.0,0.0,0.0,0.0,0.0,0.0,"SELECT * FROM customer, orders, lineitem WHERE orders.o_custkey = customer.c_custkey AND lineitem.l_orderkey = orders.o_orderkey;",6001226,6001215,random
1.0,1.0,0.0,1.0,0.0,1.0,0.5,0.5,1.0,0.698544698544408,0.748024948024637,1.0,0.41152248324869056,0.41152248324869056,0.0,0.0,0.0,0.0,0.0,0.0,"SELECT * FROM customer, orders WHERE orders.o_custkey = customer.c_custkey AND o_orderdate BETWEEN DATE '1996-08-07' AND DATE '1996-12-04' AND o_totalprice = 229017.07 AND c_mktsegment = 'FURNITURE';",1,0,random
0.0,1.0,1.0,0.0,1.0,0.0,0.0,0.0,0.0,0.0,0.0,0.0,0.0,0.0,0.0,0.0,0.0,0.0,0.0,0.0,"SELECT * FROM lineitem, orders WHERE lineitem.l_orderkey = orders.o_orderkey;",6001226,6001215,random
1.0,1.0,1.0,1.0,1.0,0.0,0.0,0.0,0.0,0.0,0.0,1.0,0.15680063718428877,0.9731223292047997,0.0,0.0,0.0,1.0,0.5018724324735416,0.7093528082611981,"SELECT * FROM customer, orders, lineitem WHERE orders.o_custkey = customer.c_custkey AND lineitem.l_orderkey = orders.o_orderkey AND l_discount BETWEEN 0.05 AND 0.07 AND o_totalprice BETWEEN 87792.29 AND 540383.44;",1150169,1428055,random
1.0,1.0,0.0,1.0,0.0,0.0,0.0,0.0,0.0,0.0,0.0,1.0,0.8225049655586147,0.8225049655586147,0.0,0.0,0.0,0.0,0.0,0.0,"SELECT * FROM customer, orders WHERE orders.o_custkey = customer.c_custkey AND o_totalprice = 456877.04;",1,0,random
1.0,1.0,1.0,1.0,1.0,1.0,0.3333333333333333,0.3333333333333333,1.0,0.3713097713096169,0.3713097713096169,0.0,0.0,0.0,0.0,0.0,0.0,1.0,0.1044000606066375,0.2699195574680044,"SELECT * FROM lineitem, orders, customer WHERE orders.o_custkey = customer.c_custkey AND lineitem.l_orderkey = orders.o_orderkey AND c_mktsegment = 'BUILDING' AND o_orderdate = DATE '1994-06-12' AND l_discount BETWEEN 0.01 AND 0.03;",136,155,random
0.0,1.0,1.0,0.0,1.0,0.0,0.0,0.0,0.0,0.0,0.0,0.0,0.0,0.0,0.0,0.0,0.0,0.0,0.0,0.0,"SELECT * FROM orders, lineitem WHERE lineitem.l_orderkey = orders.o_orderkey;",6001226,6001215,random
0.0,0.0,1.0,0.0,0.0,0.0,0.0,0.0,0.0,0.0,0.0,0.0,0.0,0.0,1.0,0.08503935468517398,0.2403351535537071,1.0,0.20172591781345758,0.20172591781345758,SELECT * FROM lineitem WHERE l_discount = 0.02 AND l_quantity BETWEEN 5.17 AND 12.78;,73497,76214,random
1.0,1.0,1.0,1.0,1.0,0.0,0.0,0.0,0.0,0.0,0.0,0.0,0.0,0.0,0.0,0.0,0.0,0.0,0.0,0.0,"SELECT * FROM customer, orders, lineitem WHERE orders.o_custkey = customer.c_custkey AND lineitem.l_orderkey = orders.o_orderkey;",6001226,6001215,random
1.0,1.0,1.0,1.0,1.0,1.0,0.16666666666666666,0.16666666666666666,0.0,0.0,0.0,0.0,0.0,0.0,0.0,0.0,0.0,0.0,0.0,0.0,"SELECT * FROM orders, customer, lineitem WHERE orders.o_custkey = customer.c_custkey AND lineitem.l_orderkey = orders.o_orderkey AND c_mktsegment = 'AUTOMOBILE';",1200245,1189837,random
0.0,1.0,1.0,0.0,1.0,0.0,0.0,0.0,1.0,0.09313929313925441,0.7180873180870195,0.0,0.0,0.0,1.0,0.29011938095411893,0.8520270961156076,1.0,0.46310621840642546,0.46310621840642546,"SELECT * FROM lineitem, orders WHERE lineitem.l_orderkey = orders.o_orderkey AND l_quantity BETWEEN 15.22 AND 42.75 AND l_discount = 0.05 AND o_orderdate BETWEEN DATE '1992-08-12' AND DATE '1996-09-23';",177534,185602,random
1.0,1.0,1.0,1.0,1.0,1.0,0.6666666666666666,0.6666666666666666,0.0,0.0,0.0,0.0,0.0,0.0,1.0,0.6234707672465204,0.6234707672465204,0.0,0.0,0.0,"SELECT * FROM lineitem, orders, customer WHERE orders.o_custkey = customer.c_custkey AND lineitem.l_orderkey = orders.o_orderkey AND l_quantity = 31.55 AND c_mktsegment = 'HOUSEHOLD';",1,0,random
0.0,0.0,1.0,0.0,0.0,0.0,0.0,0.0,0.0,0.0,0.0,0.0,0.0,0.0,1.0,0.610387232938447,0.610387232938447,0.0,0.0,0.0,SELECT * FROM lineitem WHERE l_quantity = 30.91;,1,0,random
1.0,0.0,0.0,0.0,0.0,1.0,0.16666666666666666,0.16666666666666666,0.0,0.0,0.0,0.0,0.0,0.0,0.0,0.0,0.0,0.0,0.0,0.0,SELECT * FROM customer WHERE c_mktsegment = 'AUTOMOBILE';,30000,29752,random
1.0,1.0,1.0,1.0,1.0,0.0,0.0,0.0,0.0,0.0,0.0,0.0,0.0,0.0,0.0,0.0,0.0,1.0,0.16147248336253414,0.2801173195283452,"SELECT * FROM customer, orders, lineitem WHERE orders.o_custkey = customer.c_custkey AND lineitem.l_orderkey = orders.o_orderkey AND l_discount BETWEEN 0.02 AND 0.03;",1099625,1091466,random
1.0,1.0,0.0,1.0,0.0,0.0,0.0,0.0,1.0,0.9239085239081397,0.939708939708549,1.0,0.7631463697303658,0.9784837607743297,0.0,0.0,0.0,0.0,0.0,0.0,"SELECT * FROM customer, orders WHERE orders.o_custkey = customer.c_custkey AND o_totalprice BETWEEN 423967.01 AND 543355.97 AND o_orderdate BETWEEN DATE '1998-01-31' AND DATE '1998-03-10';",129,18,random
1.0,1.0,1.0,1.0,1.0,1.0,0.5,0.5,1.0,0.6823284823281986,0.6823284823281986,0.0,0.0,0.0,0.0,0.0,0.0,1.0,0.8448356352054529,0.8448356352054529,"SELECT * FROM orders, lineitem, customer WHERE orders.o_custkey = customer.c_custkey AND lineitem.l_orderkey = orders.o_orderkey AND l_discount = 0.08 AND c_mktsegment = 'FURNITURE' AND o_orderdate = DATE '1996-06-29';",47,50,random
0.0,1.0,1.0,0.0,1.0,0.0,0.0,0.0,0.0,0.0,0.0,0.0,0.0,0.0,0.0,0.0,0.0,0.0,0.0,0.0,"SELECT * FROM orders, lineitem WHERE lineitem.l_orderkey = orders.o_orderkey;",6001226,6001215,random
1.0,0.0,0.0,0.0,0.0,1.0,0.6666666666666666,0.6666666666666666,0.0,0.0,0.0,0.0,0.0,0.0,0.0,0.0,0.0,0.0,0.0,0.0,SELECT * FROM customer WHERE c_mktsegment = 'HOUSEHOLD';,29710,30189,random
0.0,1.0,0.0,0.0,0.0,0.0,0.0,0.0,0.0,0.0,0.0,1.0,0.4622785722401026,0.4622785722401026,0.0,0.0,0.0,0.0,0.0,0.0,SELECT * FROM orders WHERE o_totalprice = 257157.64;,1,0,random
0.0,1.0,0.0,0.0,0.0,0.0,0.0,0.0,1.0,0.18045738045730542,0.18045738045730542,1.0,0.9595481449551173,0.9595481449551173,0.0,0.0,0.0,0.0,0.0,0.0,SELECT * FROM orders WHERE o_orderdate = DATE '1993-03-10' AND o_totalprice = 532857.54;,1,0,random
0.0,1.0,1.0,0.0,1.0,0.0,0.0,0.0,1.0,0.7413721413718332,0.7413721413718332,0.0,0.0,0.0,1.0,0.6043694204437701,0.6043694204437701,0.0,0.0,0.0,"SELECT * FROM orders, lineitem WHERE lineitem.l_orderkey = orders.o_orderkey AND l_quantity = 30.61 AND o_orderdate = DATE '1996-11-18';",1,0,random
0.0,1.0,0.0,0.0,0.0,0.0,0.0,0.0,0.0,0.0,0.0,1.0,0.1455138000862028,0.2134701409949851,0.0,0.0,0.0,0.0,0.0,0.0,SELECT * FROM orders WHERE o_totalprice BETWEEN 81534.56 AND 119211.42;,212009,212103,random
1.0,1.0,1.0,1.0,1.0,0.0,0.0,0.0,0.0,0.0,0.0,0.0,0.0,0.0,0.0,0.0,0.0,0.0,0.0,0.0,"SELECT * FROM lineitem, orders, customer WHERE orders.o_custkey = customer.c_custkey AND lineitem.l_orderkey = orders.o_orderkey;",6001226,6001215,random
1.0,0.0,0.0,0.0,0.0,1.0,0.5,0.5,0.0,0.0,0.0,0.0,0.0,0.0,0.0,0.0,0.0,0.0,0.0,0.0,SELECT * FROM customer WHERE c_mktsegment = 'FURNITURE';,30175,29968,random
1.0,1.0,0.0,1.0,0.0,0.0,0.0,0.0,1.0,0.2981288981287742,0.7118503118500159,1.0,0.5247779430009779,0.6696443996807427,0.0,0.0,0.0,0.0,0.0,0.0,"SELECT * FROM customer, orders WHERE orders.o_custkey = customer.c_custkey AND o_orderdate BETWEEN DATE '1993-12-18' AND DATE '1996-09-08' AND o_totalprice BETWEEN 291809.01 AND 372126.95;",36969,38398,random
1.0,1.0,0.0,1.0,0.0,1.0,0.3333333333333333,0.3333333333333333,0.0,0.0,0.0,1.0,0.9419416443936589,0.9419416443936589,0.0,0.0,0.0,0.0,0.0,0.0,"SELECT * FROM customer, orders WHERE orders.o_custkey = customer.c_custkey AND c_mktsegment = 'BUILDING' AND o_totalprice = 523096.01;",1,0,random
0.0,1.0,1.0,0.0,1.0,0.0,0.0,0.0,0.0,0.0,0.0,0.0,0.0,0.0,0.0,0.0,0.0,0.0,0.0,0.0,"SELECT * FROM lineitem, orders WHERE lineitem.l_orderkey = orders.o_orderkey;",6001226,6001215,random
1.0,1.0,1.0,1.0,1.0,0.0,0.0,0.0,0.0,0.0,0.0,0.0,0.0,0.0,0.0,0.0,0.0,0.0,0.0,0.0,"SELECT * FROM lineitem, orders, customer WHERE orders.o_custkey = customer.c_custkey AND lineitem.l_orderkey = orders.o_orderkey;",6001226,6001215,random
0.0,1.0,0.0,0.0,0.0,0.0,0.0,0.0,1.0,0.003326403326401943,0.5205821205819041,1.0,0.11360687607539278,0.9699761247183759,0.0,0.0,0.0,0.0,0.0,0.0,SELECT * FROM orders WHERE o_totalprice BETWEEN 63844.48 AND 538639.10 AND o_orderdate BETWEEN DATE '1992-01-09' AND DATE '1995-06-06';,620512,623675,random
1.0,1.0,0.0,1.0,0.0,0.0,0.0,0.0,0.0,0.0,0.0,0.0,0.0,0.0,0.0,0.0,0.0,0.0,0.0,0.0,"SELECT * FROM customer, orders WHERE orders.o_custkey = customer.c_custkey;",1500000,1500000,random
1.0,0.0,0.0,0.0,0.0,1.0,0.8333333333333334,0.8333333333333334,0.0,0.0,0.0,0.0,0.0,0.0,0.0,0.0,0.0,0.0,0.0,0.0,SELECT * FROM customer WHERE c_mktsegment = 'MACHINERY';,30450,29949,random
1.0,1.0,1.0,1.0,1.0,0.0,0.0,0.0,0.0,0.0,0.0,0.0,0.0,0.0,1.0,0.016191268726439136,0.8966549136080546,1.0,0.6993171390930047,0.8677581396703428,"SELECT * FROM lineitem, orders, customer WHERE orders.o_custkey = customer.c_custkey AND lineitem.l_orderkey = orders.o_orderkey AND l_quantity BETWEEN 1.79 AND 44.94 AND l_discount BETWEEN 0.07 AND 0.09;",1418057,1407060,random
1.0,1.0,1.0,1.0,1.0,1.0,0.16666666666666666,0.16666666666666666,1.0,0.3729729729728179,0.4586278586276679,0.0,0.0,0.0,0.0,0.0,0.0,0.0,0.0,0.0,"SELECT * FROM orders, customer, lineitem WHERE orders.o_custkey = customer.c_custkey AND lineitem.l_orderkey = orders.o_orderkey AND c_mktsegment = 'AUTOMOBILE' AND o_orderdate BETWEEN DATE '1994-06-16' AND DATE '1995-01-08';",100825,102908,random
1.0,1.0,0.0,1.0,0.0,1.0,0.5,0.5,1.0,0.08773388773385125,0.08773388773385125,1.0,0.905882767267503,0.9379015335823249,0.0,0.0,0.0,0.0,0.0,0.0,"SELECT * FROM customer, orders WHERE orders.o_custkey = customer.c_custkey AND c_mktsegment = 'FURNITURE' AND o_totalprice BETWEEN 503103.98 AND 520856.07 AND o_orderdate = DATE '1992-07-30';",1,0,random
1.0,1.0,1.0,1.0,1.0,0.0,0.0,0.0,1.0,0.6673596673593899,0.8058212058208708,1.0,0.114501105215849,0.8563426320968122,0.0,0.0,0.0,1.0,0.21187112434588934,0.7768802449995195,"SELECT * FROM customer, orders, lineitem WHERE orders.o_custkey = customer.c_custkey AND lineitem.l_orderkey = orders.o_orderkey AND o_orderdate BETWEEN DATE '1996-05-24' AND DATE '1997-04-22' AND l_discount BETWEEN 0.02 AND 0.08 AND o_totalprice BETWEEN 64340.27 AND 475637.57;",429870,492506,random
1.0,1.0,1.0,1.0,1.0,0.0,0.0,0.0,0.0,0.0,0.0,1.0,0.6586818416751838,0.6586818416751838,0.0,0.0,0.0,1.0,0.9026730551093142,0.9026730551093142,"SELECT * FROM orders, customer, lineitem WHERE orders.o_custkey = customer.c_custkey AND lineitem.l_orderkey = orders.o_orderkey AND o_totalprice = 366049.00 AND l_discount = 0.09;",1,0,random
1.0,1.0,1.0,1.0,1.0,0.0,0.0,0.0,1.0,0.5189189189187031,0.8407484407480912,0.0,0.0,0.0,0.0,0.0,0.0,0.0,0.0,0.0,"SELECT * FROM lineitem, orders, customer WHERE orders.o_custkey = customer.c_custkey AND lineitem.l_orderkey = orders.o_orderkey AND o_orderdate BETWEEN DATE '1995-06-02' AND DATE '1997-07-15';",1946998,1937996,random
1.0,1.0,1.0,1.0,1.0,0.0,0.0,0.0,0.0,0.0,0.0,1.0,0.05158099384107907,0.393317742858453,0.0,0.0,0.0,0.0,0.0,0.0,"SELECT * FROM orders, customer, lineitem WHERE orders.o_custkey = customer.c_custkey AND lineitem.l_orderkey = orders.o_orderkey AND o_totalprice BETWEEN 29455.63 AND 218923.86;",4140122,3652302,random
1.0,1.0,1.0,1.0,1.0,1.0,0.3333333333333333,0.3333333333333333,0.0,0.0,0.0,1.0,0.710024862000136,0.710024862000136,0.0,0.0,0.0,1.0,0.6314410621630244,0.7842812861455056,"SELECT * FROM orders, lineitem, customer WHERE orders.o_custkey = customer.c_custkey AND lineitem.l_orderkey = orders.o_orderkey AND o_totalprice = 394514.98 AND c_mktsegment = 'BUILDING' AND l_discount BETWEEN 0.06 AND 0.08;",1,0,random
1.0,1.0,1.0,1.0,1.0,0.0,0.0,0.0,0.0,0.0,0.0,0.0,0.0,0.0,0.0,0.0,0.0,0.0,0.0,0.0,"SELECT * FROM lineitem, orders, customer WHERE orders.o_custkey = customer.c_custkey AND lineitem.l_orderkey = orders.o_orderkey;",6001226,6001215,random
0.0,1.0,1.0,0.0,1.0,0.0,0.0,0.0,0.0,0.0,0.0,1.0,0.7341691637825059,0.7341691637825059,1.0,0.6525227196225666,0.6525227196225666,1.0,0.6344631446893495,0.7775897407118832,"SELECT * FROM lineitem, orders WHERE lineitem.l_orderkey = orders.o_orderkey AND o_totalprice = 407901.25 AND l_discount BETWEEN 0.06 AND 0.08 AND l_quantity = 32.97;",1,0,random
1.0,0.0,0.0,0.0,0.0,1.0,0.6666666666666666,0.6666666666666666,0.0,0.0,0.0,0.0,0.0,0.0,0.0,0.0,0.0,0.0,0.0,0.0,SELECT * FROM customer WHERE c_mktsegment = 'HOUSEHOLD';,29710,30189,random
1.0,1.0,1.0,1.0,1.0,0.0,0.0,0.0,0.0,0.0,0.0,0.0,0.0,0.0,0.0,0.0,0.0,0.0,0.0,0.0,"SELECT * FROM lineitem, orders, customer WHERE orders.o_custkey = customer.c_custkey AND lineitem.l_orderkey = orders.o_orderkey;",6001226,6001215,random
0.0,0.0,1.0,0.0,0.0,0.0,0.0,0.0,0.0,0.0,0.0,0.0,0.0,0.0,0.0,0.0,0.0,0.0,0.0,0.0,SELECT * FROM lineitem;,6001226,6001215,random
0.0,1.0,0.0,0.0,0.0,0.0,0.0,0.0,0.0,0.0,0.0,0.0,0.0,0.0,0.0,0.0,0.0,0.0,0.0,0.0,SELECT * FROM orders;,1500000,1500000,random
0.0,1.0,0.0,0.0,0.0,0.0,0.0,0.0,1.0,0.48648648648628423,0.6253638253635654,1.0,0.7954414563026784,0.7954414563026784,0.0,0.0,0.0,0.0,0.0,0.0,SELECT * FROM orders WHERE o_totalprice = 441872.29 AND o_orderdate BETWEEN DATE '1995-03-16' AND DATE '1996-02-13';,1,0,random
0.0,1.0,0.0,0.0,0.0,0.0,0.0,0.0,1.0,0.160914760914694,0.4507276507274633,1.0,0.9036381705006722,0.9036381705006722,0.0,0.0,0.0,0.0,0.0,0.0,SELECT * FROM orders WHERE o_orderdate BETWEEN DATE '1993-01-22' AND DATE '1994-12-20' AND o_totalprice = 501859.52;,1,0,random
1.0,1.0,1.0,1.0,1.0,0.0,0.0,0.0,0.0,0.0,0.0,0.0,0.0,0.0,1.0,0.12159361088657523,0.25450102184628,0.0,0.0,0.0,"SELECT * FROM lineitem, orders, customer WHERE orders.o_custkey = customer.c_custkey AND lineitem.l_orderkey = orders.o_orderkey AND l_quantity BETWEEN 6.96 AND 13.47;",823368,839692,random
1.0,1.0,1.0,1.0,1.0,0.0,0.0,0.0,0.0,0.0,0.0,0.0,0.0,0.0,0.0,0.0,0.0,0.0,0.0,0.0,"SELECT * FROM lineitem, orders, customer WHERE orders.o_custkey = customer.c_custkey AND lineitem.l_orderkey = orders.o_orderkey;",6001226,6001215,random
1.0,1.0,0.0,1.0,0.0,1.0,0.16666666666666666,0.16666666666666666,1.0,0.19916839916831636,0.19916839916831636,0.0,0.0,0.0,0.0,0.0,0.0,0.0,0.0,0.0,"SELECT * FROM customer, orders WHERE orders.o_custkey = customer.c_custkey AND o_orderdate = DATE '1993-04-24' AND c_mktsegment = 'AUTOMOBILE';",124,132,random
0.0,1.0,1.0,0.0,1.0,0.0,0.0,0.0,1.0,0.1929313929313127,0.39958419958403346,1.0,0.6870574567171603,0.6870574567171603,1.0,0.2810827639781041,0.3928259246186807,0.0,0.0,0.0,"SELECT * FROM lineitem, orders WHERE lineitem.l_orderkey = orders.o_orderkey AND o_orderdate BETWEEN DATE '1993-04-09' AND DATE '1994-08-19' AND o_totalprice = 381781.22 AND l_quantity BETWEEN 14.77 AND 20.25;",1,0,random
1.0,1.0,1.0,1.0,1.0,1.0,0.8333333333333334,0.8333333333333334,0.0,0.0,0.0,1.0,0.6229109623101274,0.8158921995665764,0.0,0.0,0.0,1.0,0.42931297140945984,0.5671420290448542,"SELECT * FROM lineitem, orders, customer WHERE orders.o_custkey = customer.c_custkey AND lineitem.l_orderkey = orders.o_orderkey AND c_mktsegment = 'MACHINERY' AND o_totalprice BETWEEN 346216.65 AND 453210.74 AND l_discount BETWEEN 0.04 AND 0.06;",4823,9065,random
0.0,1.0,1.0,0.0,1.0,0.0,0.0,0.0,0.0,0.0,0.0,1.0,0.2934735462358744,0.8266864186320594,1.0,0.3522533356945351,0.9651452491272577,0.0,0.0,0.0,"SELECT * FROM lineitem, orders WHERE lineitem.l_orderkey = orders.o_orderkey AND o_totalprice BETWEEN 163567.50 AND 459195.35 AND l_quantity BETWEEN 18.26 AND 48.29;",1522996,2394320,random
1.0,0.0,0.0,0.0,0.0,1.0,0.6666666666666666,0.6666666666666666,0.0,0.0,0.0,0.0,0.0,0.0,0.0,0.0,0.0,0.0,0.0,0.0,SELECT * FROM customer WHERE c_mktsegment = 'HOUSEHOLD';,29710,30189,random
1.0,1.0,1.0,1.0,1.0,1.0,0.16666666666666666,0.16666666666666666,0.0,0.0,0.0,0.0,0.0,0.0,1.0,0.31858914112612424,0.31858914112612424,0.0,0.0,0.0,"SELECT * FROM orders, lineitem, customer WHERE orders.o_custkey = customer.c_custkey AND lineitem.l_orderkey = orders.o_orderkey AND l_quantity = 16.61 AND c_mktsegment = 'AUTOMOBILE';",1,0,random
1.0,1.0,1.0,1.0,1.0,0.0,0.0,0.0,0.0,0.0,0.0,0.0,0.0,0.0,1.0,0.10292019367722263,0.27804846849668036,0.0,0.0,0.0,"SELECT * FROM customer, orders, lineitem WHERE orders.o_custkey = customer.c_custkey AND lineitem.l_orderkey = orders.o_orderkey AND l_quantity BETWEEN 6.04 AND 14.62;",948994,959112,random
1.0,1.0,1.0,1.0,1.0,0.0,0.0,0.0,0.0,0.0,0.0,0.0,0.0,0.0,0.0,0.0,0.0,1.0,0.4939342575945231,0.4939342575945231,"SELECT * FROM lineitem, orders, customer WHERE orders.o_custkey = customer.c_custkey AND lineitem.l_orderkey = orders.o_orderkey AND l_discount = 0.05;",528908,546395,random
0.0,1.0,0.0,0.0,0.0,0.0,0.0,0.0,0.0,0.0,0.0,0.0,0.0,0.0,0.0,0.0,0.0,0.0,0.0,0.0,SELECT * FROM orders;,1500000,1500000,random
1.0,0.0,0.0,0.0,0.0,1.0,0.8333333333333334,0.8333333333333334,0.0,0.0,0.0,0.0,0.0,0.0,0.0,0.0,0.0,0.0,0.0,0.0,SELECT * FROM customer WHERE c_mktsegment = 'MACHINERY';,30450,29949,random
0.0,1.0,1.0,0.0,1.0,0.0,0.0,0.0,1.0,0.6449064449061768,0.6449064449061768,1.0,0.8416428638015191,0.8416428638015191,0.0,0.0,0.0,1.0,0.8958295161359382,0.9180344737719646,"SELECT * FROM lineitem, orders WHERE lineitem.l_orderkey = orders.o_orderkey AND o_totalprice = 467487.62 AND l_discount BETWEEN 0.09 AND 0.09 AND o_orderdate = DATE '1996-03-31';",1,0,random
1.0,0.0,0.0,0.0,0.0,1.0,0.5,0.5,0.0,0.0,0.0,0.0,0.0,0.0,0.0,0.0,0.0,0.0,0.0,0.0,SELECT * FROM customer WHERE c_mktsegment = 'FURNITURE';,30175,29968,random
1.0,1.0,0.0,1.0,0.0,1.0,0.16666666666666666,0.16666666666666666,1.0,0.8486486486482958,0.967151767151365,1.0,0.39332749171885634,0.6964569388625521,0.0,0.0,0.0,0.0,0.0,0.0,"SELECT * FROM orders, customer WHERE orders.o_custkey = customer.c_custkey AND o_totalprice BETWEEN 218929.27 AND 386992.55 AND o_orderdate BETWEEN DATE '1997-08-03' AND DATE '1998-05-15' AND c_mktsegment = 'AUTOMOBILE';",8194,8142,random
1.0,1.0,1.0,1.0,1.0,0.0,0.0,0.0,0.0,0.0,0.0,0.0,0.0,0.0,0.0,0.0,0.0,0.0,0.0,0.0,"SELECT * FROM lineitem, orders, customer WHERE orders.o_custkey = customer.c_custkey AND lineitem.l_orderkey = orders.o_orderkey;",6001226,6001215,random
1.0,1.0,1.0,1.0,1.0,0.0,0.0,0.0,0.0,0.0,0.0,0.0,0.0,0.0,0.0,0.0,0.0,0.0,0.0,0.0,"SELECT * FROM lineitem, orders, customer WHERE orders.o_custkey = customer.c_custkey AND lineitem.l_orderkey = orders.o_orderkey;",6001226,6001215,random
1.0,1.0,1.0,1.0,1.0,0.0,0.0,0.0,0.0,0.0,0.0,1.0,0.6127506329985535,0.6127506329985535,1.0,0.17033863011294473,0.269912054374259,0.0,0.0,0.0,"SELECT * FROM customer, orders, lineitem WHERE orders.o_custkey = customer.c_custkey AND lineitem.l_orderkey = orders.o_orderkey AND o_totalprice = 340583.48 AND l_quantity BETWEEN 9.35 AND 14.23;",1,0,random
0.0,1.0,0.0,0.0,0.0,0.0,0.0,0.0,0.0,0.0,0.0,1.0,0.14800148273285313,0.14800148273285313,0.0,0.0,0.0,0.0,0.0,0.0,SELECT * FROM orders WHERE o_totalprice = 82913.79;,1,0,random
1.0,1.0,1.0,1.0,1.0,1.0,0.5,0.5,0.0,0.0,0.0,1.0,0.2638120335802578,0.2638120335802578,1.0,0.7308645805768994,0.7308645805768994,0.0,0.0,0.0,"SELECT * FROM orders, customer, lineitem WHERE orders.o_custkey = customer.c_custkey AND lineitem.l_orderkey = orders.o_orderkey AND c_mktsegment = 'FURNITURE' AND l_quantity = 36.81 AND o_totalprice = 147122.34;",1,0,random
1.0,1.0,0.0,1.0,0.0,0.0,0.0,0.0,1.0,0.07484407484404372,0.4943866943864888,0.0,0.0,0.0,0.0,0.0,0.0,0.0,0.0,0.0,"SELECT * FROM customer, orders WHERE orders.o_custkey = customer.c_custkey AND o_orderdate BETWEEN DATE '1992-06-29' AND DATE '1995-04-04';",624898,628426,random
0.0,0.0,1.0,0.0,0.0,0.0,0.0,0.0,0.0,0.0,0.0,0.0,0.0,0.0,1.0,0.590523099601157,0.590523099601157,1.0,0.10453471690525126,0.18791742798259156,SELECT * FROM lineitem WHERE l_discount BETWEEN 0.01 AND 0.02 AND l_quantity = 29.94;,1,0,random
1.0,1.0,0.0,1.0,0.0,1.0,0.8333333333333334,0.8333333333333334,0.0,0.0,0.0,0.0,0.0,0.0,0.0,0.0,0.0,0.0,0.0,0.0,"SELECT * FROM orders, customer WHERE orders.o_custkey = customer.c_custkey AND c_mktsegment = 'MACHINERY';",304500,298980,random
1.0,0.0,0.0,0.0,0.0,1.0,0.5,0.5,0.0,0.0,0.0,0.0,0.0,0.0,0.0,0.0,0.0,0.0,0.0,0.0,SELECT * FROM customer WHERE c_mktsegment = 'FURNITURE';,30175,29968,random
0.0,1.0,1.0,0.0,1.0,0.0,0.0,0.0,0.0,0.0,0.0,1.0,0.686265999877055,0.9514945959287221,1.0,0.10206434985257802,0.4609541213134946,0.0,0.0,0.0,"SELECT * FROM orders, lineitem WHERE lineitem.l_orderkey = orders.o_orderkey AND o_totalprice BETWEEN 381342.42 AND 528392.43 AND l_quantity BETWEEN 6.00 AND 23.59;",18175,6898,random
1.0,0.0,0.0,0.0,0.0,1.0,0.16666666666666666,0.16666666666666666,0.0,0.0,0.0,0.0,0.0,0.0,0.0,0.0,0.0,0.0,0.0,0.0,SELECT * FROM customer WHERE c_mktsegment = 'AUTOMOBILE';,30000,29752,random
1.0,1.0,1.0,1.0,1.0,0.0,0.0,0.0,0.0,0.0,0.0,0.0,0.0,0.0,0.0,0.0,0.0,0.0,0.0,0.0,"SELECT * FROM customer, orders, lineitem WHERE orders.o_custkey = customer.c_custkey AND lineitem.l_orderkey = orders.o_orderkey;",6001226,6001215,random
1.0,1.0,1.0,1.0,1.0,1.0,0.16666666666666666,0.16666666666666666,0.0,0.0,0.0,1.0,0.04913440084920619,0.36978067530552006,0.0,0.0,0.0,0.0,0.0,0.0,"SELECT * FROM customer, orders, lineitem WHERE orders.o_custkey = customer.c_custkey AND lineitem.l_orderkey = orders.o_orderkey AND c_mktsegment = 'AUTOMOBILE' AND o_totalprice BETWEEN 28099.17 AND 205874.27;",782792,656622,random
0.0,1.0,1.0,0.0,1.0,0.0,0.0,0.0,0.0,0.0,0.0,0.0,0.0,0.0,0.0,0.0,0.0,1.0,0.49361622226311247,0.529562748198815,"SELECT * FROM orders, lineitem WHERE lineitem.l_orderkey = orders.o_orderkey AND l_discount BETWEEN 0.05 AND 0.05;",528908,546395,random
0.0,1.0,1.0,0.0,1.0,0.0,0.0,0.0,0.0,0.0,0.0,0.0,0.0,0.0,0.0,0.0,0.0,0.0,0.0,0.0,"SELECT * FROM lineitem, orders WHERE lineitem.l_orderkey = orders.o_orderkey;",6001226,6001215,random
1.0,0.0,0.0,0.0,0.0,1.0,0.3333333333333333,0.3333333333333333,0.0,0.0,0.0,0.0,0.0,0.0,0.0,0.0,0.0,0.0,0.0,0.0,SELECT * FROM customer WHERE c_mktsegment = 'BUILDING';,29665,30142,random
1.0,0.0,0.0,0.0,0.0,1.0,0.3333333333333333,0.3333333333333333,0.0,0.0,0.0,0.0,0.0,0.0,0.0,0.0,0.0,0.0,0.0,0.0,SELECT * FROM customer WHERE c_mktsegment = 'BUILDING';,29665,30142,random
1.0,1.0,1.0,1.0,1.0,0.0,0.0,0.0,1.0,0.2881496881495683,0.2881496881495683,1.0,0.7857276514438933,0.7857276514438933,0.0,0.0,0.0,1.0,0.0942425657703622,0.7338822634377089,"SELECT * FROM lineitem, orders, customer WHERE orders.o_custkey = customer.c_custkey AND lineitem.l_orderkey = orders.o_orderkey AND o_totalprice = 436486.69 AND o_orderdate = DATE '1993-11-24' AND l_discount BETWEEN 0.01 AND 0.07;",3,0,random
0.0,1.0,1.0,0.0,1.0,0.0,0.0,0.0,0.0,0.0,0.0,1.0,0.06945463394109484,0.06945463394109484,0.0,0.0,0.0,0.0,0.0,0.0,"SELECT * FROM lineitem, orders WHERE lineitem.l_orderkey = orders.o_orderkey AND o_totalprice = 39365.27;",4,0,random
0.0,1.0,0.0,0.0,0.0,0.0,0.0,0.0,0.0,0.0,0.0,0.0,0.0,0.0,0.0,0.0,0.0,0.0,0.0,0.0,SELECT * FROM orders;,1500000,1500000,random
1.0,1.0,1.0,1.0,1.0,0.0,0.0,0.0,0.0,0.0,0.0,0.0,0.0,0.0,0.0,0.0,0.0,0.0,0.0,0.0,"SELECT * FROM orders, customer, lineitem WHERE orders.o_custkey = customer.c_custkey AND lineitem.l_orderkey = orders.o_orderkey;",6001226,6001215,random
1.0,1.0,1.0,1.0,1.0,0.0,0.0,0.0,0.0,0.0,0.0,0.0,0.0,0.0,0.0,0.0,0.0,0.0,0.0,0.0,"SELECT * FROM orders, lineitem, customer WHERE orders.o_custkey = customer.c_custkey AND lineitem.l_orderkey = orders.o_orderkey;",6001226,6001215,random
1.0,1.0,1.0,1.0,1.0,0.0,0.0,0.0,0.0,0.0,0.0,1.0,0.7348150041012529,0.9897931184300394,0.0,0.0,0.0,1.0,0.48649330884647796,0.48649330884647796,"SELECT * FROM orders, lineitem, customer WHERE orders.o_custkey = customer.c_custkey AND lineitem.l_orderkey = orders.o_orderkey AND o_totalprice BETWEEN 408259.32 AND 549626.18 AND l_discount = 0.05;",3378,1625,random
1.0,1.0,0.0,1.0,0.0,1.0,0.16666666666666666,0.16666666666666666,1.0,0.14760914760908622,0.4099792099790395,1.0,0.519308900298293,0.519308900298293,0.0,0.0,0.0,0.0,0.0,0.0,"SELECT * FROM customer, orders WHERE orders.o_custkey = customer.c_custkey AND c_mktsegment = 'AUTOMOBILE' AND o_totalprice = 288776.82 AND o_orderdate BETWEEN DATE '1992-12-21' AND DATE '1994-09-13';",1,0,random
1.0,0.0,0.0,0.0,0.0,1.0,0.6666666666666666,0.6666666666666666,0.0,0.0,0.0,0.0,0.0,0.0,0.0,0.0,0.0,0.0,0.0,0.0,SELECT * FROM customer WHERE c_mktsegment = 'HOUSEHOLD';,29710,30189,random
0.0,0.0,1.0,0.0,0.0,0.0,0.0,0.0,0.0,0.0,0.0,0.0,0.0,0.0,1.0,0.0892739831924257,0.0892739831924257,1.0,0.10793165728889137,0.37777825543052224,SELECT * FROM lineitem WHERE l_quantity = 5.37 AND l_discount BETWEEN 0.01 AND 0.04;,1,0,random
0.0,1.0,1.0,0.0,1.0,0.0,0.0,0.0,1.0,0.4174636174634439,0.4174636174634439,0.0,0.0,0.0,1.0,0.041099977339835836,0.30932329736445385,0.0,0.0,0.0,"SELECT * FROM lineitem, orders WHERE lineitem.l_orderkey = orders.o_orderkey AND o_orderdate = DATE '1994-10-01' AND l_quantity BETWEEN 3.01 AND 16.16;",644,615,random
0.0,1.0,1.0,0.0,1.0,0.0,0.0,0.0,1.0,0.008316008316004857,0.008316008316004857,0.0,0.0,0.0,1.0,0.14713108886714613,0.6809230681386784,0.0,0.0,0.0,"SELECT * FROM orders, lineitem WHERE lineitem.l_orderkey = orders.o_orderkey AND o_orderdate = DATE '1992-01-21' AND l_quantity BETWEEN 8.21 AND 34.37;",1294,1302,random
0.0,1.0,1.0,0.0,1.0,0.0,0.0,0.0,0.0,0.0,0.0,0.0,0.0,0.0,0.0,0.0,0.0,0.0,0.0,0.0,"SELECT * FROM orders, lineitem WHERE lineitem.l_orderkey = orders.o_orderkey;",6001226,6001215,random
1.0,1.0,1.0,1.0,1.0,0.0,0.0,0.0,0.0,0.0,0.0,0.0,0.0,0.0,0.0,0.0,0.0,0.0,0.0,0.0,"SELECT * FROM customer, orders, lineitem WHERE orders.o_custkey = customer.c_custkey AND lineitem.l_orderkey = orders.o_orderkey;",6001226,6001215,random
1.0,1.0,0.0,1.0,0.0,0.0,0.0,0.0,0.0,0.0,0.0,0.0,0.0,0.0,0.0,0.0,0.0,0.0,0.0,0.0,"SELECT * FROM customer, orders WHERE orders.o_custkey = customer.c_custkey;",1500000,1500000,random
1.0,1.0,0.0,1.0,0.0,0.0,0.0,0.0,0.0,0.0,0.0,0.0,0.0,0.0,0.0,0.0,0.0,0.0,0.0,0.0,"SELECT * FROM orders, customer WHERE orders.o_custkey = customer.c_custkey;",1500000,1500000,random
1.0,1.0,1.0,1.0,1.0,0.0,0.0,0.0,0.0,0.0,0.0,0.0,0.0,0.0,0.0,0.0,0.0,0.0,0.0,0.0,"SELECT * FROM customer, orders, lineitem WHERE orders.o_custkey = customer.c_custkey AND lineitem.l_orderkey = orders.o_orderkey;",6001226,6001215,random
0.0,1.0,1.0,0.0,1.0,0.0,0.0,0.0,0.0,0.0,0.0,0.0,0.0,0.0,0.0,0.0,0.0,0.0,0.0,0.0,"SELECT * FROM orders, lineitem WHERE lineitem.l_orderkey = orders.o_orderkey;",6001226,6001215,random
1.0,1.0,1.0,1.0,1.0,1.0,0.3333333333333333,0.3333333333333333,0.0,0.0,0.0,0.0,0.0,0.0,0.0,0.0,0.0,0.0,0.0,0.0,"SELECT * FROM orders, customer, lineitem WHERE orders.o_custkey = customer.c_custkey AND lineitem.l_orderkey = orders.o_orderkey AND c_mktsegment = 'BUILDING';",1186842,1214743,random
0.0,1.0,1.0,0.0,1.0,0.0,0.0,0.0,1.0,0.8760914760911118,0.8760914760911118,0.0,0.0,0.0,0.0,0.0,0.0,1.0,0.5458306703773934,0.6283188210266764,"SELECT * FROM orders, lineitem WHERE lineitem.l_orderkey = orders.o_orderkey AND l_discount BETWEEN 0.05 AND 0.06 AND o_orderdate = DATE '1997-10-08';",448,460,random
1.0,1.0,0.0,1.0,0.0,1.0,0.6666666666666666,0.6666666666666666,1.0,0.46652806652787254,0.46652806652787254,0.0,0.0,0.0,0.0,0.0,0.0,0.0,0.0,0.0,"SELECT * FROM customer, orders WHERE orders.o_custkey = customer.c_custkey AND c_mktsegment = 'HOUSEHOLD' AND o_orderdate = DATE '1995-01-27';",123,110,random
1.0,1.0,1.0,1.0,1.0,0.0,0.0,0.0,0.0,0.0,0.0,1.0,0.37311115210708057,0.6208897422497673,0.0,0.0,0.0,0.0,0.0,0.0,"SELECT * FROM orders, lineitem, customer WHERE orders.o_custkey = customer.c_custkey AND lineitem.l_orderkey = orders.o_orderkey AND o_totalprice BETWEEN 207720.77 AND 345096.03;",1532753,2343481,random
1.0,1.0,1.0,1.0,1.0,1.0,0.16666666666666666,0.16666666666666666,0.0,0.0,0.0,1.0,0.27017484478573656,0.27017484478573656,0.0,0.0,0.0,1.0,0.4602207483463005,0.8749108638146729,"SELECT * FROM orders, lineitem, customer WHERE orders.o_custkey = customer.c_custkey AND lineitem.l_orderkey = orders.o_orderkey AND l_discount BETWEEN 0.05 AND 0.09 AND c_mktsegment = 'AUTOMOBILE' AND o_totalprice = 150650.06;",1,0,random
1.0,1.0,1.0,1.0,1.0,0.0,0.0,0.0,0.0,0.0,0.0,0.0,0.0,0.0,0.0,0.0,0.0,0.0,0.0,0.0,"SELECT * FROM customer, orders, lineitem WHERE orders.o_custkey = customer.c_custkey AND lineitem.l_orderkey = orders.o_orderkey;",6001226,6001215,random
0.0,0.0,1.0,0.0,0.0,0.0,0.0,0.0,0.0,0.0,0.0,0.0,0.0,0.0,0.0,0.0,0.0,1.0,0.5620492472205637,0.967278452195566,SELECT * FROM lineitem WHERE l_discount BETWEEN 0.06 AND 0.10;,2725957,2727089,random
0.0,0.0,1.0,0.0,0.0,0.0,0.0,0.0,0.0,0.0,0.0,0.0,0.0,0.0,1.0,0.20069987411915596,0.623663922295469,1.0,0.7191420348282346,0.9365311991383127,SELECT * FROM lineitem WHERE l_discount BETWEEN 0.07 AND 0.09 AND l_quantity BETWEEN 10.83 AND 31.56;,696777,686797,random
1.0,0.0,0.0,0.0,0.0,0.0,0.0,0.0,0.0,0.0,0.0,0.0,0.0,0.0,0.0,0.0,0.0,0.0,0.0,0.0,SELECT * FROM customer;,150000,150000,random
1.0,1.0,0.0,1.0,0.0,0.0,0.0,0.0,0.0,0.0,0.0,0.0,0.0,0.0,0.0,0.0,0.0,0.0,0.0,0.0,"SELECT * FROM customer, orders WHERE orders.o_custkey = customer.c_custkey;",1500000,1500000,random
1.0,1.0,1.0,1.0,1.0,0.0,0.0,0.0,0.0,0.0,0.0,0.0,0.0,0.0,0.0,0.0,0.0,1.0,0.5467192420846029,0.8417207950203848,"SELECT * FROM orders, customer, lineitem WHERE orders.o_custkey = customer.c_custkey AND lineitem.l_orderkey = orders.o_orderkey AND l_discount BETWEEN 0.05 AND 0.08;",2179045,2182360,random
1.0,1.0,1.0,1.0,1.0,0.0,0.0,0.0,0.0,0.0,0.0,0.0,0.0,0.0,0.0,0.0,0.0,1.0,0.7445984829819365,0.7445984829819365,"SELECT * FROM lineitem, orders, customer WHERE orders.o_custkey = customer.c_custkey AND lineitem.l_orderkey = orders.o_orderkey AND l_discount = 0.07;",540310,546192,random
0.0,1.0,1.0,0.0,1.0,0.0,0.0,0.0,1.0,0.49272349272328786,0.9588357588353602,0.0,0.0,0.0,1.0,0.39118922043404925,0.6976527035083192,0.0,0.0,0.0,"SELECT * FROM lineitem, orders WHERE lineitem.l_orderkey = orders.o_orderkey AND o_orderdate BETWEEN DATE '1995-03-31' AND DATE '1998-04-25' AND l_quantity BETWEEN 20.17 AND 35.18;",847520,841471,random
0.0,1.0,0.0,0.0,0.0,0.0,0.0,0.0,1.0,0.456964656964467,0.456964656964467,0.0,0.0,0.0,0.0,0.0,0.0,0.0,0.0,0.0,SELECT * FROM orders WHERE o_orderdate = DATE '1995-01-04';,622,633,random
1.0,1.0,1.0,1.0,1.0,0.0,0.0,0.0,0.0,0.0,0.0,1.0,0.27690403915286044,0.7230652679380029,0.0,0.0,0.0,0.0,0.0,0.0,"SELECT * FROM customer, orders, lineitem WHERE orders.o_custkey = customer.c_custkey AND lineitem.l_orderkey = orders.o_orderkey AND o_totalprice BETWEEN 154380.91 AND 401744.94;",2725401,3885545,random
1.0,1.0,1.0,1.0,1.0,0.0,0.0,0.0,1.0,0.3517671517670055,0.71891891891862,0.0,0.0,0.0,0.0,0.0,0.0,0.0,0.0,0.0,"SELECT * FROM orders, lineitem, customer WHERE orders.o_custkey = customer.c_custkey AND lineitem.l_orderkey = orders.o_orderkey AND o_orderdate BETWEEN DATE '1994-04-26' AND DATE '1996-09-25';",2200189,2208616,random
0.0,1.0,1.0,0.0,1.0,0.0,0.0,0.0,1.0,0.8395010395006904,0.8395010395006904,1.0,0.6058417980296287,0.9625550096612577,0.0,0.0,0.0,1.0,0.7085001764929251,0.7085001764929251,"SELECT * FROM lineitem, orders WHERE lineitem.l_orderkey = orders.o_orderkey AND o_orderdate = DATE '1997-07-12' AND o_totalprice BETWEEN 336753.03 AND 534524.63 AND l_discount = 0.07;",5,12,random
0.0,1.0,1.0,0.0,1.0,0.0,0.0,0.0,1.0,0.06735966735963936,0.8295218295214846,0.0,0.0,0.0,0.0,0.0,0.0,1.0,0.7328774942124496,0.7328774942124496,"SELECT * FROM lineitem, orders WHERE lineitem.l_orderkey = orders.o_orderkey AND o_orderdate BETWEEN DATE '1992-06-11' AND DATE '1997-06-18' AND l_discount = 0.07;",410267,416285,random
0.0,1.0,1.0,0.0,1.0,0.0,0.0,0.0,1.0,0.8083160083156722,0.9812889812885732,1.0,0.2366171859609465,0.8997943094429015,0.0,0.0,0.0,0.0,0.0,0.0,"SELECT * FROM lineitem, orders WHERE lineitem.l_orderkey = orders.o_orderkey AND o_orderdate BETWEEN DATE '1997-04-28' AND DATE '1998-06-18' AND o_totalprice BETWEEN 132044.77 AND 499728.37;",569684,765752,random
0.0,1.0,0.0,0.0,0.0,0.0,0.0,0.0,0.0,0.0,0.0,0.0,0.0,0.0,0.0,0.0,0.0,0.0,0.0,0.0,SELECT * FROM orders;,1500000,1500000,random
0.0,1.0,0.0,0.0,0.0,0.0,0.0,0.0,0.0,0.0,0.0,0.0,0.0,0.0,0.0,0.0,0.0,0.0,0.0,0.0,SELECT * FROM orders;,1500000,1500000,random
1.0,1.0,1.0,1.0,1.0,0.0,0.0,0.0,0.0,0.0,0.0,0.0,0.0,0.0,0.0,0.0,0.0,0.0,0.0,0.0,"SELECT * FROM customer, orders, lineitem WHERE orders.o_custkey = customer.c_custkey AND lineitem.l_orderkey = orders.o_orderkey;",6001226,6001215,random
1.0,1.0,1.0,1.0,1.0,1.0,0.3333333333333333,0.3333333333333333,0.0,0.0,0.0,0.0,0.0,0.0,1.0,0.16208958203806742,0.16208958203806742,0.0,0.0,0.0,"SELECT * FROM orders, lineitem, customer WHERE orders.o_custkey = customer.c_custkey AND lineitem.l_orderkey = orders.o_orderkey AND c_mktsegment = 'BUILDING' AND l_quantity = 8.94;",1,0,random
1.0,1.0,1.0,1.0,1.0,0.0,0.0,0.0,0.0,0.0,0.0,0.0,0.0,0.0,0.0,0.0,0.0,0.0,0.0,0.0,"SELECT * FROM customer, orders, lineitem WHERE orders.o_custkey = customer.c_custkey AND lineitem.l_orderkey = orders.o_orderkey;",6001226,6001215,random
0.0,1.0,1.0,0.0,1.0,0.0,0.0,0.0,0.0,0.0,0.0,0.0,0.0,0.0,0.0,0.0,0.0,1.0,0.4737328653411328,0.5703700636479109,"SELECT * FROM orders, lineitem WHERE lineitem.l_orderkey = orders.o_orderkey AND l_discount BETWEEN 0.05 AND 0.06;",1079621,1091365,random
0.0,1.0,1.0,0.0,1.0,0.0,0.0,0.0,0.0,0.0,0.0,1.0,0.5405380228975388,0.5405380228975388,1.0,0.10091300396361261,0.4987122433573564,1.0,0.12719238260144458,0.5691524171400097,"SELECT * FROM lineitem, orders WHERE lineitem.l_orderkey = orders.o_orderkey AND l_discount BETWEEN 0.01 AND 0.06 AND l_quantity BETWEEN 5.94 AND 25.44 AND o_totalprice = 300546.83;",1,0,random
0.0,1.0,0.0,0.0,0.0,0.0,0.0,0.0,1.0,0.0677754677754396,0.8711018711015089,1.0,0.0747771228434427,0.5753558743104208,0.0,0.0,0.0,0.0,0.0,0.0,SELECT * FROM orders WHERE o_orderdate BETWEEN DATE '1992-06-12' AND DATE '1997-09-26' AND o_totalprice BETWEEN 42316.20 AND 319850.80;,1022655,1027659,random
1.0,1.0,1.0,1.0,1.0,0.0,0.0,0.0,1.0,0.6532224532221816,0.9846153846149752,1.0,0.8880280313248611,0.8880280313248611,1.0,0.4214056973138959,0.4214056973138959,0.0,0.0,0.0,"SELECT * FROM lineitem, orders, customer WHERE orders.o_custkey = customer.c_custkey AND lineitem.l_orderkey = orders.o_orderkey AND o_orderdate BETWEEN DATE '1996-04-20' AND DATE '1998-06-26' AND l_quantity = 21.65 AND o_totalprice = 493204.83;",1,0,random
1.0,0.0,0.0,0.0,0.0,1.0,0.16666666666666666,0.16666666666666666,0.0,0.0,0.0,0.0,0.0,0.0,0.0,0.0,0.0,0.0,0.0,0.0,SELECT * FROM customer WHERE c_mktsegment = 'AUTOMOBILE';,30000,29752,random
1.0,1.0,0.0,1.0,0.0,1.0,0.8333333333333334,0.8333333333333334,1.0,0.12931392931387556,0.7230769230766224,1.0,0.08059348827241815,0.6124326506954686,0.0,0.0,0.0,0.0,0.0,0.0,"SELECT * FROM customer, orders WHERE orders.o_custkey = customer.c_custkey AND o_totalprice BETWEEN 45540.95 AND 340407.18 AND c_mktsegment = 'MACHINERY' AND o_orderdate BETWEEN DATE '1992-11-07' AND DATE '1996-10-05';",153416,152186,random
0.0,1.0,0.0,0.0,0.0,0.0,0.0,0.0,1.0,0.021205821205812388,0.05530145530143231,1.0,0.303418351572318,0.8498335024449942,0.0,0.0,0.0,0.0,0.0,0.0,SELECT * FROM orders WHERE o_totalprice BETWEEN 169081.17 AND 472028.73 AND o_orderdate BETWEEN DATE '1992-02-21' AND DATE '1992-05-13';,21621,20953,random
1.0,1.0,1.0,1.0,1.0,1.0,0.8333333333333334,0.8333333333333334,1.0,0.4378378378376558,0.4378378378376558,1.0,0.426833581548518,0.429718648652268,0.0,0.0,0.0,0.0,0.0,0.0,"SELECT * FROM customer, orders, lineitem WHERE orders.o_custkey = customer.c_custkey AND lineitem.l_orderkey = orders.o_orderkey AND o_totalprice BETWEEN 237505.96 AND 239105.52 AND o_orderdate = DATE '1994-11-19' AND c_mktsegment = 'MACHINERY';",4,4,random
1.0,1.0,1.0,1.0,1.0,0.0,0.0,0.0,1.0,0.00997920997920583,0.00997920997920583,0.0,0.0,0.0,0.0,0.0,0.0,0.0,0.0,0.0,"SELECT * FROM orders, customer, lineitem WHERE orders.o_custkey = customer.c_custkey AND lineitem.l_orderkey = orders.o_orderkey AND o_orderdate = DATE '1992-01-25';",2489,2555,random
0.0,1.0,1.0,0.0,1.0,0.0,0.0,0.0,0.0,0.0,0.0,0.0,0.0,0.0,0.0,0.0,0.0,0.0,0.0,0.0,"SELECT * FROM lineitem, orders WHERE lineitem.l_orderkey = orders.o_orderkey;",6001226,6001215,random
1.0,0.0,0.0,0.0,0.0,1.0,0.3333333333333333,0.3333333333333333,0.0,0.0,0.0,0.0,0.0,0.0,0.0,0.0,0.0,0.0,0.0,0.0,SELECT * FROM customer WHERE c_mktsegment = 'BUILDING';,29665,30142,random
1.0,1.0,0.0,1.0,0.0,1.0,0.16666666666666666,0.16666666666666666,1.0,0.39792099792083246,0.39792099792083246,0.0,0.0,0.0,0.0,0.0,0.0,0.0,0.0,0.0,"SELECT * FROM orders, customer WHERE orders.o_custkey = customer.c_custkey AND o_orderdate = DATE '1994-08-15' AND c_mktsegment = 'AUTOMOBILE';",124,134,random
1.0,1.0,1.0,1.0,1.0,0.0,0.0,0.0,1.0,0.2673596673595562,0.5268191268189077,0.0,0.0,0.0,0.0,0.0,0.0,1.0,0.29268341121180286,0.7802083976881791,"SELECT * FROM customer, orders, lineitem WHERE orders.o_custkey = customer.c_custkey AND lineitem.l_orderkey = orders.o_orderkey AND l_discount BETWEEN 0.03 AND 0.08 AND o_orderdate BETWEEN DATE '1993-10-05' AND DATE '1995-06-21';",848388,851716,random
1.0,1.0,1.0,1.0,1.0,1.0,0.16666666666666666,0.16666666666666666,1.0,0.13721413721408016,0.13721413721408016,0.0,0.0,0.0,0.0,0.0,0.0,0.0,0.0,0.0,"SELECT * FROM lineitem, orders, customer WHERE orders.o_custkey = customer.c_custkey AND lineitem.l_orderkey = orders.o_orderkey AND c_mktsegment = 'AUTOMOBILE' AND o_orderdate = DATE '1992-11-26';",498,560,random
1.0,1.0,1.0,1.0,1.0,0.0,0.0,0.0,0.0,0.0,0.0,0.0,0.0,0.0,0.0,0.0,0.0,0.0,0.0,0.0,"SELECT * FROM customer, orders, lineitem WHERE orders.o_custkey = customer.c_custkey AND lineitem.l_orderkey = orders.o_orderkey;",6001226,6001215,random
1.0,1.0,1.0,1.0,1.0,0.0,0.0,0.0,0.0,0.0,0.0,1.0,0.3841766588420625,0.3841766588420625,1.0,0.0844932948014781,0.2790924821332824,0.0,0.0,0.0,"SELECT * FROM lineitem, orders, customer WHERE orders.o_custkey = customer.c_custkey AND lineitem.l_orderkey = orders.o_orderkey AND o_totalprice = 213855.80 AND l_quantity BETWEEN 5.14 AND 14.68;",1,0,random
1.0,1.0,1.0,1.0,1.0,0.0,0.0,0.0,1.0,0.6598752598749855,0.6598752598749855,0.0,0.0,0.0,0.0,0.0,0.0,0.0,0.0,0.0,"SELECT * FROM orders, lineitem, customer WHERE orders.o_custkey = customer.c_custkey AND lineitem.l_orderkey = orders.o_orderkey AND o_orderdate = DATE '1996-05-06';",2489,2404,random
0.0,1.0,1.0,0.0,1.0,0.0,0.0,0.0,0.0,0.0,0.0,0.0,0.0,0.0,0.0,0.0,0.0,0.0,0.0,0.0,"SELECT * FROM lineitem, orders WHERE lineitem.l_orderkey = orders.o_orderkey;",6001226,6001215,random
1.0,1.0,1.0,1.0,1.0,0.0,0.0,0.0,1.0,0.5530145530143231,0.9521829521825562,0.0,0.0,0.0,1.0,0.2874184761772067,0.9908911580984434,1.0,0.7524007115309197,0.9285664669358258,"SELECT * FROM orders, customer, lineitem WHERE orders.o_custkey = customer.c_custkey AND lineitem.l_orderkey = orders.o_orderkey AND l_discount BETWEEN 0.08 AND 0.09 AND o_orderdate BETWEEN DATE '1995-08-23' AND DATE '1998-04-09' AND l_quantity BETWEEN 15.08 AND 49.55;",302548,296739,random
1.0,1.0,0.0,1.0,0.0,1.0,0.5,0.5,1.0,0.7995841995838672,0.7995841995838672,1.0,0.1318727128782314,0.924661138938566,0.0,0.0,0.0,0.0,0.0,0.0,"SELECT * FROM orders, customer WHERE orders.o_custkey = customer.c_custkey AND o_totalprice BETWEEN 73971.56 AND 513515.23 AND o_orderdate = DATE '1997-04-07' AND c_mktsegment = 'FURNITURE';",96,96,random
1.0,0.0,0.0,0.0,0.0,1.0,0.5,0.5,0.0,0.0,0.0,0.0,0.0,0.0,0.0,0.0,0.0,0.0,0.0,0.0,SELECT * FROM customer WHERE c_mktsegment = 'FURNITURE';,30175,29968,random
1.0,1.0,1.0,1.0,1.0,0.0,0.0,0.0,0.0,0.0,0.0,0.0,0.0,0.0,0.0,0.0,0.0,0.0,0.0,0.0,"SELECT * FROM customer, orders, lineitem WHERE orders.o_custkey = customer.c_custkey AND lineitem.l_orderkey = orders.o_orderkey;",6001226,6001215,random
0.0,1.0,1.0,0.0,1.0,0.0,0.0,0.0,1.0,0.40831600831583853,0.556340956340725,1.0,0.35872365147030216,0.35872365147030216,0.0,0.0,0.0,1.0,0.008870701898138567,0.008870701898138567,"SELECT * FROM lineitem, orders WHERE lineitem.l_orderkey = orders.o_orderkey AND l_discount = 0.00 AND o_totalprice = 199743.95 AND o_orderdate BETWEEN DATE '1994-09-09' AND DATE '1995-08-31';",1,0,random
1.0,1.0,1.0,1.0,1.0,0.0,0.0,0.0,1.0,0.174636174636102,0.174636174636102,1.0,0.49492892717735726,0.49492892717735726,0.0,0.0,0.0,0.0,0.0,0.0,"SELECT * FROM customer, orders, lineitem WHERE orders.o_custkey = customer.c_custkey AND lineitem.l_orderkey = orders.o_orderkey AND o_totalprice = 275259.89 AND o_orderdate = DATE '1993-02-24';",4,0,random
1.0,1.0,1.0,1.0,1.0,0.0,0.0,0.0,1.0,0.7143451143448173,0.7143451143448173,1.0,0.7173576968010682,0.7173576968010682,0.0,0.0,0.0,0.0,0.0,0.0,"SELECT * FROM lineitem, orders, customer WHERE orders.o_custkey = customer.c_custkey AND lineitem.l_orderkey = orders.o_orderkey AND o_totalprice = 398580.51 AND o_orderdate = DATE '1996-09-14';",4,0,random
0.0,1.0,1.0,0.0,1.0,0.0,0.0,0.0,0.0,0.0,0.0,1.0,0.07747914274735686,0.07747914274735686,0.0,0.0,0.0,0.0,0.0,0.0,"SELECT * FROM orders, lineitem WHERE lineitem.l_orderkey = orders.o_orderkey AND o_totalprice = 43814.27;",4,0,random
0.0,1.0,1.0,0.0,1.0,0.0,0.0,0.0,0.0,0.0,0.0,0.0,0.0,0.0,1.0,0.07139317424365481,0.6810162619807145,1.0,0.024694601397186496,0.2830843982333692,"SELECT * FROM lineitem, orders WHERE lineitem.l_orderkey = orders.o_orderkey AND l_quantity BETWEEN 4.50 AND 34.37 AND l_discount BETWEEN 0.00 AND 0.03;",1317222,1309616,random
1.0,1.0,1.0,1.0,1.0,0.0,0.0,0.0,0.0,0.0,0.0,0.0,0.0,0.0,0.0,0.0,0.0,1.0,0.29087263002921543,0.29087263002921543,"SELECT * FROM orders, customer, lineitem WHERE orders.o_custkey = customer.c_custkey AND lineitem.l_orderkey = orders.o_orderkey AND l_discount = 0.03;",561315,545293,random
0.0,0.0,1.0,0.0,0.0,0.0,0.0,0.0,0.0,0.0,0.0,0.0,0.0,0.0,0.0,0.0,0.0,0.0,0.0,0.0,SELECT * FROM lineitem;,6001226,6001215,random
1.0,1.0,1.0,1.0,1.0,0.0,0.0,0.0,1.0,0.6490644490641791,0.955093555093158,1.0,0.6303243752437298,0.733951251343488,0.0,0.0,0.0,1.0,0.565402379219425,0.992319411730114,"SELECT * FROM orders, customer, lineitem WHERE orders.o_custkey = customer.c_custkey AND lineitem.l_orderkey = orders.o_orderkey AND o_orderdate BETWEEN DATE '1996-04-10' AND DATE '1998-04-16' AND l_discount BETWEEN 0.06 AND 0.10 AND o_totalprice BETWEEN 350326.85 AND 407780.43;",7744,17584,random
1.0,1.0,0.0,1.0,0.0,1.0,0.5,0.5,1.0,0.8361746361742884,0.8361746361742884,1.0,0.24402899539980616,0.24402899539980616,0.0,0.0,0.0,0.0,0.0,0.0,"SELECT * FROM customer, orders WHERE orders.o_custkey = customer.c_custkey AND c_mktsegment = 'FURNITURE' AND o_orderdate = DATE '1997-07-04' AND o_totalprice = 136154.08;",1,0,random
0.0,1.0,1.0,0.0,1.0,0.0,0.0,0.0,0.0,0.0,0.0,0.0,0.0,0.0,1.0,0.4099258136805766,0.9576085424244685,0.0,0.0,0.0,"SELECT * FROM orders, lineitem WHERE lineitem.l_orderkey = orders.o_orderkey AND l_quantity BETWEEN 21.09 AND 47.92;",3132440,3123212,random
0.0,0.0,1.0,0.0,0.0,0.0,0.0,0.0,0.0,0.0,0.0,0.0,0.0,0.0,1.0,0.5693422542978942,0.8267839177286648,1.0,0.44896801697991384,0.6052185775193513,SELECT * FROM lineitem WHERE l_discount BETWEEN 0.04 AND 0.06 AND l_quantity BETWEEN 28.90 AND 41.51;,420077,426586,random
0.0,0.0,1.0,0.0,0.0,0.0,0.0,0.0,0.0,0.0,0.0,0.0,0.0,0.0,1.0,0.11796402246641247,0.34157180274209925,1.0,0.6055456582272747,0.6659026462166067,SELECT * FROM lineitem WHERE l_discount BETWEEN 0.06 AND 0.07 AND l_quantity BETWEEN 6.78 AND 17.74;,239661,240174,random
0.0,1.0,1.0,0.0,1.0,0.0,0.0,0.0,0.0,0.0,0.0,1.0,0.015512251606367017,0.12078884555865498,0.0,0.0,0.0,0.0,0.0,0.0,"SELECT * FROM lineitem, orders WHERE lineitem.l_orderkey = orders.o_orderkey AND o_totalprice BETWEEN 9458.13 AND 67826.36;",1148835,458548,random
0.0,1.0,1.0,0.0,1.0,0.0,0.0,0.0,0.0,0.0,0.0,1.0,0.1669356375182676,0.1669356375182676,1.0,0.5148970921745123,0.5148970921745123,1.0,0.3881141273926379,0.4223586826584304,"SELECT * FROM lineitem, orders WHERE lineitem.l_orderkey = orders.o_orderkey AND o_totalprice = 93411.41 AND l_quantity = 26.23 AND l_discount BETWEEN 0.04 AND 0.04;",1,0,random
0.0,0.0,1.0,0.0,0.0,0.0,0.0,0.0,0.0,0.0,0.0,0.0,0.0,0.0,1.0,0.5914780021245577,0.6166295938646998,1.0,0.8974263118223129,0.8974263118223129,SELECT * FROM lineitem WHERE l_discount = 0.09 AND l_quantity BETWEEN 29.98 AND 31.21;,22351,21773,random
1.0,1.0,1.0,1.0,1.0,1.0,0.5,0.5,1.0,0.6997920997918088,0.7330561330558283,1.0,0.589558131369514,0.8201060662911924,0.0,0.0,0.0,0.0,0.0,0.0,"SELECT * FROM customer, orders, lineitem WHERE orders.o_custkey = customer.c_custkey AND lineitem.l_orderkey = orders.o_orderkey AND c_mktsegment = 'FURNITURE' AND o_orderdate BETWEEN DATE '1996-08-10' AND DATE '1996-10-29' AND o_totalprice BETWEEN 327724.92 AND 455547.03;",1100,2028,random
1.0,1.0,0.0,1.0,0.0,1.0,0.6666666666666666,0.6666666666666666,1.0,0.17671517671510323,0.17671517671510323,1.0,0.2792995865998269,0.7730063207216442,0.0,0.0,0.0,0.0,0.0,0.0,"SELECT * FROM customer, orders WHERE orders.o_custkey = customer.c_custkey AND c_mktsegment = 'HOUSEHOLD' AND o_orderdate = DATE '1993-03-01' AND o_totalprice BETWEEN 155709.07 AND 429433.63;",56,46,random
1.0,1.0,0.0,1.0,0.0,0.0,0.0,0.0,1.0,0.14303534303528356,0.14303534303528356,1.0,0.3185783010520051,0.3185783010520051,0.0,0.0,0.0,0.0,0.0,0.0,"SELECT * FROM orders, customer WHERE orders.o_custkey = customer.c_custkey AND o_totalprice = 177486.27 AND o_orderdate = DATE '1992-12-10';",1,0,random
1.0,1.0,1.0,1.0,1.0,0.0,0.0,0.0,0.0,0.0,0.0,0.0,0.0,0.0,0.0,0.0,0.0,0.0,0.0,0.0,"SELECT * FROM lineitem, orders, customer WHERE orders.o_custkey = customer.c_custkey AND lineitem.l_orderkey = orders.o_orderkey;",6001226,6001215,random
1.0,1.0,0.0,1.0,0.0,1.0,0.6666666666666666,0.6666666666666666,1.0,0.2590436590435513,0.6058212058209539,1.0,0.16932077175735508,0.16932077175735508,0.0,0.0,0.0,0.0,0.0,0.0,"SELECT * FROM customer, orders WHERE orders.o_custkey = customer.c_custkey AND c_mktsegment = 'HOUSEHOLD' AND o_totalprice = 94733.79 AND o_orderdate BETWEEN DATE '1993-09-15' AND DATE '1995-12-28';",1,0,random
1.0,0.0,0.0,0.0,0.0,1.0,0.3333333333333333,0.3333333333333333,0.0,0.0,0.0,0.0,0.0,0.0,0.0,0.0,0.0,0.0,0.0,0.0,SELECT * FROM customer WHERE c_mktsegment = 'BUILDING';,29665,30142,random
0.0,0.0,1.0,0.0,0.0,0.0,0.0,0.0,0.0,0.0,0.0,0.0,0.0,0.0,0.0,0.0,0.0,0.0,0.0,0.0,SELECT * FROM lineitem;,6001226,6001215,random
1.0,1.0,1.0,1.0,1.0,0.0,0.0,0.0,0.0,0.0,0.0,1.0,0.5711651625223637,0.7320894185068046,0.0,0.0,0.0,1.0,0.2949415782252796,0.8310378070060113,"SELECT * FROM customer, orders, lineitem WHERE orders.o_custkey = customer.c_custkey AND lineitem.l_orderkey = orders.o_orderkey AND o_totalprice BETWEEN 317527.35 AND 406748.18 AND l_discount BETWEEN 0.03 AND 0.08;",98871,193245,random
0.0,0.0,1.0,0.0,0.0,0.0,0.0,0.0,0.0,0.0,0.0,0.0,0.0,0.0,1.0,0.27845319905035953,0.27845319905035953,1.0,0.08686382880744402,0.49325554520651804,SELECT * FROM lineitem WHERE l_discount BETWEEN 0.01 AND 0.05 AND l_quantity = 14.64;,1,0,random
1.0,1.0,1.0,1.0,1.0,0.0,0.0,0.0,1.0,0.6877338877336018,0.6877338877336018,0.0,0.0,0.0,1.0,0.6720814762652266,0.7355217450173901,0.0,0.0,0.0,"SELECT * FROM orders, lineitem, customer WHERE orders.o_custkey = customer.c_custkey AND lineitem.l_orderkey = orders.o_orderkey AND l_quantity BETWEEN 33.93 AND 37.04 AND o_orderdate = DATE '1996-07-12';",192,204,random
1.0,1.0,1.0,1.0,1.0,0.0,0.0,0.0,0.0,0.0,0.0,0.0,0.0,0.0,0.0,0.0,0.0,0.0,0.0,0.0,"SELECT * FROM customer, orders, lineitem WHERE orders.o_custkey = customer.c_custkey AND lineitem.l_orderkey = orders.o_orderkey;",6001226,6001215,random
0.0,1.0,1.0,0.0,1.0,0.0,0.0,0.0,1.0,0.13139293139287675,0.6345114345111706,0.0,0.0,0.0,0.0,0.0,0.0,1.0,0.18710485460186596,0.4845071670679326,"SELECT * FROM lineitem, orders WHERE lineitem.l_orderkey = orders.o_orderkey AND l_discount BETWEEN 0.02 AND 0.05 AND o_orderdate BETWEEN DATE '1992-11-12' AND DATE '1996-03-06';",1086409,1100916,random
0.0,0.0,1.0,0.0,0.0,0.0,0.0,0.0,0.0,0.0,0.0,0.0,0.0,0.0,0.0,0.0,0.0,0.0,0.0,0.0,SELECT * FROM lineitem;,6001226,6001215,random
0.0,1.0,1.0,0.0,1.0,0.0,0.0,0.0,0.0,0.0,0.0,0.0,0.0,0.0,1.0,0.2347157868524768,0.6310263841015882,1.0,0.5304611321163779,0.5304611321163779,"SELECT * FROM orders, lineitem WHERE lineitem.l_orderkey = orders.o_orderkey AND l_quantity BETWEEN 12.50 AND 31.92 AND l_discount = 0.05;",203647,207077,random
1.0,1.0,1.0,1.0,1.0,1.0,0.8333333333333334,0.8333333333333334,1.0,0.09646569646565635,0.11226611226606559,0.0,0.0,0.0,0.0,0.0,0.0,0.0,0.0,0.0,"SELECT * FROM orders, lineitem, customer WHERE orders.o_custkey = customer.c_custkey AND lineitem.l_orderkey = orders.o_orderkey AND c_mktsegment = 'MACHINERY' AND o_orderdate BETWEEN DATE '1992-08-20' AND DATE '1992-09-27';",20532,19531,random
1.0,1.0,1.0,1.0,1.0,0.0,0.0,0.0,0.0,0.0,0.0,0.0,0.0,0.0,0.0,0.0,0.0,0.0,0.0,0.0,"SELECT * FROM orders, customer, lineitem WHERE orders.o_custkey = customer.c_custkey AND lineitem.l_orderkey = orders.o_orderkey;",6001226,6001215,random
0.0,1.0,0.0,0.0,0.0,0.0,0.0,0.0,1.0,0.48898128898108567,0.80457380457347,1.0,0.7048188010458475,0.7736817813081387,0.0,0.0,0.0,0.0,0.0,0.0,SELECT * FROM orders WHERE o_totalprice BETWEEN 391628.60 AND 429808.13 AND o_orderdate BETWEEN DATE '1995-03-22' AND DATE '1997-04-19';,1404,1306,random
1.0,1.0,0.0,1.0,0.0,1.0,0.6666666666666666,0.6666666666666666,0.0,0.0,0.0,0.0,0.0,0.0,0.0,0.0,0.0,0.0,0.0,0.0,"SELECT * FROM customer, orders WHERE orders.o_custkey = customer.c_custkey AND c_mktsegment = 'HOUSEHOLD';",297100,300147,random
0.0,1.0,0.0,0.0,0.0,0.0,0.0,0.0,1.0,0.4249480249478483,0.8087318087314724,1.0,0.05463336608050174,0.05463336608050174,0.0,0.0,0.0,0.0,0.0,0.0,SELECT * FROM orders WHERE o_orderdate BETWEEN DATE '1994-10-19' AND DATE '1997-04-29' AND o_totalprice = 31147.95;,1,0,random
1.0,1.0,0.0,1.0,0.0,1.0,0.8333333333333334,0.8333333333333334,1.0,0.22120582120572924,0.8752598752595113,0.0,0.0,0.0,0.0,0.0,0.0,0.0,0.0,0.0,"SELECT * FROM customer, orders WHERE orders.o_custkey = customer.c_custkey AND o_orderdate BETWEEN DATE '1993-06-16' AND DATE '1997-10-06' AND c_mktsegment = 'MACHINERY';",199005,195647,random
0.0,0.0,1.0,0.0,0.0,0.0,0.0,0.0,0.0,0.0,0.0,0.0,0.0,0.0,1.0,0.021117693203352567,0.37918812848041994,1.0,0.5397673047740495,0.5397673047740495,SELECT * FROM lineitem WHERE l_discount = 0.05 AND l_quantity BETWEEN 2.03 AND 19.58;,178436,185543,random
1.0,1.0,1.0,1.0,1.0,0.0,0.0,0.0,0.0,0.0,0.0,1.0,0.3955262888947332,0.7178205045263043,0.0,0.0,0.0,0.0,0.0,0.0,"SELECT * FROM orders, customer, lineitem WHERE orders.o_custkey = customer.c_custkey AND lineitem.l_orderkey = orders.o_orderkey AND o_totalprice BETWEEN 220148.34 AND 398837.10;",1359050,2164264,random
1.0,1.0,0.0,1.0,0.0,1.0,0.8333333333333334,0.8333333333333334,0.0,0.0,0.0,0.0,0.0,0.0,0.0,0.0,0.0,0.0,0.0,0.0,"SELECT * FROM customer, orders WHERE orders.o_custkey = customer.c_custkey AND c_mktsegment = 'MACHINERY';",304500,298980,random
1.0,1.0,1.0,1.0,1.0,0.0,0.0,0.0,1.0,0.631600831600569,0.631600831600569,1.0,0.03377801382883066,0.7499153921279507,1.0,0.28308972195305687,0.28308972195305687,0.0,0.0,0.0,"SELECT * FROM customer, orders, lineitem WHERE orders.o_custkey = customer.c_custkey AND lineitem.l_orderkey = orders.o_orderkey AND l_quantity = 14.87 AND o_orderdate = DATE '1996-02-28' AND o_totalprice BETWEEN 19585.17 AND 416631.39;",1,0,random
1.0,1.0,1.0,1.0,1.0,0.0,0.0,0.0,1.0,0.7426195426192338,0.7426195426192338,0.0,0.0,0.0,1.0,0.39112389976689765,0.8314717158929561,1.0,0.09555667346432352,0.9189745554210305,"SELECT * FROM orders, customer, lineitem WHERE orders.o_custkey = customer.c_custkey AND lineitem.l_orderkey = orders.o_orderkey AND o_orderdate = DATE '1996-11-21' AND l_discount BETWEEN 0.01 AND 0.09 AND l_quantity BETWEEN 20.17 AND 41.74;",860,851,random
1.0,1.0,1.0,1.0,1.0,0.0,0.0,0.0,0.0,0.0,0.0,0.0,0.0,0.0,0.0,0.0,0.0,0.0,0.0,0.0,"SELECT * FROM orders, customer, lineitem WHERE orders.o_custkey = customer.c_custkey AND lineitem.l_orderkey = orders.o_orderkey;",6001226,6001215,random
0.0,1.0,1.0,0.0,1.0,0.0,0.0,0.0,0.0,0.0,0.0,0.0,0.0,0.0,0.0,0.0,0.0,0.0,0.0,0.0,"SELECT * FROM lineitem, orders WHERE lineitem.l_orderkey = orders.o_orderkey;",6001226,6001215,random
1.0,1.0,0.0,1.0,0.0,1.0,0.6666666666666666,0.6666666666666666,0.0,0.0,0.0,0.0,0.0,0.0,0.0,0.0,0.0,0.0,0.0,0.0,"SELECT * FROM orders, customer WHERE orders.o_custkey = customer.c_custkey AND c_mktsegment = 'HOUSEHOLD';",297100,300147,random
0.0,1.0,0.0,0.0,0.0,0.0,0.0,0.0,1.0,0.45197505197486404,0.7143451143448173,1.0,0.024891871194158543,0.7712057920702945,0.0,0.0,0.0,0.0,0.0,0.0,SELECT * FROM orders WHERE o_orderdate BETWEEN DATE '1994-12-23' AND DATE '1996-09-14' AND o_totalprice BETWEEN 14658.45 AND 428435.37;,378808,382572,random
0.0,1.0,1.0,0.0,1.0,0.0,0.0,0.0,0.0,0.0,0.0,0.0,0.0,0.0,0.0,0.0,0.0,0.0,0.0,0.0,"SELECT * FROM orders, lineitem WHERE lineitem.l_orderkey = orders.o_orderkey;",6001226,6001215,random
1.0,0.0,0.0,0.0,0.0,1.0,0.6666666666666666,0.6666666666666666,0.0,0.0,0.0,0.0,0.0,0.0,0.0,0.0,0.0,0.0,0.0,0.0,SELECT * FROM customer WHERE c_mktsegment = 'HOUSEHOLD';,29710,30189,random
1.0,1.0,1.0,1.0,1.0,0.0,0.0,0.0,0.0,0.0,0.0,0.0,0.0,0.0,0.0,0.0,0.0,0.0,0.0,0.0,"SELECT * FROM customer, orders, lineitem WHERE orders.o_custkey = customer.c_custkey AND lineitem.l_orderkey = orders.o_orderkey;",6001226,6001215,random
1.0,1.0,1.0,1.0,1.0,1.0,0.3333333333333333,0.3333333333333333,0.0,0.0,0.0,0.0,0.0,0.0,1.0,0.488726888181642,0.49981546634172724,1.0,0.2092241754697411,0.26814489312842005,"SELECT * FROM orders, customer, lineitem WHERE orders.o_custkey = customer.c_custkey AND lineitem.l_orderkey = orders.o_orderkey AND l_discount BETWEEN 0.02 AND 0.03 AND l_quantity BETWEEN 24.95 AND 25.49 AND c_mktsegment = 'BUILDING';",4349,4512,random
0.0,1.0,1.0,0.0,1.0,0.0,0.0,0.0,0.0,0.0,0.0,0.0,0.0,0.0,0.0,0.0,0.0,0.0,0.0,0.0,"SELECT * FROM lineitem, orders WHERE lineitem.l_orderkey = orders.o_orderkey;",6001226,6001215,random
1.0,1.0,0.0,1.0,0.0,0.0,0.0,0.0,1.0,0.8698544698541082,0.8698544698541082,0.0,0.0,0.0,0.0,0.0,0.0,0.0,0.0,0.0,"SELECT * FROM customer, orders WHERE orders.o_custkey = customer.c_custkey AND o_orderdate = DATE '1997-09-23';",622,576,random
0.0,1.0,0.0,0.0,0.0,0.0,0.0,0.0,1.0,0.13970893970888162,0.5243243243241064,0.0,0.0,0.0,0.0,0.0,0.0,0.0,0.0,0.0,SELECT * FROM orders WHERE o_orderdate BETWEEN DATE '1992-12-02' AND DATE '1995-06-15';,569595,577199,random
1.0,1.0,1.0,1.0,1.0,0.0,0.0,0.0,0.0,0.0,0.0,0.0,0.0,0.0,1.0,0.3716318127720984,0.615100487231167,1.0,0.1415175952036312,0.5232512353563902,"SELECT * FROM orders, customer, lineitem WHERE orders.o_custkey = customer.c_custkey AND lineitem.l_orderkey = orders.o_orderkey AND l_quantity BETWEEN 19.21 AND 31.14 AND l_discount BETWEEN 0.01 AND 0.05;",667294,655565,random
0.0,0.0,1.0,0.0,0.0,0.0,0.0,0.0,0.0,0.0,0.0,0.0,0.0,0.0,1.0,0.21061713200528615,0.3301771724684178,1.0,0.927841640189374,0.9961865284691545,SELECT * FROM lineitem WHERE l_quantity BETWEEN 11.32 AND 17.18 AND l_discount BETWEEN 0.09 AND 0.10;,131680,130810,random
0.0,0.0,1.0,0.0,0.0,0.0,0.0,0.0,0.0,0.0,0.0,0.0,0.0,0.0,0.0,0.0,0.0,0.0,0.0,0.0,SELECT * FROM lineitem;,6001226,6001215,random
1.0,1.0,0.0,1.0,0.0,0.0,0.0,0.0,0.0,0.0,0.0,0.0,0.0,0.0,0.0,0.0,0.0,0.0,0.0,0.0,"SELECT * FROM customer, orders WHERE orders.o_custkey = customer.c_custkey;",1500000,1500000,random
1.0,1.0,0.0,1.0,0.0,1.0,0.6666666666666666,0.6666666666666666,1.0,0.06112266112263571,0.06112266112263571,1.0,0.06677200161257955,0.6363435280260139,0.0,0.0,0.0,0.0,0.0,0.0,"SELECT * FROM customer, orders WHERE orders.o_custkey = customer.c_custkey AND o_orderdate = DATE '1992-05-27' AND c_mktsegment = 'HOUSEHOLD' AND o_totalprice BETWEEN 37877.94 AND 353664.03;",109,96,random
1.0,1.0,1.0,1.0,1.0,1.0,0.8333333333333334,0.8333333333333334,0.0,0.0,0.0,0.0,0.0,0.0,1.0,0.5611122961303593,0.9343079198315009,0.0,0.0,0.0,"SELECT * FROM orders, lineitem, customer WHERE orders.o_custkey = customer.c_custkey AND lineitem.l_orderkey = orders.o_orderkey AND c_mktsegment = 'MACHINERY' AND l_quantity BETWEEN 28.49 AND 46.78;",436945,430684,random
1.0,1.0,1.0,1.0,1.0,0.0,0.0,0.0,0.0,0.0,0.0,1.0,0.126704087830219,0.5223178013214239,0.0,0.0,0.0,1.0,0.38294651222361686,0.575655706221958,"SELECT * FROM customer, orders, lineitem WHERE orders.o_custkey = customer.c_custkey AND lineitem.l_orderkey = orders.o_orderkey AND o_totalprice BETWEEN 71105.93 AND 290445.04 AND l_discount BETWEEN 0.04 AND 0.06;",1148501,1301248,random
1.0,1.0,1.0,1.0,1.0,0.0,0.0,0.0,0.0,0.0,0.0,0.0,0.0,0.0,1.0,0.8033538282865524,0.8033538282865524,0.0,0.0,0.0,"SELECT * FROM lineitem, orders, customer WHERE orders.o_custkey = customer.c_custkey AND lineitem.l_orderkey = orders.o_orderkey AND l_quantity = 40.36;",1,0,random
1.0,0.0,0.0,0.0,0.0,1.0,0.16666666666666666,0.16666666666666666,0.0,0.0,0.0,0.0,0.0,0.0,0.0,0.0,0.0,0.0,0.0,0.0,SELECT * FROM customer WHERE c_mktsegment = 'AUTOMOBILE';,30000,29752,random
1.0,1.0,0.0,1.0,0.0,1.0,0.6666666666666666,0.6666666666666666,1.0,0.5002079002076922,0.5002079002076922,1.0,0.560145135173548,0.560145135173548,0.0,0.0,0.0,0.0,0.0,0.0,"SELECT * FROM customer, orders WHERE orders.o_custkey = customer.c_custkey AND c_mktsegment = 'HOUSEHOLD' AND o_orderdate = DATE '1995-04-18' AND o_totalprice = 311417.55;",1,0,random
1.0,1.0,0.0,1.0,0.0,1.0,0.8333333333333334,0.8333333333333334,0.0,0.0,0.0,1.0,0.6053809958859612,0.6053809958859612,0.0,0.0,0.0,0.0,0.0,0.0,"SELECT * FROM orders, customer WHERE orders.o_custkey = customer.c_custkey AND c_mktsegment = 'MACHINERY' AND o_totalprice = 336497.55;",1,0,random
1.0,0.0,0.0,0.0,0.0,1.0,0.3333333333333333,0.3333333333333333,0.0,0.0,0.0,0.0,0.0,0.0,0.0,0.0,0.0,0.0,0.0,0.0,SELECT * FROM customer WHERE c_mktsegment = 'BUILDING';,29665,30142,random
1.0,1.0,1.0,1.0,1.0,0.0,0.0,0.0,1.0,0.3459459459458021,0.7704781704778502,0.0,0.0,0.0,1.0,0.8661384386071167,0.8661384386071167,0.0,0.0,0.0,"SELECT * FROM lineitem, orders, customer WHERE orders.o_custkey = customer.c_custkey AND lineitem.l_orderkey = orders.o_orderkey AND l_quantity = 43.44 AND o_orderdate BETWEEN DATE '1994-04-12' AND DATE '1997-01-27';",1,0,random
0.0,1.0,1.0,0.0,1.0,0.0,0.0,0.0,0.0,0.0,0.0,0.0,0.0,0.0,0.0,0.0,0.0,0.0,0.0,0.0,"SELECT * FROM lineitem, orders WHERE lineitem.l_orderkey = orders.o_orderkey;",6001226,6001215,random
0.0,1.0,0.0,0.0,0.0,0.0,0.0,0.0,0.0,0.0,0.0,0.0,0.0,0.0,0.0,0.0,0.0,0.0,0.0,0.0,SELECT * FROM orders;,1500000,1500000,random
1.0,1.0,1.0,1.0,1.0,0.0,0.0,0.0,0.0,0.0,0.0,0.0,0.0,0.0,0.0,0.0,0.0,0.0,0.0,0.0,"SELECT * FROM orders, lineitem, customer WHERE orders.o_custkey = customer.c_custkey AND lineitem.l_orderkey = orders.o_orderkey;",6001226,6001215,random
1.0,1.0,1.0,1.0,1.0,0.0,0.0,0.0,0.0,0.0,0.0,0.0,0.0,0.0,0.0,0.0,0.0,0.0,0.0,0.0,"SELECT * FROM lineitem, orders, customer WHERE orders.o_custkey = customer.c_custkey AND lineitem.l_orderkey = orders.o_orderkey;",6001226,6001215,random
1.0,1.0,1.0,1.0,1.0,0.0,0.0,0.0,0.0,0.0,0.0,0.0,0.0,0.0,0.0,0.0,0.0,0.0,0.0,0.0,"SELECT * FROM orders, customer, lineitem WHERE orders.o_custkey = customer.c_custkey AND lineitem.l_orderkey = orders.o_orderkey;",6001226,6001215,random
0.0,1.0,1.0,0.0,1.0,0.0,0.0,0.0,1.0,0.8523908523904979,0.8523908523904979,0.0,0.0,0.0,1.0,0.3142365522430444,0.8578903044889391,1.0,0.1194267637711473,0.4433780017672946,"SELECT * FROM lineitem, orders WHERE lineitem.l_orderkey = orders.o_orderkey AND l_discount BETWEEN 0.01 AND 0.04 AND l_quantity BETWEEN 16.40 AND 43.04 AND o_orderdate = DATE '1997-08-12';",495,443,random
1.0,1.0,1.0,1.0,1.0,0.0,0.0,0.0,0.0,0.0,0.0,0.0,0.0,0.0,0.0,0.0,0.0,0.0,0.0,0.0,"SELECT * FROM lineitem, orders, customer WHERE orders.o_custkey = customer.c_custkey AND lineitem.l_orderkey = orders.o_orderkey;",6001226,6001215,random
1.0,1.0,1.0,1.0,1.0,0.0,0.0,0.0,0.0,0.0,0.0,0.0,0.0,0.0,1.0,0.443398870850309,0.443398870850309,1.0,0.1986833991262939,0.1986833991262939,"SELECT * FROM orders, customer, lineitem WHERE orders.o_custkey = customer.c_custkey AND lineitem.l_orderkey = orders.o_orderkey AND l_quantity = 22.73 AND l_discount = 0.02;",1,0,random
1.0,1.0,0.0,1.0,0.0,1.0,0.16666666666666666,0.16666666666666666,0.0,0.0,0.0,1.0,0.5681732657261601,0.5681732657261601,0.0,0.0,0.0,0.0,0.0,0.0,"SELECT * FROM customer, orders WHERE orders.o_custkey = customer.c_custkey AND c_mktsegment = 'AUTOMOBILE' AND o_totalprice = 315868.56;",1,0,random
1.0,1.0,1.0,1.0,1.0,0.0,0.0,0.0,1.0,0.626611226610966,0.626611226610966,0.0,0.0,0.0,0.0,0.0,0.0,0.0,0.0,0.0,"SELECT * FROM lineitem, orders, customer WHERE orders.o_custkey = customer.c_custkey AND lineitem.l_orderkey = orders.o_orderkey AND o_orderdate = DATE '1996-02-16';",2489,2705,random
1.0,0.0,0.0,0.0,0.0,0.0,0.0,0.0,0.0,0.0,0.0,0.0,0.0,0.0,0.0,0.0,0.0,0.0,0.0,0.0,SELECT * FROM customer;,150000,150000,random
0.0,1.0,0.0,0.0,0.0,0.0,0.0,0.0,0.0,0.0,0.0,0.0,0.0,0.0,0.0,0.0,0.0,0.0,0.0,0.0,SELECT * FROM orders;,1500000,1500000,random
1.0,1.0,1.0,1.0,1.0,0.0,0.0,0.0,0.0,0.0,0.0,0.0,0.0,0.0,1.0,0.14042607370507199,0.14042607370507199,1.0,0.22596037784216091,0.22596037784216091,"SELECT * FROM customer, orders, lineitem WHERE orders.o_custkey = customer.c_custkey AND lineitem.l_orderkey = orders.o_orderkey AND l_quantity = 7.88 AND l_discount = 0.02;",1,0,random
1.0,0.0,0.0,0.0,0.0,1.0,0.5,0.5,0.0,0.0,0.0,0.0,0.0,0.0,0.0,0.0,0.0,0.0,0.0,0.0,SELECT * FROM customer WHERE c_mktsegment = 'FURNITURE';,30175,29968,random
1.0,1.0,0.0,1.0,0.0,0.0,0.0,0.0,1.0,0.6307692307689685,0.8316008316004858,1.0,0.34885919669546517,0.6418259108293247,0.0,0.0,0.0,0.0,0.0,0.0,"SELECT * FROM orders, customer WHERE orders.o_custkey = customer.c_custkey AND o_totalprice BETWEEN 194274.82 AND 356703.61 AND o_orderdate BETWEEN DATE '1996-02-26' AND DATE '1997-06-23';",93157,93271,random
0.0,0.0,1.0,0.0,0.0,0.0,0.0,0.0,0.0,0.0,0.0,0.0,0.0,0.0,1.0,0.21066279704256796,0.702187466859296,0.0,0.0,0.0,SELECT * FROM lineitem WHERE l_quantity BETWEEN 11.32 AND 35.41;,2890991,2881975,random
0.0,1.0,1.0,0.0,1.0,0.0,0.0,0.0,0.0,0.0,0.0,0.0,0.0,0.0,0.0,0.0,0.0,0.0,0.0,0.0,"SELECT * FROM lineitem, orders WHERE lineitem.l_orderkey = orders.o_orderkey;",6001226,6001215,random
1.0,1.0,0.0,1.0,0.0,0.0,0.0,0.0,1.0,0.13970893970888162,0.18627858627850882,1.0,0.11529818562440408,0.11529818562440408,0.0,0.0,0.0,0.0,0.0,0.0,"SELECT * FROM customer, orders WHERE orders.o_custkey = customer.c_custkey AND o_totalprice = 64782.19 AND o_orderdate BETWEEN DATE '1992-12-02' AND DATE '1993-03-24';",1,0,random
1.0,1.0,1.0,1.0,1.0,0.0,0.0,0.0,0.0,0.0,0.0,0.0,0.0,0.0,0.0,0.0,0.0,0.0,0.0,0.0,"SELECT * FROM orders, customer, lineitem WHERE orders.o_custkey = customer.c_custkey AND lineitem.l_orderkey = orders.o_orderkey;",6001226,6001215,random
0.0,1.0,0.0,0.0,0.0,0.0,0.0,0.0,1.0,0.0997920997920583,0.9130977130973335,1.0,0.4668412323801069,0.4668412323801069,0.0,0.0,0.0,0.0,0.0,0.0,SELECT * FROM orders WHERE o_orderdate BETWEEN DATE '1992-08-28' AND DATE '1998-01-05' AND o_totalprice = 259687.30;,1,0,random
1.0,0.0,0.0,0.0,0.0,1.0,0.8333333333333334,0.8333333333333334,0.0,0.0,0.0,0.0,0.0,0.0,0.0,0.0,0.0,0.0,0.0,0.0,SELECT * FROM customer WHERE c_mktsegment = 'MACHINERY';,30450,29949,random
0.0,1.0,1.0,0.0,1.0,0.0,0.0,0.0,1.0,0.03991683991682332,0.9288981288977427,0.0,0.0,0.0,1.0,0.48255759237135976,0.6009419212954655,0.0,0.0,0.0,"SELECT * FROM lineitem, orders WHERE lineitem.l_orderkey = orders.o_orderkey AND l_quantity BETWEEN 24.65 AND 30.45 AND o_orderdate BETWEEN DATE '1992-04-06' AND DATE '1998-02-12';",653817,640351,random
0.0,1.0,1.0,0.0,1.0,0.0,0.0,0.0,1.0,0.1638253638252957,0.16632016632009716,1.0,0.5240854561214298,0.9514938814373873,1.0,0.5968511548906621,0.5968511548906621,0.0,0.0,0.0,"SELECT * FROM lineitem, orders WHERE lineitem.l_orderkey = orders.o_orderkey AND o_orderdate BETWEEN DATE '1993-01-29' AND DATE '1993-02-04' AND l_quantity = 30.25 AND o_totalprice BETWEEN 291425.07 AND 528392.04;",1,0,random
1.0,1.0,1.0,1.0,1.0,0.0,0.0,0.0,0.0,0.0,0.0,1.0,0.0008432094649121186,0.16534208104452255,1.0,0.8829547402981662,0.8829547402981662,0.0,0.0,0.0,"SELECT * FROM customer, orders, lineitem WHERE orders.o_custkey = customer.c_custkey AND lineitem.l_orderkey = orders.o_orderkey AND o_totalprice BETWEEN 1325.21 AND 92527.90 AND l_quantity = 44.26;",1,0,random
1.0,1.0,0.0,1.0,0.0,1.0,0.6666666666666666,0.6666666666666666,1.0,0.24490644490634308,0.24490644490634308,1.0,0.37425781045067813,0.8456683961719893,0.0,0.0,0.0,0.0,0.0,0.0,"SELECT * FROM customer, orders WHERE orders.o_custkey = customer.c_custkey AND o_orderdate = DATE '1993-08-12' AND o_totalprice BETWEEN 208356.51 AND 469719.48 AND c_mktsegment = 'HOUSEHOLD';",33,40,random
1.0,0.0,0.0,0.0,0.0,1.0,0.8333333333333334,0.8333333333333334,0.0,0.0,0.0,0.0,0.0,0.0,0.0,0.0,0.0,0.0,0.0,0.0,SELECT * FROM customer WHERE c_mktsegment = 'MACHINERY';,30450,29949,random
1.0,1.0,1.0,1.0,1.0,0.0,0.0,0.0,0.0,0.0,0.0,0.0,0.0,0.0,0.0,0.0,0.0,0.0,0.0,0.0,"SELECT * FROM lineitem, orders, customer WHERE orders.o_custkey = customer.c_custkey AND lineitem.l_orderkey = orders.o_orderkey;",6001226,6001215,random
0.0,1.0,1.0,0.0,1.0,0.0,0.0,0.0,1.0,0.3467775467774026,0.5338877338875119,1.0,0.17816003239038491,0.23515758193382996,1.0,0.02689626978054915,0.9702256663424624,0.0,0.0,0.0,"SELECT * FROM orders, lineitem WHERE lineitem.l_orderkey = orders.o_orderkey AND o_orderdate BETWEEN DATE '1994-04-14' AND DATE '1995-07-08' AND l_quantity BETWEEN 2.32 AND 48.54 AND o_totalprice BETWEEN 99634.52 AND 131235.53;",121753,105564,random
0.0,1.0,1.0,0.0,1.0,0.0,0.0,0.0,0.0,0.0,0.0,1.0,0.04424791940474751,0.3019379186287563,0.0,0.0,0.0,0.0,0.0,0.0,"SELECT * FROM lineitem, orders WHERE lineitem.l_orderkey = orders.o_orderkey AND o_totalprice BETWEEN 25389.97 AND 168260.38;",3180874,2335276,random
0.0,1.0,0.0,0.0,0.0,0.0,0.0,0.0,1.0,0.2607068607067523,0.48024948024928055,1.0,0.3110920741171794,0.3110920741171794,0.0,0.0,0.0,0.0,0.0,0.0,SELECT * FROM orders WHERE o_totalprice = 173335.70 AND o_orderdate BETWEEN DATE '1993-09-19' AND DATE '1995-03-01';,1,0,random
1.0,1.0,1.0,1.0,1.0,0.0,0.0,0.0,0.0,0.0,0.0,1.0,0.10140509647033039,0.8624664798712234,1.0,0.012224489158766607,0.31902577823300404,0.0,0.0,0.0,"SELECT * FROM customer, orders, lineitem WHERE orders.o_custkey = customer.c_custkey AND lineitem.l_orderkey = orders.o_orderkey AND o_totalprice BETWEEN 57079.48 AND 479032.80 AND l_quantity BETWEEN 1.60 AND 16.63;",1486718,1609829,random
1.0,1.0,1.0,1.0,1.0,1.0,0.6666666666666666,0.6666666666666666,0.0,0.0,0.0,1.0,0.11595841946926723,0.7420650097289456,0.0,0.0,0.0,0.0,0.0,0.0,"SELECT * FROM orders, customer, lineitem WHERE orders.o_custkey = customer.c_custkey AND lineitem.l_orderkey = orders.o_orderkey AND o_totalprice BETWEEN 65148.24 AND 412278.92 AND c_mktsegment = 'HOUSEHOLD';",941424,1107603,random
1.0,1.0,0.0,1.0,0.0,0.0,0.0,0.0,0.0,0.0,0.0,0.0,0.0,0.0,0.0,0.0,0.0,0.0,0.0,0.0,"SELECT * FROM orders, customer WHERE orders.o_custkey = customer.c_custkey;",1500000,1500000,random
1.0,1.0,1.0,1.0,1.0,0.0,0.0,0.0,0.0,0.0,0.0,0.0,0.0,0.0,1.0,0.6145201155986302,0.8722051937326809,0.0,0.0,0.0,"SELECT * FROM orders, customer, lineitem WHERE orders.o_custkey = customer.c_custkey AND lineitem.l_orderkey = orders.o_orderkey AND l_quantity BETWEEN 31.11 AND 43.74;",1429092,1442672,random
1.0,1.0,0.0,1.0,0.0,1.0,0.5,0.5,1.0,0.04989604989602915,0.59916839916815,1.0,0.4257025371302786,0.4257025371302786,0.0,0.0,0.0,0.0,0.0,0.0,"SELECT * FROM orders, customer WHERE orders.o_custkey = customer.c_custkey AND o_orderdate BETWEEN DATE '1992-04-30' AND DATE '1995-12-12' AND o_totalprice = 236878.88 AND c_mktsegment = 'FURNITURE';",1,0,random
1.0,1.0,1.0,1.0,1.0,1.0,0.8333333333333334,0.8333333333333334,1.0,0.7318087318084275,0.7318087318084275,0.0,0.0,0.0,1.0,0.635982699944623,0.635982699944623,0.0,0.0,0.0,"SELECT * FROM customer, orders, lineitem WHERE orders.o_custkey = customer.c_custkey AND lineitem.l_orderkey = orders.o_orderkey AND l_quantity = 32.16 AND c_mktsegment = 'MACHINERY' AND o_orderdate = DATE '1996-10-26';",1,0,random
0.0,1.0,1.0,0.0,1.0,0.0,0.0,0.0,0.0,0.0,0.0,0.0,0.0,0.0,0.0,0.0,0.0,1.0,0.43110054220336175,0.6329200166758852,"SELECT * FROM orders, lineitem WHERE lineitem.l_orderkey = orders.o_orderkey AND l_discount BETWEEN 0.04 AND 0.06;",1630733,1636910,random
0.0,1.0,1.0,0.0,1.0,0.0,0.0,0.0,0.0,0.0,0.0,1.0,0.1467504472237337,0.1467504472237337,1.0,0.637814483126472,0.8820368878447018,0.0,0.0,0.0,"SELECT * FROM orders, lineitem WHERE lineitem.l_orderkey = orders.o_orderkey AND o_totalprice = 82220.19 AND l_quantity BETWEEN 32.25 AND 44.22;",1,0,random
0.0,1.0,1.0,0.0,1.0,0.0,0.0,0.0,1.0,0.18378378378370736,0.746361746361436,1.0,0.07928328094522126,0.7426849147895365,0.0,0.0,0.0,1.0,0.7936447868230314,0.9651600407139179,"SELECT * FROM lineitem, orders WHERE lineitem.l_orderkey = orders.o_orderkey AND o_orderdate BETWEEN DATE '1993-03-18' AND DATE '1996-11-30' AND o_totalprice BETWEEN 44814.54 AND 412622.61 AND l_discount BETWEEN 0.08 AND 0.10;",796941,879877,random
1.0,1.0,1.0,1.0,1.0,0.0,0.0,0.0,1.0,0.6045738045735531,0.9093555093551312,0.0,0.0,0.0,0.0,0.0,0.0,1.0,0.2768538082389249,0.778308966316915,"SELECT * FROM orders, lineitem, customer WHERE orders.o_custkey = customer.c_custkey AND lineitem.l_orderkey = orders.o_orderkey AND l_discount BETWEEN 0.03 AND 0.08 AND o_orderdate BETWEEN DATE '1995-12-25' AND DATE '1997-12-27';",1015187,1000231,random
1.0,1.0,1.0,1.0,1.0,0.0,0.0,0.0,0.0,0.0,0.0,1.0,0.5990794508923446,0.5990794508923446,1.0,0.22132368552847606,0.3181593946835116,0.0,0.0,0.0,"SELECT * FROM orders, lineitem, customer WHERE orders.o_custkey = customer.c_custkey AND lineitem.l_orderkey = orders.o_orderkey AND o_totalprice = 333003.80 AND l_quantity BETWEEN 11.84 AND 16.59;",1,0,random
0.0,1.0,0.0,0.0,0.0,0.0,0.0,0.0,0.0,0.0,0.0,0.0,0.0,0.0,0.0,0.0,0.0,0.0,0.0,0.0,SELECT * FROM orders;,1500000,1500000,random
1.0,1.0,1.0,1.0,1.0,1.0,0.8333333333333334,0.8333333333333334,1.0,0.34054054054039895,0.34054054054039895,0.0,0.0,0.0,1.0,0.4443830635440454,0.4443830635440454,0.0,0.0,0.0,"SELECT * FROM lineitem, orders, customer WHERE orders.o_custkey = customer.c_custkey AND lineitem.l_orderkey = orders.o_orderkey AND c_mktsegment = 'MACHINERY' AND o_orderdate = DATE '1994-03-30' AND l_quantity = 22.77;",1,0,random
0.0,1.0,1.0,0.0,1.0,0.0,0.0,0.0,1.0,0.6311850311847688,0.9675675675671652,0.0,0.0,0.0,1.0,0.20755120178641662,0.3452991923849744,1.0,0.03226650966250235,0.03226650966250235,"SELECT * FROM lineitem, orders WHERE lineitem.l_orderkey = orders.o_orderkey AND l_discount = 0.00 AND o_orderdate BETWEEN DATE '1996-02-27' AND DATE '1998-05-16' AND l_quantity BETWEEN 11.17 AND 17.92;",22447,21959,random
1.0,1.0,1.0,1.0,1.0,0.0,0.0,0.0,0.0,0.0,0.0,0.0,0.0,0.0,0.0,0.0,0.0,0.0,0.0,0.0,"SELECT * FROM orders, customer, lineitem WHERE orders.o_custkey = customer.c_custkey AND lineitem.l_orderkey = orders.o_orderkey;",6001226,6001215,random
0.0,0.0,1.0,0.0,0.0,0.0,0.0,0.0,0.0,0.0,0.0,0.0,0.0,0.0,1.0,0.28388768103466827,0.7440520188861998,1.0,0.4153929906956464,0.7649401500576962,SELECT * FROM lineitem WHERE l_discount BETWEEN 0.04 AND 0.08 AND l_quantity BETWEEN 14.91 AND 37.46;,1253688,1255569,random
1.0,1.0,1.0,1.0,1.0,0.0,0.0,0.0,0.0,0.0,0.0,1.0,0.11063276656527056,0.11063276656527056,0.0,0.0,0.0,0.0,0.0,0.0,"SELECT * FROM orders, lineitem, customer WHERE orders.o_custkey = customer.c_custkey AND lineitem.l_orderkey = orders.o_orderkey AND o_totalprice = 62195.55;",4,0,random
1.0,1.0,0.0,1.0,0.0,1.0,0.3333333333333333,0.3333333333333333,1.0,0.31933471933458657,0.59916839916815,0.0,0.0,0.0,0.0,0.0,0.0,0.0,0.0,0.0,"SELECT * FROM customer, orders WHERE orders.o_custkey = customer.c_custkey AND c_mktsegment = 'BUILDING' AND o_orderdate BETWEEN DATE '1994-02-07' AND DATE '1995-12-12';",82460,85135,random
1.0,1.0,0.0,1.0,0.0,1.0,0.6666666666666666,0.6666666666666666,0.0,0.0,0.0,0.0,0.0,0.0,0.0,0.0,0.0,0.0,0.0,0.0,"SELECT * FROM customer, orders WHERE orders.o_custkey = customer.c_custkey AND c_mktsegment = 'HOUSEHOLD';",297100,300147,random
1.0,1.0,0.0,1.0,0.0,0.0,0.0,0.0,0.0,0.0,0.0,1.0,0.003337379788351795,0.8298663000319498,0.0,0.0,0.0,0.0,0.0,0.0,"SELECT * FROM orders, customer WHERE orders.o_custkey = customer.c_custkey AND o_totalprice BETWEEN 2708.04 AND 460958.37;",1489359,1493881,random
1.0,1.0,1.0,1.0,1.0,1.0,0.16666666666666666,0.16666666666666666,0.0,0.0,0.0,0.0,0.0,0.0,0.0,0.0,0.0,0.0,0.0,0.0,"SELECT * FROM lineitem, orders, customer WHERE orders.o_custkey = customer.c_custkey AND lineitem.l_orderkey = orders.o_orderkey AND c_mktsegment = 'AUTOMOBILE';",1200245,1189837,random
1.0,1.0,1.0,1.0,1.0,0.0,0.0,0.0,1.0,0.09064449064445296,0.4715176715174755,0.0,0.0,0.0,0.0,0.0,0.0,0.0,0.0,0.0,"SELECT * FROM customer, orders, lineitem WHERE orders.o_custkey = customer.c_custkey AND lineitem.l_orderkey = orders.o_orderkey AND o_orderdate BETWEEN DATE '1992-08-06' AND DATE '1995-02-08';",2271972,2284202,random
0.0,1.0,1.0,0.0,1.0,0.0,0.0,0.0,0.0,0.0,0.0,0.0,0.0,0.0,1.0,0.23931532483216722,0.472168892144021,1.0,0.13265005584763004,0.19978530000580028,"SELECT * FROM lineitem, orders WHERE lineitem.l_orderkey = orders.o_orderkey AND l_quantity BETWEEN 12.73 AND 24.14 AND l_discount BETWEEN 0.01 AND 0.02;",264766,262098,random
1.0,0.0,0.0,0.0,0.0,1.0,0.8333333333333334,0.8333333333333334,0.0,0.0,0.0,0.0,0.0,0.0,0.0,0.0,0.0,0.0,0.0,0.0,SELECT * FROM customer WHERE c_mktsegment = 'MACHINERY';,30450,29949,random
1.0,1.0,0.0,1.0,0.0,1.0,0.3333333333333333,0.3333333333333333,1.0,0.11101871101866485,0.6037422037419528,1.0,0.9201558151012539,0.9201558151012539,0.0,0.0,0.0,0.0,0.0,0.0,"SELECT * FROM customer, orders WHERE orders.o_custkey = customer.c_custkey AND o_orderdate BETWEEN DATE '1992-09-24' AND DATE '1995-12-23' AND o_totalprice = 511017.35 AND c_mktsegment = 'BUILDING';",1,0,random
0.0,1.0,1.0,0.0,1.0,0.0,0.0,0.0,0.0,0.0,0.0,1.0,0.8621689705946697,0.9955345501766276,1.0,0.7159765775157534,0.7159765775157534,1.0,0.41708960680489704,0.41708960680489704,"SELECT * FROM lineitem, orders WHERE lineitem.l_orderkey = orders.o_orderkey AND o_totalprice BETWEEN 478867.85 AND 552809.39 AND l_discount = 0.04 AND l_quantity = 36.08;",1,0,random
0.0,0.0,1.0,0.0,0.0,0.0,0.0,0.0,0.0,0.0,0.0,0.0,0.0,0.0,1.0,0.8223157578922666,0.8223157578922666,1.0,0.2929630683247299,0.7260317436257224,SELECT * FROM lineitem WHERE l_discount BETWEEN 0.03 AND 0.07 AND l_quantity = 41.29;,1,0,random
1.0,1.0,1.0,1.0,1.0,0.0,0.0,0.0,1.0,0.5796257796255386,0.7912681912678623,1.0,0.36646450618574733,0.6565369988965575,0.0,0.0,0.0,0.0,0.0,0.0,"SELECT * FROM orders, customer, lineitem WHERE orders.o_custkey = customer.c_custkey AND lineitem.l_orderkey = orders.o_orderkey AND o_orderdate BETWEEN DATE '1995-10-26' AND DATE '1997-03-18' AND o_totalprice BETWEEN 204035.69 AND 364859.84;",353616,535287,random
1.0,0.0,0.0,0.0,0.0,1.0,0.3333333333333333,0.3333333333333333,0.0,0.0,0.0,0.0,0.0,0.0,0.0,0.0,0.0,0.0,0.0,0.0,SELECT * FROM customer WHERE c_mktsegment = 'BUILDING';,29665,30142,random
0.0,1.0,1.0,0.0,1.0,0.0,0.0,0.0,1.0,0.3422037422035999,0.6889812889810025,0.0,0.0,0.0,0.0,0.0,0.0,0.0,0.0,0.0,"SELECT * FROM orders, lineitem WHERE lineitem.l_orderkey = orders.o_orderkey AND o_orderdate BETWEEN DATE '1994-04-03' AND DATE '1996-07-15';",2066842,2084550,random
1.0,1.0,0.0,1.0,0.0,0.0,0.0,0.0,0.0,0.0,0.0,0.0,0.0,0.0,0.0,0.0,0.0,0.0,0.0,0.0,"SELECT * FROM orders, customer WHERE orders.o_custkey = customer.c_custkey;",1500000,1500000,random
1.0,1.0,1.0,1.0,1.0,1.0,0.5,0.5,0.0,0.0,0.0,0.0,0.0,0.0,0.0,0.0,0.0,1.0,0.15830244388557949,0.6338945735539679,"SELECT * FROM customer, orders, lineitem WHERE orders.o_custkey = customer.c_custkey AND lineitem.l_orderkey = orders.o_orderkey AND c_mktsegment = 'FURNITURE' AND l_discount BETWEEN 0.02 AND 0.06;",549257,545204,random
1.0,1.0,0.0,1.0,0.0,0.0,0.0,0.0,1.0,0.2569646569645501,0.8590436590433018,0.0,0.0,0.0,0.0,0.0,0.0,0.0,0.0,0.0,"SELECT * FROM orders, customer WHERE orders.o_custkey = customer.c_custkey AND o_orderdate BETWEEN DATE '1993-09-10' AND DATE '1997-08-28';",904375,904865,random
1.0,1.0,0.0,1.0,0.0,0.0,0.0,0.0,1.0,0.5085239085236971,0.5085239085236971,1.0,0.47697433545038004,0.5168179601866342,0.0,0.0,0.0,0.0,0.0,0.0,"SELECT * FROM customer, orders WHERE orders.o_custkey = customer.c_custkey AND o_orderdate = DATE '1995-05-08' AND o_totalprice BETWEEN 265305.37 AND 287395.77;",25,28,random
1.0,1.0,1.0,1.0,1.0,1.0,0.8333333333333334,0.8333333333333334,0.0,0.0,0.0,0.0,0.0,0.0,0.0,0.0,0.0,0.0,0.0,0.0,"SELECT * FROM orders, lineitem, customer WHERE orders.o_custkey = customer.c_custkey AND lineitem.l_orderkey = orders.o_orderkey AND c_mktsegment = 'MACHINERY';",1218249,1195932,random
1.0,1.0,0.0,1.0,0.0,0.0,0.0,0.0,1.0,0.20623700623692048,0.20623700623692048,1.0,0.6086412353665694,0.6086412353665694,0.0,0.0,0.0,0.0,0.0,0.0,"SELECT * FROM orders, customer WHERE orders.o_custkey = customer.c_custkey AND o_orderdate = DATE '1993-05-11' AND o_totalprice = 338305.12;",1,0,random
1.0,1.0,1.0,1.0,1.0,0.0,0.0,0.0,1.0,0.032432432432418945,0.36340956340941233,0.0,0.0,0.0,0.0,0.0,0.0,0.0,0.0,0.0,"SELECT * FROM customer, orders, lineitem WHERE orders.o_custkey = customer.c_custkey AND lineitem.l_orderkey = orders.o_orderkey AND o_orderdate BETWEEN DATE '1992-03-19' AND DATE '1994-05-24';",1989422,1981426,random
1.0,1.0,1.0,1.0,1.0,0.0,0.0,0.0,0.0,0.0,0.0,1.0,0.7972698639291195,0.7972698639291195,0.0,0.0,0.0,0.0,0.0,0.0,"SELECT * FROM orders, lineitem, customer WHERE orders.o_custkey = customer.c_custkey AND lineitem.l_orderkey = orders.o_orderkey AND o_totalprice = 442886.01;",4,0,random
0.0,0.0,1.0,0.0,0.0,0.0,0.0,0.0,0.0,0.0,0.0,0.0,0.0,0.0,0.0,0.0,0.0,1.0,0.04023279194070353,0.45606604639671144,SELECT * FROM lineitem WHERE l_discount BETWEEN 0.00 AND 0.05;,3275269,3274126,random
1.0,1.0,1.0,1.0,1.0,0.0,0.0,0.0,0.0,0.0,0.0,0.0,0.0,0.0,0.0,0.0,0.0,0.0,0.0,0.0,"SELECT * FROM lineitem, orders, customer WHERE orders.o_custkey = customer.c_custkey AND lineitem.l_orderkey = orders.o_orderkey;",6001226,6001215,random
1.0,0.0,0.0,0.0,0.0,1.0,0.6666666666666666,0.6666666666666666,0.0,0.0,0.0,0.0,0.0,0.0,0.0,0.0,0.0,0.0,0.0,0.0,SELECT * FROM customer WHERE c_mktsegment = 'HOUSEHOLD';,29710,30189,random
1.0,0.0,0.0,0.0,0.0,1.0,0.16666666666666666,0.16666666666666666,0.0,0.0,0.0,0.0,0.0,0.0,0.0,0.0,0.0,0.0,0.0,0.0,SELECT * FROM customer WHERE c_mktsegment = 'AUTOMOBILE';,30000,29752,random
1.0,0.0,0.0,0.0,0.0,1.0,0.16666666666666666,0.16666666666666666,0.0,0.0,0.0,0.0,0.0,0.0,0.0,0.0,0.0,0.0,0.0,0.0,SELECT * FROM customer WHERE c_mktsegment = 'AUTOMOBILE';,30000,29752,random
1.0,1.0,0.0,1.0,0.0,1.0,0.8333333333333334,0.8333333333333334,1.0,0.42993762993745116,0.42993762993745116,0.0,0.0,0.0,0.0,0.0,0.0,0.0,0.0,0.0,"SELECT * FROM customer, orders WHERE orders.o_custkey = customer.c_custkey AND c_mktsegment = 'MACHINERY' AND o_orderdate = DATE '1994-10-31';",126,126,random
1.0,1.0,1.0,1.0,1.0,1.0,0.5,0.5,1.0,0.5139293139291002,0.9513513513509558,1.0,0.1765318760919522,0.49260513954705043,0.0,0.0,0.0,0.0,0.0,0.0,"SELECT * FROM lineitem, orders, customer WHERE orders.o_custkey = customer.c_custkey AND lineitem.l_orderkey = orders.o_orderkey AND o_totalprice BETWEEN 98731.83 AND 273971.52 AND o_orderdate BETWEEN DATE '1995-05-21' AND DATE '1998-04-07' AND c_mktsegment = 'FURNITURE';",302722,359492,random
0.0,1.0,1.0,0.0,1.0,0.0,0.0,0.0,1.0,0.756756756756442,0.756756756756442,1.0,0.4957879272336567,0.5095479299910828,0.0,0.0,0.0,1.0,0.006517285931558766,0.006517285931558766,"SELECT * FROM lineitem, orders WHERE lineitem.l_orderkey = orders.o_orderkey AND o_orderdate = DATE '1996-12-25' AND l_discount = 0.00 AND o_totalprice BETWEEN 275736.15 AND 283365.07;",3,5,random
0.0,1.0,0.0,0.0,0.0,0.0,0.0,0.0,0.0,0.0,0.0,0.0,0.0,0.0,0.0,0.0,0.0,0.0,0.0,0.0,SELECT * FROM orders;,1500000,1500000,random
1.0,1.0,1.0,1.0,1.0,0.0,0.0,0.0,0.0,0.0,0.0,1.0,0.3000614190664248,0.3000614190664248,0.0,0.0,0.0,1.0,0.32001585764365276,0.5303995144366135,"SELECT * FROM orders, customer, lineitem WHERE orders.o_custkey = customer.c_custkey AND lineitem.l_orderkey = orders.o_orderkey AND l_discount BETWEEN 0.03 AND 0.05 AND o_totalprice = 167220.00;",1,0,random
1.0,1.0,1.0,1.0,1.0,0.0,0.0,0.0,0.0,0.0,0.0,1.0,0.1571326578086705,0.956706982228652,0.0,0.0,0.0,0.0,0.0,0.0,"SELECT * FROM lineitem, orders, customer WHERE orders.o_custkey = customer.c_custkey AND lineitem.l_orderkey = orders.o_orderkey AND o_totalprice BETWEEN 87976.37 AND 531282.32;",4256734,5234378,random
1.0,1.0,1.0,1.0,1.0,1.0,0.3333333333333333,0.3333333333333333,0.0,0.0,0.0,0.0,0.0,0.0,1.0,0.7267096366878077,0.7267096366878077,0.0,0.0,0.0,"SELECT * FROM lineitem, orders, customer WHERE orders.o_custkey = customer.c_custkey AND lineitem.l_orderkey = orders.o_orderkey AND c_mktsegment = 'BUILDING' AND l_quantity = 36.61;",1,0,random
1.0,1.0,1.0,1.0,1.0,1.0,0.3333333333333333,0.3333333333333333,1.0,0.019126819126811172,0.7667359667356479,1.0,0.40878777469405414,0.40878777469405414,0.0,0.0,0.0,0.0,0.0,0.0,"SELECT * FROM orders, customer, lineitem WHERE orders.o_custkey = customer.c_custkey AND lineitem.l_orderkey = orders.o_orderkey AND o_totalprice = 227500.87 AND c_mktsegment = 'BUILDING' AND o_orderdate BETWEEN DATE '1992-02-16' AND DATE '1997-01-18';",4,0,random
1.0,1.0,1.0,1.0,1.0,0.0,0.0,0.0,1.0,0.10644490644486218,0.8561330561327002,0.0,0.0,0.0,1.0,0.5599722619167202,0.5599722619167202,1.0,0.21497985220711496,0.21497985220711496,"SELECT * FROM customer, orders, lineitem WHERE orders.o_custkey = customer.c_custkey AND lineitem.l_orderkey = orders.o_orderkey AND l_quantity = 28.44 AND l_discount = 0.02 AND o_orderdate BETWEEN DATE '1992-09-13' AND DATE '1997-08-21';",1,0,random
1.0,1.0,0.0,1.0,0.0,0.0,0.0,0.0,0.0,0.0,0.0,0.0,0.0,0.0,0.0,0.0,0.0,0.0,0.0,0.0,"SELECT * FROM orders, customer WHERE orders.o_custkey = customer.c_custkey;",1500000,1500000,random
1.0,1.0,1.0,1.0,1.0,0.0,0.0,0.0,0.0,0.0,0.0,0.0,0.0,0.0,0.0,0.0,0.0,0.0,0.0,0.0,"SELECT * FROM orders, customer, lineitem WHERE orders.o_custkey = customer.c_custkey AND lineitem.l_orderkey = orders.o_orderkey;",6001226,6001215,random
1.0,1.0,1.0,1.0,1.0,0.0,0.0,0.0,0.0,0.0,0.0,0.0,0.0,0.0,0.0,0.0,0.0,0.0,0.0,0.0,"SELECT * FROM orders, customer, lineitem WHERE orders.o_custkey = customer.c_custkey AND lineitem.l_orderkey = orders.o_orderkey;",6001226,6001215,random
0.0,1.0,1.0,0.0,1.0,0.0,0.0,0.0,0.0,0.0,0.0,0.0,0.0,0.0,1.0,0.32784211316581935,0.4382611978354023,0.0,0.0,0.0,"SELECT * FROM lineitem, orders WHERE lineitem.l_orderkey = orders.o_orderkey AND l_quantity BETWEEN 17.06 AND 22.47;",584719,599719,random
0.0,1.0,1.0,0.0,1.0,0.0,0.0,0.0,0.0,0.0,0.0,1.0,0.0680039068365492,0.7859007097724908,0.0,0.0,0.0,0.0,0.0,0.0,"SELECT * FROM lineitem, orders WHERE lineitem.l_orderkey = orders.o_orderkey AND o_totalprice BETWEEN 38560.94 AND 436582.64;",5360235,5806946,random
1.0,1.0,1.0,1.0,1.0,1.0,0.6666666666666666,0.6666666666666666,0.0,0.0,0.0,0.0,0.0,0.0,0.0,0.0,0.0,0.0,0.0,0.0,"SELECT * FROM orders, customer, lineitem WHERE orders.o_custkey = customer.c_custkey AND lineitem.l_orderkey = orders.o_orderkey AND c_mktsegment = 'HOUSEHOLD';",1188643,1201214,random
1.0,1.0,0.0,1.0,0.0,0.0,0.0,0.0,0.0,0.0,0.0,1.0,0.41077895035841183,0.41077895035841183,0.0,0.0,0.0,0.0,0.0,0.0,"SELECT * FROM customer, orders WHERE orders.o_custkey = customer.c_custkey AND o_totalprice = 228604.84;",1,0,random
0.0,1.0,1.0,0.0,1.0,0.0,0.0,0.0,0.0,0.0,0.0,0.0,0.0,0.0,0.0,0.0,0.0,0.0,0.0,0.0,"SELECT * FROM orders, lineitem WHERE lineitem.l_orderkey = orders.o_orderkey;",6001226,6001215,random
1.0,1.0,1.0,1.0,1.0,0.0,0.0,0.0,0.0,0.0,0.0,0.0,0.0,0.0,0.0,0.0,0.0,0.0,0.0,0.0,"SELECT * FROM customer, orders, lineitem WHERE orders.o_custkey = customer.c_custkey AND lineitem.l_orderkey = orders.o_orderkey;",6001226,6001215,random
1.0,1.0,1.0,1.0,1.0,0.0,0.0,0.0,0.0,0.0,0.0,0.0,0.0,0.0,1.0,0.4309467287106465,0.7671152851123505,0.0,0.0,0.0,"SELECT * FROM lineitem, orders, customer WHERE orders.o_custkey = customer.c_custkey AND lineitem.l_orderkey = orders.o_orderkey AND l_quantity BETWEEN 22.12 AND 38.59;",1920192,1922901,random
0.0,1.0,1.0,0.0,1.0,0.0,0.0,0.0,0.0,0.0,0.0,1.0,0.7394586117581153,0.7811129144771841,0.0,0.0,0.0,1.0,0.40146606442257166,0.8893969716709489,"SELECT * FROM orders, lineitem WHERE lineitem.l_orderkey = orders.o_orderkey AND o_totalprice BETWEEN 410833.86 AND 433928.15 AND l_discount BETWEEN 0.04 AND 0.09;",5880,5492,random
0.0,1.0,1.0,0.0,1.0,0.0,0.0,0.0,0.0,0.0,0.0,1.0,0.22288998651784966,0.2588529501525652,1.0,0.3266192788740218,0.4577533204284224,0.0,0.0,0.0,"SELECT * FROM lineitem, orders WHERE lineitem.l_orderkey = orders.o_orderkey AND o_totalprice BETWEEN 124434.04 AND 144372.89 AND l_quantity BETWEEN 17.00 AND 23.43;",62657,64013,random
1.0,1.0,1.0,1.0,1.0,0.0,0.0,0.0,0.0,0.0,0.0,1.0,0.5334220498943427,0.5334220498943427,0.0,0.0,0.0,0.0,0.0,0.0,"SELECT * FROM lineitem, orders, customer WHERE orders.o_custkey = customer.c_custkey AND lineitem.l_orderkey = orders.o_orderkey AND o_totalprice = 296601.54;",4,0,random
1.0,1.0,1.0,1.0,1.0,0.0,0.0,0.0,0.0,0.0,0.0,0.0,0.0,0.0,1.0,0.1632889093744483,0.1632889093744483,0.0,0.0,0.0,"SELECT * FROM customer, orders, lineitem WHERE orders.o_custkey = customer.c_custkey AND lineitem.l_orderkey = orders.o_orderkey AND l_quantity = 9.00;",110223,120503,random
1.0,1.0,1.0,1.0,1.0,0.0,0.0,0.0,0.0,0.0,0.0,1.0,0.8675327877994041,0.8675327877994041,1.0,0.19863773290133596,0.7709837360560376,1.0,0.04921429142920727,0.20858434662565134,"SELECT * FROM customer, orders, lineitem WHERE orders.o_custkey = customer.c_custkey AND lineitem.l_orderkey = orders.o_orderkey AND o_totalprice = 481841.70 AND l_discount BETWEEN 0.00 AND 0.02 AND l_quantity BETWEEN 10.73 AND 38.78;",1,0,random
1.0,1.0,1.0,1.0,1.0,0.0,0.0,0.0,0.0,0.0,0.0,0.0,0.0,0.0,0.0,0.0,0.0,0.0,0.0,0.0,"SELECT * FROM customer, orders, lineitem WHERE orders.o_custkey = customer.c_custkey AND lineitem.l_orderkey = orders.o_orderkey;",6001226,6001215,random
1.0,1.0,1.0,1.0,1.0,0.0,0.0,0.0,0.0,0.0,0.0,1.0,0.380029132987645,0.380029132987645,0.0,0.0,0.0,1.0,0.5087352501539845,0.9448968335146806,"SELECT * FROM lineitem, orders, customer WHERE orders.o_custkey = customer.c_custkey AND lineitem.l_orderkey = orders.o_orderkey AND l_discount BETWEEN 0.05 AND 0.09 AND o_totalprice = 211556.29;",2,0,random
1.0,1.0,0.0,1.0,0.0,0.0,0.0,0.0,0.0,0.0,0.0,0.0,0.0,0.0,0.0,0.0,0.0,0.0,0.0,0.0,"SELECT * FROM customer, orders WHERE orders.o_custkey = customer.c_custkey;",1500000,1500000,random
0.0,1.0,1.0,0.0,1.0,0.0,0.0,0.0,1.0,0.04532224532222648,0.8972972972969242,0.0,0.0,0.0,1.0,0.009273947238347652,0.17735838565299988,1.0,0.015850029364493343,0.9642344562749755,"SELECT * FROM lineitem, orders WHERE lineitem.l_orderkey = orders.o_orderkey AND l_discount BETWEEN 0.00 AND 0.10 AND o_orderdate BETWEEN DATE '1992-04-19' AND DATE '1997-11-28' AND l_quantity BETWEEN 1.45 AND 9.69;",811378,816638,random
1.0,1.0,0.0,1.0,0.0,0.0,0.0,0.0,1.0,0.3713097713096169,0.660706860706586,0.0,0.0,0.0,0.0,0.0,0.0,0.0,0.0,0.0,"SELECT * FROM customer, orders WHERE orders.o_custkey = customer.c_custkey AND o_orderdate BETWEEN DATE '1994-06-12' AND DATE '1996-05-08';",428546,435315,random
1.0,1.0,0.0,1.0,0.0,0.0,0.0,0.0,1.0,0.18128898128890591,0.8099792099788732,0.0,0.0,0.0,0.0,0.0,0.0,0.0,0.0,0.0,"SELECT * FROM customer, orders WHERE orders.o_custkey = customer.c_custkey AND o_orderdate BETWEEN DATE '1993-03-12' AND DATE '1997-05-02';",937462,943921,random
1.0,1.0,1.0,1.0,1.0,1.0,0.5,0.5,0.0,0.0,0.0,1.0,0.025830032911762845,0.02847818123749563,0.0,0.0,0.0,0.0,0.0,0.0,"SELECT * FROM customer, orders, lineitem WHERE orders.o_custkey = customer.c_custkey AND lineitem.l_orderkey = orders.o_orderkey AND c_mktsegment = 'FURNITURE' AND o_totalprice BETWEEN 15178.59 AND 16646.80;",4585,1304,random
0.0,1.0,0.0,0.0,0.0,0.0,0.0,0.0,0.0,0.0,0.0,1.0,0.04649945005383274,0.37703677089886506,0.0,0.0,0.0,0.0,0.0,0.0,SELECT * FROM orders WHERE o_totalprice BETWEEN 26638.28 AND 209897.25;,1004094,1004581,random
1.0,1.0,1.0,1.0,1.0,0.0,0.0,0.0,0.0,0.0,0.0,0.0,0.0,0.0,0.0,0.0,0.0,0.0,0.0,0.0,"SELECT * FROM lineitem, orders, customer WHERE orders.o_custkey = customer.c_custkey AND lineitem.l_orderkey = orders.o_orderkey;",6001226,6001215,random
1.0,1.0,0.0,1.0,0.0,1.0,0.8333333333333334,0.8333333333333334,1.0,0.4760914760912781,0.4760914760912781,1.0,0.8094251203302669,0.8569156721478021,0.0,0.0,0.0,0.0,0.0,0.0,"SELECT * FROM customer, orders WHERE orders.o_custkey = customer.c_custkey AND c_mktsegment = 'MACHINERY' AND o_totalprice BETWEEN 449625.22 AND 475955.28 AND o_orderdate = DATE '1995-02-19';",1,0,random
1.0,1.0,1.0,1.0,1.0,1.0,0.3333333333333333,0.3333333333333333,1.0,0.5708939708937335,0.8307692307688853,0.0,0.0,0.0,1.0,0.12980761233785684,0.12980761233785684,0.0,0.0,0.0,"SELECT * FROM orders, lineitem, customer WHERE orders.o_custkey = customer.c_custkey AND lineitem.l_orderkey = orders.o_orderkey AND o_orderdate BETWEEN DATE '1995-10-05' AND DATE '1997-06-21' AND c_mktsegment = 'BUILDING' AND l_quantity = 7.36;",1,0,random
1.0,1.0,1.0,1.0,1.0,0.0,0.0,0.0,1.0,0.18461538461530785,0.18461538461530785,0.0,0.0,0.0,0.0,0.0,0.0,0.0,0.0,0.0,"SELECT * FROM customer, orders, lineitem WHERE orders.o_custkey = customer.c_custkey AND lineitem.l_orderkey = orders.o_orderkey AND o_orderdate = DATE '1993-03-20';",2489,2723,random
1.0,1.0,1.0,1.0,1.0,1.0,0.8333333333333334,0.8333333333333334,0.0,0.0,0.0,0.0,0.0,0.0,0.0,0.0,0.0,0.0,0.0,0.0,"SELECT * FROM orders, customer, lineitem WHERE orders.o_custkey = customer.c_custkey AND lineitem.l_orderkey = orders.o_orderkey AND c_mktsegment = 'MACHINERY';",1218249,1195932,random
1.0,1.0,1.0,1.0,1.0,0.0,0.0,0.0,0.0,0.0,0.0,0.0,0.0,0.0,0.0,0.0,0.0,0.0,0.0,0.0,"SELECT * FROM customer, orders, lineitem WHERE orders.o_custkey = customer.c_custkey AND lineitem.l_orderkey = orders.o_orderkey;",6001226,6001215,random
1.0,1.0,1.0,1.0,1.0,0.0,0.0,0.0,1.0,0.40540540540523684,0.9925155925151798,0.0,0.0,0.0,1.0,0.18774826547651471,0.8695258409873229,1.0,0.26280463630817097,0.43986299281898883,"SELECT * FROM customer, orders, lineitem WHERE orders.o_custkey = customer.c_custkey AND lineitem.l_orderkey = orders.o_orderkey AND l_quantity BETWEEN 10.20 AND 43.61 AND o_orderdate BETWEEN DATE '1994-09-02' AND DATE '1998-07-15' AND l_discount BETWEEN 0.03 AND 0.04;",431345,424499,random
1.0,1.0,1.0,1.0,1.0,1.0,0.16666666666666666,0.16666666666666666,0.0,0.0,0.0,0.0,0.0,0.0,1.0,0.34237502338239184,0.5190729220318908,1.0,0.3654222409133097,0.3654222409133097,"SELECT * FROM lineitem, orders, customer WHERE orders.o_custkey = customer.c_custkey AND lineitem.l_orderkey = orders.o_orderkey AND c_mktsegment = 'AUTOMOBILE' AND l_quantity BETWEEN 17.78 AND 26.43 AND l_discount = 0.04;",19664,19499,random
1.0,1.0,1.0,1.0,1.0,0.0,0.0,0.0,0.0,0.0,0.0,1.0,0.5532985402964915,0.9395486271602437,0.0,0.0,0.0,1.0,0.3476242411170679,0.3476242411170679,"SELECT * FROM lineitem, orders, customer WHERE orders.o_custkey = customer.c_custkey AND lineitem.l_orderkey = orders.o_orderkey AND l_discount = 0.03 AND o_totalprice BETWEEN 307621.61 AND 521769.26;",26289,44262,random
1.0,1.0,1.0,1.0,1.0,0.0,0.0,0.0,0.0,0.0,0.0,0.0,0.0,0.0,0.0,0.0,0.0,0.0,0.0,0.0,"SELECT * FROM lineitem, orders, customer WHERE orders.o_custkey = customer.c_custkey AND lineitem.l_orderkey = orders.o_orderkey;",6001226,6001215,random
0.0,0.0,1.0,0.0,0.0,0.0,0.0,0.0,0.0,0.0,0.0,0.0,0.0,0.0,1.0,0.04699522107937374,0.5305615404515859,0.0,0.0,0.0,SELECT * FROM lineitem WHERE l_quantity BETWEEN 3.30 AND 27.00;,2871587,2879235,random
0.0,1.0,1.0,0.0,1.0,0.0,0.0,0.0,0.0,0.0,0.0,0.0,0.0,0.0,0.0,0.0,0.0,0.0,0.0,0.0,"SELECT * FROM lineitem, orders WHERE lineitem.l_orderkey = orders.o_orderkey;",6001226,6001215,random
1.0,1.0,1.0,1.0,1.0,0.0,0.0,0.0,0.0,0.0,0.0,0.0,0.0,0.0,0.0,0.0,0.0,0.0,0.0,0.0,"SELECT * FROM lineitem, orders, customer WHERE orders.o_custkey = customer.c_custkey AND lineitem.l_orderkey = orders.o_orderkey;",6001226,6001215,random
1.0,1.0,1.0,1.0,1.0,1.0,0.3333333333333333,0.3333333333333333,0.0,0.0,0.0,1.0,0.07487048395968383,0.2999932095434779,0.0,0.0,0.0,0.0,0.0,0.0,"SELECT * FROM orders, customer, lineitem WHERE orders.o_custkey = customer.c_custkey AND lineitem.l_orderkey = orders.o_orderkey AND c_mktsegment = 'BUILDING' AND o_totalprice BETWEEN 42367.96 AND 167182.18;",559522,443654,random
1.0,1.0,1.0,1.0,1.0,0.0,0.0,0.0,0.0,0.0,0.0,1.0,0.8224412512798066,0.8224412512798066,0.0,0.0,0.0,0.0,0.0,0.0,"SELECT * FROM lineitem, orders, customer WHERE orders.o_custkey = customer.c_custkey AND lineitem.l_orderkey = orders.o_orderkey AND o_totalprice = 456841.72;",4,0,random
1.0,1.0,1.0,1.0,1.0,0.0,0.0,0.0,1.0,0.07027027027024105,0.9629937629933626,0.0,0.0,0.0,0.0,0.0,0.0,0.0,0.0,0.0,"SELECT * FROM customer, orders, lineitem WHERE orders.o_custkey = customer.c_custkey AND lineitem.l_orderkey = orders.o_orderkey AND o_orderdate BETWEEN DATE '1992-06-18' AND DATE '1998-05-05';",5346336,5359916,random
0.0,1.0,1.0,0.0,1.0,0.0,0.0,0.0,0.0,0.0,0.0,0.0,0.0,0.0,1.0,0.010769036685877302,0.7605845952435292,0.0,0.0,0.0,"SELECT * FROM orders, lineitem WHERE lineitem.l_orderkey = orders.o_orderkey AND l_quantity BETWEEN 1.53 AND 38.27;",4427504,4440729,random
0.0,1.0,0.0,0.0,0.0,0.0,0.0,0.0,1.0,0.540956340956116,0.6099792099789564,1.0,0.4382719866843678,0.4382719866843678,0.0,0.0,0.0,0.0,0.0,0.0,SELECT * FROM orders WHERE o_totalprice = 243847.73 AND o_orderdate BETWEEN DATE '1995-07-25' AND DATE '1996-01-07';,1,0,random
0.0,0.0,1.0,0.0,0.0,0.0,0.0,0.0,0.0,0.0,0.0,0.0,0.0,0.0,1.0,0.040971632163148204,0.837977445787351,1.0,0.6268983306371941,0.6268983306371941,SELECT * FROM lineitem WHERE l_quantity BETWEEN 3.01 AND 42.06 AND l_discount = 0.06;,428730,425087,random
1.0,1.0,0.0,1.0,0.0,0.0,0.0,0.0,0.0,0.0,0.0,0.0,0.0,0.0,0.0,0.0,0.0,0.0,0.0,0.0,"SELECT * FROM customer, orders WHERE orders.o_custkey = customer.c_custkey;",1500000,1500000,random
0.0,0.0,1.0,0.0,0.0,0.0,0.0,0.0,0.0,0.0,0.0,0.0,0.0,0.0,1.0,0.6649106107109078,0.8367091171391843,0.0,0.0,0.0,SELECT * FROM lineitem WHERE l_quantity BETWEEN 33.58 AND 42.00;,1067818,1082029,random
1.0,1.0,1.0,1.0,1.0,1.0,0.5,0.5,1.0,0.24241164241154162,0.49480249480228905,0.0,0.0,0.0,1.0,0.08309336016102506,0.10113098258389977,0.0,0.0,0.0,"SELECT * FROM orders, lineitem, customer WHERE orders.o_custkey = customer.c_custkey AND lineitem.l_orderkey = orders.o_orderkey AND c_mktsegment = 'FURNITURE' AND l_quantity BETWEEN 5.07 AND 5.96 AND o_orderdate BETWEEN DATE '1993-08-06' AND DATE '1995-04-05';",1,0,random
1.0,1.0,1.0,1.0,1.0,0.0,0.0,0.0,0.0,0.0,0.0,0.0,0.0,0.0,0.0,0.0,0.0,0.0,0.0,0.0,"SELECT * FROM lineitem, orders, customer WHERE orders.o_custkey = customer.c_custkey AND lineitem.l_orderkey = orders.o_orderkey;",6001226,6001215,random
1.0,1.0,1.0,1.0,1.0,0.0,0.0,0.0,0.0,0.0,0.0,1.0,0.46074296961236594,0.8634112665263203,1.0,0.3986927405898913,0.3986927405898913,1.0,0.03986492226867867,0.6470884674759873,"SELECT * FROM lineitem, orders, customer WHERE orders.o_custkey = customer.c_custkey AND lineitem.l_orderkey = orders.o_orderkey AND l_discount BETWEEN 0.00 AND 0.06 AND o_totalprice BETWEEN 256306.26 AND 479556.62 AND l_quantity = 20.54;",1,0,random
1.0,1.0,1.0,1.0,1.0,0.0,0.0,0.0,0.0,0.0,0.0,0.0,0.0,0.0,0.0,0.0,0.0,0.0,0.0,0.0,"SELECT * FROM lineitem, orders, customer WHERE orders.o_custkey = customer.c_custkey AND lineitem.l_orderkey = orders.o_orderkey;",6001226,6001215,random
0.0,1.0,1.0,0.0,1.0,0.0,0.0,0.0,1.0,0.9654885654881641,0.9654885654881641,0.0,0.0,0.0,1.0,0.783709802073631,0.783709802073631,0.0,0.0,0.0,"SELECT * FROM orders, lineitem WHERE lineitem.l_orderkey = orders.o_orderkey AND o_orderdate = DATE '1998-05-11' AND l_quantity = 39.40;",1,0,random
0.0,1.0,1.0,0.0,1.0,0.0,0.0,0.0,1.0,0.8049896049892703,0.9654885654881641,0.0,0.0,0.0,1.0,0.17205801490134415,0.7809682251016071,1.0,0.08886945407453696,0.35180469709797535,"SELECT * FROM lineitem, orders WHERE lineitem.l_orderkey = orders.o_orderkey AND l_quantity BETWEEN 9.43 AND 39.27 AND l_discount BETWEEN 0.01 AND 0.04 AND o_orderdate BETWEEN DATE '1997-04-20' AND DATE '1998-05-11';",214633,210967,random
0.0,1.0,1.0,0.0,1.0,0.0,0.0,0.0,0.0,0.0,0.0,1.0,0.855975998248129,0.855975998248129,0.0,0.0,0.0,1.0,0.6394749978773544,0.7565644708816166,"SELECT * FROM orders, lineitem WHERE lineitem.l_orderkey = orders.o_orderkey AND l_discount BETWEEN 0.06 AND 0.08 AND o_totalprice = 475434.30;",1,0,random
1.0,1.0,0.0,1.0,0.0,0.0,0.0,0.0,0.0,0.0,0.0,1.0,0.11148060254595961,0.11148060254595961,0.0,0.0,0.0,0.0,0.0,0.0,"SELECT * FROM orders, customer WHERE orders.o_custkey = customer.c_custkey AND o_totalprice = 62665.62;",1,0,random
1.0,1.0,1.0,1.0,1.0,0.0,0.0,0.0,0.0,0.0,0.0,0.0,0.0,0.0,0.0,0.0,0.0,0.0,0.0,0.0,"SELECT * FROM lineitem, orders, customer WHERE orders.o_custkey = customer.c_custkey AND lineitem.l_orderkey = orders.o_orderkey;",6001226,6001215,random
1.0,1.0,1.0,1.0,1.0,1.0,0.3333333333333333,0.3333333333333333,0.0,0.0,0.0,0.0,0.0,0.0,1.0,0.2939122588382286,0.8874511033002763,1.0,0.10362602551225557,0.9560749490042052,"SELECT * FROM lineitem, orders, customer WHERE orders.o_custkey = customer.c_custkey AND lineitem.l_orderkey = orders.o_orderkey AND c_mktsegment = 'BUILDING' AND l_discount BETWEEN 0.01 AND 0.10 AND l_quantity BETWEEN 15.40 AND 44.49;",627721,640671,random
1.0,1.0,1.0,1.0,1.0,0.0,0.0,0.0,1.0,0.22453222453213117,0.22453222453213117,1.0,0.21897515837365147,0.8751359524267347,0.0,0.0,0.0,0.0,0.0,0.0,"SELECT * FROM customer, orders, lineitem WHERE orders.o_custkey = customer.c_custkey AND lineitem.l_orderkey = orders.o_orderkey AND o_orderdate = DATE '1993-06-24' AND o_totalprice BETWEEN 122263.55 AND 486057.10;",1444,2027,random
1.0,1.0,0.0,1.0,0.0,0.0,0.0,0.0,0.0,0.0,0.0,1.0,0.4832732888902022,0.8575313434915266,0.0,0.0,0.0,0.0,0.0,0.0,"SELECT * FROM customer, orders WHERE orders.o_custkey = customer.c_custkey AND o_totalprice BETWEEN 268797.69 AND 476296.63;",161410,164281,random
0.0,1.0,1.0,0.0,1.0,0.0,0.0,0.0,1.0,0.3197505197503868,0.9367983367979473,1.0,0.26355734043802787,0.37022850188996215,1.0,0.7067459284876395,0.9819161918854662,0.0,0.0,0.0,"SELECT * FROM lineitem, orders WHERE lineitem.l_orderkey = orders.o_orderkey AND l_quantity BETWEEN 35.63 AND 49.11 AND o_totalprice BETWEEN 146981.13 AND 206122.55 AND o_orderdate BETWEEN DATE '1994-02-08' AND DATE '1998-03-03';",217584,244745,random
0.0,1.0,1.0,0.0,1.0,0.0,0.0,0.0,0.0,0.0,0.0,1.0,0.9174794538633404,0.9174794538633404,0.0,0.0,0.0,0.0,0.0,0.0,"SELECT * FROM lineitem, orders WHERE lineitem.l_orderkey = orders.o_orderkey AND o_totalprice = 509533.50;",4,0,random
1.0,1.0,1.0,1.0,1.0,0.0,0.0,0.0,0.0,0.0,0.0,0.0,0.0,0.0,0.0,0.0,0.0,1.0,0.053201454794653324,0.5742591475386607,"SELECT * FROM lineitem, orders, customer WHERE orders.o_custkey = customer.c_custkey AND lineitem.l_orderkey = orders.o_orderkey AND l_discount BETWEEN 0.01 AND 0.06;",3286271,3274210,random
1.0,1.0,1.0,1.0,1.0,0.0,0.0,0.0,0.0,0.0,0.0,0.0,0.0,0.0,0.0,0.0,0.0,0.0,0.0,0.0,"SELECT * FROM orders, customer, lineitem WHERE orders.o_custkey = customer.c_custkey AND lineitem.l_orderkey = orders.o_orderkey;",6001226,6001215,random
1.0,1.0,1.0,1.0,1.0,0.0,0.0,0.0,1.0,0.7039501039498113,0.9426195426191507,0.0,0.0,0.0,1.0,0.7136121883674251,0.7277605013965335,0.0,0.0,0.0,"SELECT * FROM orders, lineitem, customer WHERE orders.o_custkey = customer.c_custkey AND lineitem.l_orderkey = orders.o_orderkey AND l_quantity BETWEEN 35.97 AND 36.66 AND o_orderdate BETWEEN DATE '1996-08-20' AND DATE '1998-03-17';",27417,28940,random
1.0,1.0,1.0,1.0,1.0,1.0,0.8333333333333334,0.8333333333333334,1.0,0.006652806652803886,0.006652806652803886,0.0,0.0,0.0,1.0,0.5396126134596801,0.5396126134596801,0.0,0.0,0.0,"SELECT * FROM customer, orders, lineitem WHERE orders.o_custkey = customer.c_custkey AND lineitem.l_orderkey = orders.o_orderkey AND l_quantity = 27.44 AND c_mktsegment = 'MACHINERY' AND o_orderdate = DATE '1992-01-17';",1,0,random
1.0,1.0,1.0,1.0,1.0,0.0,0.0,0.0,0.0,0.0,0.0,0.0,0.0,0.0,1.0,0.24879953249618744,0.6015254689163457,0.0,0.0,0.0,"SELECT * FROM lineitem, orders, customer WHERE orders.o_custkey = customer.c_custkey AND lineitem.l_orderkey = orders.o_orderkey AND l_quantity BETWEEN 13.19 AND 30.47;",2062821,2040866,random
1.0,1.0,1.0,1.0,1.0,0.0,0.0,0.0,0.0,0.0,0.0,0.0,0.0,0.0,0.0,0.0,0.0,0.0,0.0,0.0,"SELECT * FROM customer, orders, lineitem WHERE orders.o_custkey = customer.c_custkey AND lineitem.l_orderkey = orders.o_orderkey;",6001226,6001215,random
1.0,1.0,1.0,1.0,1.0,0.0,0.0,0.0,0.0,0.0,0.0,1.0,0.3551569519744132,0.3551569519744132,0.0,0.0,0.0,0.0,0.0,0.0,"SELECT * FROM lineitem, orders, customer WHERE orders.o_custkey = customer.c_custkey AND lineitem.l_orderkey = orders.o_orderkey AND o_totalprice = 197766.47;",4,0,random
1.0,1.0,1.0,1.0,1.0,0.0,0.0,0.0,0.0,0.0,0.0,0.0,0.0,0.0,1.0,0.6472252728882021,0.6472252728882021,0.0,0.0,0.0,"SELECT * FROM orders, customer, lineitem WHERE orders.o_custkey = customer.c_custkey AND lineitem.l_orderkey = orders.o_orderkey AND l_quantity = 32.71;",1,0,random
0.0,1.0,0.0,0.0,0.0,0.0,0.0,0.0,1.0,0.05904365904363449,0.3729729729728179,1.0,0.6061594267256613,0.6061594267256613,0.0,0.0,0.0,0.0,0.0,0.0,SELECT * FROM orders WHERE o_totalprice = 336929.14 AND o_orderdate BETWEEN DATE '1992-05-22' AND DATE '1994-06-16';,1,0,random
0.0,0.0,1.0,0.0,0.0,0.0,0.0,0.0,0.0,0.0,0.0,0.0,0.0,0.0,0.0,0.0,0.0,0.0,0.0,0.0,SELECT * FROM lineitem;,6001226,6001215,random
0.0,1.0,1.0,0.0,1.0,0.0,0.0,0.0,0.0,0.0,0.0,1.0,0.4982013566925122,0.5352139936266371,0.0,0.0,0.0,0.0,0.0,0.0,"SELECT * FROM orders, lineitem WHERE lineitem.l_orderkey = orders.o_orderkey AND o_totalprice BETWEEN 277074.22 AND 297595.04;",199705,315003,random
1.0,1.0,1.0,1.0,1.0,0.0,0.0,0.0,0.0,0.0,0.0,1.0,0.4451064469690736,0.6220826136974551,0.0,0.0,0.0,0.0,0.0,0.0,"SELECT * FROM customer, orders, lineitem WHERE orders.o_custkey = customer.c_custkey AND lineitem.l_orderkey = orders.o_orderkey AND o_totalprice BETWEEN 247636.94 AND 345757.39;",840172,1340835,random
1.0,1.0,1.0,1.0,1.0,0.0,0.0,0.0,1.0,0.49729729729709055,0.6033264033261525,0.0,0.0,0.0,0.0,0.0,0.0,0.0,0.0,0.0,"SELECT * FROM customer, orders, lineitem WHERE orders.o_custkey = customer.c_custkey AND lineitem.l_orderkey = orders.o_orderkey AND o_orderdate BETWEEN DATE '1995-04-11' AND DATE '1995-12-22';",630241,639625,random
1.0,1.0,1.0,1.0,1.0,0.0,0.0,0.0,1.0,0.1413721413720826,0.1413721413720826,0.0,0.0,0.0,0.0,0.0,0.0,1.0,0.490768145990687,0.7940539519378805,"SELECT * FROM orders, customer, lineitem WHERE orders.o_custkey = customer.c_custkey AND lineitem.l_orderkey = orders.o_orderkey AND o_orderdate = DATE '1992-12-06' AND l_discount BETWEEN 0.05 AND 0.08;",904,947,random
1.0,0.0,0.0,0.0,0.0,1.0,0.8333333333333334,0.8333333333333334,0.0,0.0,0.0,0.0,0.0,0.0,0.0,0.0,0.0,0.0,0.0,0.0,SELECT * FROM customer WHERE c_mktsegment = 'MACHINERY';,30450,29949,random
0.0,0.0,1.0,0.0,0.0,0.0,0.0,0.0,0.0,0.0,0.0,0.0,0.0,0.0,1.0,0.6431985065279178,0.7569234709762618,1.0,0.5629966916102574,0.7022059007692403,SELECT * FROM lineitem WHERE l_discount BETWEEN 0.06 AND 0.07 AND l_quantity BETWEEN 32.52 AND 38.09;,127286,131302,random
1.0,1.0,0.0,1.0,0.0,1.0,0.6666666666666666,0.6666666666666666,1.0,0.32141372141358776,0.48399168399148274,1.0,0.3770669481336235,0.4904653431760819,0.0,0.0,0.0,0.0,0.0,0.0,"SELECT * FROM customer, orders WHERE orders.o_custkey = customer.c_custkey AND o_totalprice BETWEEN 209913.98 AND 272785.16 AND o_orderdate BETWEEN DATE '1994-02-12' AND DATE '1995-03-10' AND c_mktsegment = 'HOUSEHOLD';",7966,8103,random
0.0,1.0,1.0,0.0,1.0,0.0,0.0,0.0,0.0,0.0,0.0,1.0,0.5712749104409433,0.7478513859232973,1.0,0.3136536310493791,0.3136536310493791,0.0,0.0,0.0,"SELECT * FROM orders, lineitem WHERE lineitem.l_orderkey = orders.o_orderkey AND o_totalprice BETWEEN 317588.20 AND 415487.05 AND l_quantity = 16.37;",1,0,random
1.0,0.0,0.0,0.0,0.0,0.0,0.0,0.0,0.0,0.0,0.0,0.0,0.0,0.0,0.0,0.0,0.0,0.0,0.0,0.0,SELECT * FROM customer;,150000,150000,random
1.0,1.0,1.0,1.0,1.0,0.0,0.0,0.0,0.0,0.0,0.0,0.0,0.0,0.0,1.0,0.04472070865735117,0.6811333872178004,0.0,0.0,0.0,"SELECT * FROM orders, lineitem, customer WHERE orders.o_custkey = customer.c_custkey AND lineitem.l_orderkey = orders.o_orderkey AND l_quantity BETWEEN 3.19 AND 34.38;",3721160,3719806,random
0.0,1.0,0.0,0.0,0.0,0.0,0.0,0.0,0.0,0.0,0.0,1.0,0.07296348150100226,0.2036082334464427,0.0,0.0,0.0,0.0,0.0,0.0,SELECT * FROM orders WHERE o_totalprice BETWEEN 41310.67 AND 113743.70;,411500,414050,random
0.0,0.0,1.0,0.0,0.0,0.0,0.0,0.0,0.0,0.0,0.0,0.0,0.0,0.0,0.0,0.0,0.0,0.0,0.0,0.0,SELECT * FROM lineitem;,6001226,6001215,random
1.0,1.0,1.0,1.0,1.0,0.0,0.0,0.0,0.0,0.0,0.0,0.0,0.0,0.0,0.0,0.0,0.0,1.0,0.37178377373951643,0.8265722030324145,"SELECT * FROM customer, orders, lineitem WHERE orders.o_custkey = customer.c_custkey AND lineitem.l_orderkey = orders.o_orderkey AND l_discount BETWEEN 0.04 AND 0.08;",2730158,2727905,random
1.0,1.0,1.0,1.0,1.0,1.0,0.8333333333333334,0.8333333333333334,0.0,0.0,0.0,1.0,0.6533363590883716,0.9137361815021537,1.0,0.3097392484845807,0.9020878123024066,0.0,0.0,0.0,"SELECT * FROM customer, orders, lineitem WHERE orders.o_custkey = customer.c_custkey AND lineitem.l_orderkey = orders.o_orderkey AND c_mktsegment = 'MACHINERY' AND l_quantity BETWEEN 16.18 AND 45.20 AND o_totalprice BETWEEN 363085.32 AND 507458.13;",6996,13110,random
1.0,1.0,0.0,1.0,0.0,1.0,0.3333333333333333,0.3333333333333333,0.0,0.0,0.0,1.0,0.4882164914416176,0.6001296267690476,0.0,0.0,0.0,0.0,0.0,0.0,"SELECT * FROM customer, orders WHERE orders.o_custkey = customer.c_custkey AND c_mktsegment = 'BUILDING' AND o_totalprice BETWEEN 271538.33 AND 333586.05;",23470,24355,random
1.0,1.0,1.0,1.0,1.0,0.0,0.0,0.0,0.0,0.0,0.0,0.0,0.0,0.0,0.0,0.0,0.0,0.0,0.0,0.0,"SELECT * FROM orders, lineitem, customer WHERE orders.o_custkey = customer.c_custkey AND lineitem.l_orderkey = orders.o_orderkey;",6001226,6001215,random
0.0,1.0,0.0,0.0,0.0,0.0,0.0,0.0,0.0,0.0,0.0,1.0,0.16736673521625303,0.7400929425395949,0.0,0.0,0.0,0.0,0.0,0.0,SELECT * FROM orders WHERE o_totalprice BETWEEN 93650.42 AND 411185.55;,1022040,1032554,random
1.0,1.0,1.0,1.0,1.0,0.0,0.0,0.0,0.0,0.0,0.0,0.0,0.0,0.0,0.0,0.0,0.0,0.0,0.0,0.0,"SELECT * FROM lineitem, orders, customer WHERE orders.o_custkey = customer.c_custkey AND lineitem.l_orderkey = orders.o_orderkey;",6001226,6001215,random
1.0,1.0,1.0,1.0,1.0,0.0,0.0,0.0,0.0,0.0,0.0,0.0,0.0,0.0,0.0,0.0,0.0,0.0,0.0,0.0,"SELECT * FROM orders, lineitem, customer WHERE orders.o_custkey = customer.c_custkey AND lineitem.l_orderkey = orders.o_orderkey;",6001226,6001215,random
1.0,1.0,0.0,1.0,0.0,1.0,0.6666666666666666,0.6666666666666666,1.0,0.7625779625776455,0.7625779625776455,1.0,0.241751845448826,0.6153208268500994,0.0,0.0,0.0,0.0,0.0,0.0,"SELECT * FROM customer, orders WHERE orders.o_custkey = customer.c_custkey AND o_orderdate = DATE '1997-01-08' AND o_totalprice BETWEEN 134891.57 AND 342008.47 AND c_mktsegment = 'HOUSEHOLD';",63,52,random
1.0,1.0,1.0,1.0,1.0,0.0,0.0,0.0,0.0,0.0,0.0,0.0,0.0,0.0,0.0,0.0,0.0,1.0,0.9504143891869303,0.9504143891869303,"SELECT * FROM orders, lineitem, customer WHERE orders.o_custkey = customer.c_custkey AND lineitem.l_orderkey = orders.o_orderkey AND l_discount = 0.10;",527108,545815,random
1.0,1.0,1.0,1.0,1.0,0.0,0.0,0.0,0.0,0.0,0.0,1.0,0.2252355976698033,0.6272136285479287,0.0,0.0,0.0,1.0,0.7211810758033301,0.7211810758033301,"SELECT * FROM orders, customer, lineitem WHERE orders.o_custkey = customer.c_custkey AND lineitem.l_orderkey = orders.o_orderkey AND o_totalprice BETWEEN 125734.51 AND 348602.16 AND l_discount = 0.07;",298029,399336,random
0.0,1.0,0.0,0.0,0.0,0.0,0.0,0.0,0.0,0.0,0.0,1.0,0.16109799700501118,0.28780653742591333,0.0,0.0,0.0,0.0,0.0,0.0,SELECT * FROM orders WHERE o_totalprice BETWEEN 90174.86 AND 160425.55;,395288,393327,random
0.0,1.0,1.0,0.0,1.0,0.0,0.0,0.0,0.0,0.0,0.0,1.0,0.017461811144547226,0.7204824624204267,1.0,0.005901607730963948,0.6843166070564652,1.0,0.038430020897884436,0.32165625645706375,"SELECT * FROM orders, lineitem WHERE lineitem.l_orderkey = orders.o_orderkey AND o_totalprice BETWEEN 10539.02 AND 400312.96 AND l_discount BETWEEN 0.00 AND 0.03 AND l_quantity BETWEEN 1.29 AND 34.53;",1405845,1427303,random
1.0,0.0,0.0,0.0,0.0,1.0,0.8333333333333334,0.8333333333333334,0.0,0.0,0.0,0.0,0.0,0.0,0.0,0.0,0.0,0.0,0.0,0.0,SELECT * FROM customer WHERE c_mktsegment = 'MACHINERY';,30450,29949,random
1.0,0.0,0.0,0.0,0.0,0.0,0.0,0.0,0.0,0.0,0.0,0.0,0.0,0.0,0.0,0.0,0.0,0.0,0.0,0.0,SELECT * FROM customer;,150000,150000,random
1.0,1.0,1.0,1.0,1.0,1.0,0.3333333333333333,0.3333333333333333,1.0,0.45488565488546573,0.9193347193343371,1.0,0.34514625355698914,0.61260850168796,0.0,0.0,0.0,0.0,0.0,0.0,"SELECT * FROM customer, orders, lineitem WHERE orders.o_custkey = customer.c_custkey AND lineitem.l_orderkey = orders.o_orderkey AND c_mktsegment = 'BUILDING' AND o_totalprice BETWEEN 192216.27 AND 340504.68 AND o_orderdate BETWEEN DATE '1994-12-30' AND DATE '1998-01-20';",169227,257960,random
0.0,0.0,1.0,0.0,0.0,0.0,0.0,0.0,0.0,0.0,0.0,0.0,0.0,0.0,1.0,0.6370932141634335,0.6370932141634335,0.0,0.0,0.0,SELECT * FROM lineitem WHERE l_quantity = 32.22;,1,0,random
0.0,1.0,0.0,0.0,0.0,0.0,0.0,0.0,1.0,0.020790020790012145,0.020790020790012145,0.0,0.0,0.0,0.0,0.0,0.0,0.0,0.0,0.0,SELECT * FROM orders WHERE o_orderdate = DATE '1992-02-20';,622,612,random
1.0,1.0,1.0,1.0,1.0,1.0,0.6666666666666666,0.6666666666666666,0.0,0.0,0.0,1.0,0.40579235867515606,0.40579235867515606,0.0,0.0,0.0,0.0,0.0,0.0,"SELECT * FROM customer, orders, lineitem WHERE orders.o_custkey = customer.c_custkey AND lineitem.l_orderkey = orders.o_orderkey AND o_totalprice = 225840.13 AND c_mktsegment = 'HOUSEHOLD';",4,0,random
1.0,1.0,0.0,1.0,0.0,1.0,0.5,0.5,0.0,0.0,0.0,1.0,0.398883060612638,0.398883060612638,0.0,0.0,0.0,0.0,0.0,0.0,"SELECT * FROM orders, customer WHERE orders.o_custkey = customer.c_custkey AND c_mktsegment = 'FURNITURE' AND o_totalprice = 222009.43;",1,0,random
1.0,1.0,1.0,1.0,1.0,1.0,0.8333333333333334,0.8333333333333334,0.0,0.0,0.0,1.0,0.3928295607964052,0.3928295607964052,1.0,0.374816638551454,0.7920783043357617,0.0,0.0,0.0,"SELECT * FROM customer, orders, lineitem WHERE orders.o_custkey = customer.c_custkey AND lineitem.l_orderkey = orders.o_orderkey AND c_mktsegment = 'MACHINERY' AND l_quantity BETWEEN 19.37 AND 39.81 AND o_totalprice = 218653.20;",2,0,random
0.0,1.0,1.0,0.0,1.0,0.0,0.0,0.0,0.0,0.0,0.0,0.0,0.0,0.0,0.0,0.0,0.0,0.0,0.0,0.0,"SELECT * FROM lineitem, orders WHERE lineitem.l_orderkey = orders.o_orderkey;",6001226,6001215,random
0.0,1.0,0.0,0.0,0.0,0.0,0.0,0.0,1.0,0.20665280665272073,0.20665280665272073,1.0,0.43178381905194463,0.9431992802245922,0.0,0.0,0.0,0.0,0.0,0.0,SELECT * FROM orders WHERE o_totalprice BETWEEN 240250.51 AND 523793.28 AND o_orderdate = DATE '1993-05-12';,110,117,random
1.0,1.0,1.0,1.0,1.0,0.0,0.0,0.0,0.0,0.0,0.0,1.0,0.13055508406922386,0.8680300991122831,0.0,0.0,0.0,1.0,0.31621460010068103,0.9330202081137455,"SELECT * FROM customer, orders, lineitem WHERE orders.o_custkey = customer.c_custkey AND lineitem.l_orderkey = orders.o_orderkey AND o_totalprice BETWEEN 73241.03 AND 482117.42 AND l_discount BETWEEN 0.03 AND 0.09;",2943296,3460882,random
1.0,1.0,1.0,1.0,1.0,0.0,0.0,0.0,0.0,0.0,0.0,0.0,0.0,0.0,0.0,0.0,0.0,0.0,0.0,0.0,"SELECT * FROM lineitem, orders, customer WHERE orders.o_custkey = customer.c_custkey AND lineitem.l_orderkey = orders.o_orderkey;",6001226,6001215,random
1.0,1.0,0.0,1.0,0.0,0.0,0.0,0.0,0.0,0.0,0.0,1.0,0.06602308424517543,0.30756184340028786,0.0,0.0,0.0,0.0,0.0,0.0,"SELECT * FROM customer, orders WHERE orders.o_custkey = customer.c_custkey AND o_totalprice BETWEEN 37462.72 AND 171378.44;",754008,755290,random
1.0,1.0,1.0,1.0,1.0,0.0,0.0,0.0,0.0,0.0,0.0,0.0,0.0,0.0,0.0,0.0,0.0,0.0,0.0,0.0,"SELECT * FROM orders, customer, lineitem WHERE orders.o_custkey = customer.c_custkey AND lineitem.l_orderkey = orders.o_orderkey;",6001226,6001215,random
1.0,1.0,1.0,1.0,1.0,0.0,0.0,0.0,0.0,0.0,0.0,0.0,0.0,0.0,0.0,0.0,0.0,1.0,0.6286824839246595,0.6998626071509966,"SELECT * FROM customer, orders, lineitem WHERE orders.o_custkey = customer.c_custkey AND lineitem.l_orderkey = orders.o_orderkey AND l_discount BETWEEN 0.06 AND 0.07;",1091023,1091162,random
1.0,1.0,0.0,1.0,0.0,1.0,0.6666666666666666,0.6666666666666666,1.0,0.03950103950102308,0.03950103950102308,1.0,0.4768800450150506,0.767138093858614,0.0,0.0,0.0,0.0,0.0,0.0,"SELECT * FROM customer, orders WHERE orders.o_custkey = customer.c_custkey AND o_orderdate = DATE '1992-04-05' AND c_mktsegment = 'HOUSEHOLD' AND o_totalprice BETWEEN 265253.10 AND 426180.13;",14,11,random
1.0,1.0,1.0,1.0,1.0,0.0,0.0,0.0,0.0,0.0,0.0,1.0,0.30010454116294594,0.30010454116294594,0.0,0.0,0.0,1.0,0.06888999108055896,0.8864906965206599,"SELECT * FROM orders, customer, lineitem WHERE orders.o_custkey = customer.c_custkey AND lineitem.l_orderkey = orders.o_orderkey AND l_discount BETWEEN 0.01 AND 0.09 AND o_totalprice = 167243.91;",3,0,random
1.0,1.0,0.0,1.0,0.0,1.0,0.16666666666666666,0.16666666666666666,1.0,0.7929313929310632,0.7929313929310632,0.0,0.0,0.0,0.0,0.0,0.0,0.0,0.0,0.0,"SELECT * FROM customer, orders WHERE orders.o_custkey = customer.c_custkey AND o_orderdate = DATE '1997-03-22' AND c_mktsegment = 'AUTOMOBILE';",124,135,random
0.0,1.0,1.0,0.0,1.0,0.0,0.0,0.0,0.0,0.0,0.0,1.0,0.48960905014401246,0.9159250559169361,1.0,0.2802458404099103,0.2802458404099103,0.0,0.0,0.0,"SELECT * FROM orders, lineitem WHERE lineitem.l_orderkey = orders.o_orderkey AND l_quantity = 14.73 AND o_totalprice BETWEEN 272310.41 AND 508671.70;",1,0,random
1.0,1.0,1.0,1.0,1.0,0.0,0.0,0.0,0.0,0.0,0.0,0.0,0.0,0.0,0.0,0.0,0.0,0.0,0.0,0.0,"SELECT * FROM customer, orders, lineitem WHERE orders.o_custkey = customer.c_custkey AND lineitem.l_orderkey = orders.o_orderkey;",6001226,6001215,random
0.0,1.0,1.0,0.0,1.0,0.0,0.0,0.0,0.0,0.0,0.0,0.0,0.0,0.0,1.0,0.01067787956157331,0.9265451552095392,0.0,0.0,0.0,"SELECT * FROM lineitem, orders WHERE lineitem.l_orderkey = orders.o_orderkey AND l_quantity BETWEEN 1.52 AND 46.40;",5395302,5401103,random
1.0,1.0,1.0,1.0,1.0,1.0,0.6666666666666666,0.6666666666666666,0.0,0.0,0.0,1.0,0.3356349123030439,0.8031460308476092,0.0,0.0,0.0,0.0,0.0,0.0,"SELECT * FROM orders, customer, lineitem WHERE orders.o_custkey = customer.c_custkey AND lineitem.l_orderkey = orders.o_orderkey AND o_totalprice BETWEEN 186942.92 AND 446143.92 AND c_mktsegment = 'HOUSEHOLD';",405555,612992,random
0.0,1.0,1.0,0.0,1.0,0.0,0.0,0.0,1.0,0.2665280665279557,0.9130977130973335,0.0,0.0,0.0,0.0,0.0,0.0,0.0,0.0,0.0,"SELECT * FROM orders, lineitem WHERE lineitem.l_orderkey = orders.o_orderkey AND o_orderdate BETWEEN DATE '1993-10-03' AND DATE '1998-01-05';",3884117,3886348,random
1.0,1.0,1.0,1.0,1.0,0.0,0.0,0.0,0.0,0.0,0.0,0.0,0.0,0.0,0.0,0.0,0.0,0.0,0.0,0.0,"SELECT * FROM customer, orders, lineitem WHERE orders.o_custkey = customer.c_custkey AND lineitem.l_orderkey = orders.o_orderkey;",6001226,6001215,random
1.0,0.0,0.0,0.0,0.0,1.0,0.8333333333333334,0.8333333333333334,0.0,0.0,0.0,0.0,0.0,0.0,0.0,0.0,0.0,0.0,0.0,0.0,SELECT * FROM customer WHERE c_mktsegment = 'MACHINERY';,30450,29949,random
1.0,1.0,1.0,1.0,1.0,0.0,0.0,0.0,1.0,0.9654885654881641,0.968814968814566,0.0,0.0,0.0,0.0,0.0,0.0,0.0,0.0,0.0,"SELECT * FROM customer, orders, lineitem WHERE orders.o_custkey = customer.c_custkey AND lineitem.l_orderkey = orders.o_orderkey AND o_orderdate BETWEEN DATE '1998-05-11' AND DATE '1998-05-19';",24225,22724,random
1.0,1.0,1.0,1.0,1.0,0.0,0.0,0.0,0.0,0.0,0.0,0.0,0.0,0.0,1.0,0.9513919211103017,0.9513919211103017,0.0,0.0,0.0,"SELECT * FROM orders, lineitem, customer WHERE orders.o_custkey = customer.c_custkey AND lineitem.l_orderkey = orders.o_orderkey AND l_quantity = 47.62;",1,0,random
0.0,0.0,1.0,0.0,0.0,0.0,0.0,0.0,0.0,0.0,0.0,0.0,0.0,0.0,0.0,0.0,0.0,1.0,0.07941195577618498,0.07941195577618498,SELECT * FROM lineitem WHERE l_discount = 0.01;,555914,545834,random
0.0,1.0,1.0,0.0,1.0,0.0,0.0,0.0,0.0,0.0,0.0,0.0,0.0,0.0,1.0,0.591812050814831,0.7315647428792377,0.0,0.0,0.0,"SELECT * FROM lineitem, orders WHERE lineitem.l_orderkey = orders.o_orderkey AND l_quantity BETWEEN 30.00 AND 36.85;",823768,841482,random
1.0,1.0,1.0,1.0,1.0,0.0,0.0,0.0,0.0,0.0,0.0,1.0,0.18934558853482428,0.5754340810531643,0.0,0.0,0.0,0.0,0.0,0.0,"SELECT * FROM orders, lineitem, customer WHERE orders.o_custkey = customer.c_custkey AND lineitem.l_orderkey = orders.o_orderkey AND o_totalprice BETWEEN 105836.10 AND 319894.16;",3650370,4584862,random
1.0,0.0,0.0,0.0,0.0,1.0,0.3333333333333333,0.3333333333333333,0.0,0.0,0.0,0.0,0.0,0.0,0.0,0.0,0.0,0.0,0.0,0.0,SELECT * FROM customer WHERE c_mktsegment = 'BUILDING';,29665,30142,random
1.0,1.0,1.0,1.0,1.0,1.0,0.3333333333333333,0.3333333333333333,1.0,0.7351351351348294,0.8241164241160814,0.0,0.0,0.0,0.0,0.0,0.0,0.0,0.0,0.0,"SELECT * FROM customer, orders, lineitem WHERE orders.o_custkey = customer.c_custkey AND lineitem.l_orderkey = orders.o_orderkey AND c_mktsegment = 'BUILDING' AND o_orderdate BETWEEN DATE '1996-11-03' AND DATE '1997-06-05';",104725,109052,random
0.0,1.0,1.0,0.0,1.0,0.0,0.0,0.0,0.0,0.0,0.0,0.0,0.0,0.0,0.0,0.0,0.0,0.0,0.0,0.0,"SELECT * FROM lineitem, orders WHERE lineitem.l_orderkey = orders.o_orderkey;",6001226,6001215,random
0.0,1.0,0.0,0.0,0.0,0.0,0.0,0.0,1.0,0.011642411642406801,0.7438669438666345,1.0,0.7644338078695497,0.7644338078695497,0.0,0.0,0.0,0.0,0.0,0.0,SELECT * FROM orders WHERE o_totalprice = 424680.80 AND o_orderdate BETWEEN DATE '1992-01-29' AND DATE '1996-11-24';,1,0,random
0.0,0.0,1.0,0.0,0.0,0.0,0.0,0.0,0.0,0.0,0.0,0.0,0.0,0.0,0.0,0.0,0.0,0.0,0.0,0.0,SELECT * FROM lineitem;,6001226,6001215,random
1.0,1.0,1.0,1.0,1.0,1.0,0.6666666666666666,0.6666666666666666,0.0,0.0,0.0,0.0,0.0,0.0,0.0,0.0,0.0,1.0,0.9990974173248075,0.9990974173248075,"SELECT * FROM lineitem, orders, customer WHERE orders.o_custkey = customer.c_custkey AND lineitem.l_orderkey = orders.o_orderkey AND c_mktsegment = 'HOUSEHOLD' AND l_discount = 0.10;",104403,108976,random
0.0,0.0,1.0,0.0,0.0,0.0,0.0,0.0,0.0,0.0,0.0,0.0,0.0,0.0,0.0,0.0,0.0,0.0,0.0,0.0,SELECT * FROM lineitem;,6001226,6001215,random
1.0,1.0,1.0,1.0,1.0,1.0,0.3333333333333333,0.3333333333333333,1.0,0.024116424116414088,0.13929313929308137,0.0,0.0,0.0,0.0,0.0,0.0,1.0,0.7505520759388076,0.7505520759388076,"SELECT * FROM orders, customer, lineitem WHERE orders.o_custkey = customer.c_custkey AND lineitem.l_orderkey = orders.o_orderkey AND c_mktsegment = 'BUILDING' AND l_discount = 0.08 AND o_orderdate BETWEEN DATE '1992-02-28' AND DATE '1992-12-01';",12964,12584,random
0.0,1.0,1.0,0.0,1.0,0.0,0.0,0.0,1.0,0.09480249480245538,0.18378378378370736,1.0,0.14989982747204628,0.14989982747204628,1.0,0.17277994864110188,0.6617720715966048,0.0,0.0,0.0,"SELECT * FROM lineitem, orders WHERE lineitem.l_orderkey = orders.o_orderkey AND l_quantity BETWEEN 9.47 AND 33.43 AND o_orderdate BETWEEN DATE '1992-08-16' AND DATE '1993-03-18' AND o_totalprice = 83966.29;",2,0,random
1.0,1.0,0.0,1.0,0.0,1.0,0.3333333333333333,0.3333333333333333,0.0,0.0,0.0,1.0,0.2776695953886153,0.8538146581450731,0.0,0.0,0.0,0.0,0.0,0.0,"SELECT * FROM customer, orders WHERE orders.o_custkey = customer.c_custkey AND o_totalprice BETWEEN 154805.36 AND 474235.99 AND c_mktsegment = 'BUILDING';",135934,139976,random
0.0,1.0,1.0,0.0,1.0,0.0,0.0,0.0,1.0,0.32307692307678876,0.32307692307678876,1.0,0.2351524197963076,0.28932185576467007,1.0,0.05976041669551811,0.9614394165827184,0.0,0.0,0.0,"SELECT * FROM lineitem, orders WHERE lineitem.l_orderkey = orders.o_orderkey AND l_quantity BETWEEN 3.93 AND 48.11 AND o_orderdate = DATE '1994-02-16' AND o_totalprice BETWEEN 131232.67 AND 161265.69;",252,293,random
1.0,1.0,1.0,1.0,1.0,0.0,0.0,0.0,1.0,0.42869022869005047,0.6839916839913996,0.0,0.0,0.0,0.0,0.0,0.0,1.0,0.1294280764156676,0.1294280764156676,"SELECT * FROM customer, orders, lineitem WHERE orders.o_custkey = customer.c_custkey AND lineitem.l_orderkey = orders.o_orderkey AND o_orderdate BETWEEN DATE '1994-10-28' AND DATE '1996-07-03' AND l_discount = 0.01;",140971,139775,random
0.0,1.0,1.0,0.0,1.0,0.0,0.0,0.0,0.0,0.0,0.0,0.0,0.0,0.0,0.0,0.0,0.0,0.0,0.0,0.0,"SELECT * FROM lineitem, orders WHERE lineitem.l_orderkey = orders.o_orderkey;",6001226,6001215,random
0.0,1.0,0.0,0.0,0.0,0.0,0.0,0.0,1.0,0.3264033264031907,0.3264033264031907,0.0,0.0,0.0,0.0,0.0,0.0,0.0,0.0,0.0,SELECT * FROM orders WHERE o_orderdate = DATE '1994-02-24';,622,611,random
1.0,1.0,0.0,1.0,0.0,1.0,0.3333333333333333,0.3333333333333333,0.0,0.0,0.0,1.0,0.7815951230576748,0.965473900152985,0.0,0.0,0.0,0.0,0.0,0.0,"SELECT * FROM orders, customer WHERE orders.o_custkey = customer.c_custkey AND c_mktsegment = 'BUILDING' AND o_totalprice BETWEEN 434195.50 AND 536142.94;",1297,163,random
1.0,1.0,1.0,1.0,1.0,0.0,0.0,0.0,0.0,0.0,0.0,0.0,0.0,0.0,0.0,0.0,0.0,0.0,0.0,0.0,"SELECT * FROM customer, orders, lineitem WHERE orders.o_custkey = customer.c_custkey AND lineitem.l_orderkey = orders.o_orderkey;",6001226,6001215,random
1.0,1.0,0.0,1.0,0.0,1.0,0.3333333333333333,0.3333333333333333,1.0,0.4494802494800626,0.4494802494800626,1.0,0.8909105729098918,0.9582727456675959,0.0,0.0,0.0,0.0,0.0,0.0,"SELECT * FROM customer, orders WHERE orders.o_custkey = customer.c_custkey AND o_totalprice BETWEEN 494802.99 AND 532150.42 AND o_orderdate = DATE '1994-12-17' AND c_mktsegment = 'BUILDING';",1,0,random
1.0,1.0,1.0,1.0,1.0,0.0,0.0,0.0,0.0,0.0,0.0,0.0,0.0,0.0,0.0,0.0,0.0,0.0,0.0,0.0,"SELECT * FROM orders, lineitem, customer WHERE orders.o_custkey = customer.c_custkey AND lineitem.l_orderkey = orders.o_orderkey;",6001226,6001215,random
0.0,1.0,1.0,0.0,1.0,0.0,0.0,0.0,1.0,0.5359667359665131,0.6045738045735531,0.0,0.0,0.0,1.0,0.6458415775479824,0.957725695677741,1.0,0.12036241690868037,0.7334199106408908,"SELECT * FROM lineitem, orders WHERE lineitem.l_orderkey = orders.o_orderkey AND o_orderdate BETWEEN DATE '1995-07-13' AND DATE '1995-12-25' AND l_quantity BETWEEN 32.65 AND 47.93 AND l_discount BETWEEN 0.01 AND 0.07;",77682,79511,random
1.0,1.0,1.0,1.0,1.0,1.0,0.16666666666666666,0.16666666666666666,1.0,0.14386694386688403,0.14386694386688403,0.0,0.0,0.0,0.0,0.0,0.0,0.0,0.0,0.0,"SELECT * FROM customer, orders, lineitem WHERE orders.o_custkey = customer.c_custkey AND lineitem.l_orderkey = orders.o_orderkey AND o_orderdate = DATE '1992-12-12' AND c_mktsegment = 'AUTOMOBILE';",496,495,random
0.0,0.0,1.0,0.0,0.0,0.0,0.0,0.0,0.0,0.0,0.0,0.0,0.0,0.0,0.0,0.0,0.0,0.0,0.0,0.0,SELECT * FROM lineitem;,6001226,6001215,random
1.0,1.0,0.0,1.0,0.0,1.0,0.8333333333333334,0.8333333333333334,0.0,0.0,0.0,0.0,0.0,0.0,0.0,0.0,0.0,0.0,0.0,0.0,"SELECT * FROM customer, orders WHERE orders.o_custkey = customer.c_custkey AND c_mktsegment = 'MACHINERY';",304500,298980,random
0.0,1.0,1.0,0.0,1.0,0.0,0.0,0.0,1.0,0.16257796257789497,0.4532224532222648,0.0,0.0,0.0,0.0,0.0,0.0,0.0,0.0,0.0,"SELECT * FROM orders, lineitem WHERE lineitem.l_orderkey = orders.o_orderkey AND o_orderdate BETWEEN DATE '1993-01-26' AND DATE '1994-12-26';",1718407,1743695,random
1.0,0.0,0.0,0.0,0.0,0.0,0.0,0.0,0.0,0.0,0.0,0.0,0.0,0.0,0.0,0.0,0.0,0.0,0.0,0.0,SELECT * FROM customer;,150000,150000,random
0.0,1.0,0.0,0.0,0.0,0.0,0.0,0.0,1.0,0.8316008316004858,0.8316008316004858,1.0,0.02546526215143747,0.02546526215143747,0.0,0.0,0.0,0.0,0.0,0.0,SELECT * FROM orders WHERE o_orderdate = DATE '1997-06-23' AND o_totalprice = 14976.35;,1,0,random
1.0,1.0,0.0,1.0,0.0,0.0,0.0,0.0,0.0,0.0,0.0,0.0,0.0,0.0,0.0,0.0,0.0,0.0,0.0,0.0,"SELECT * FROM orders, customer WHERE orders.o_custkey = customer.c_custkey;",1500000,1500000,random
1.0,1.0,1.0,1.0,1.0,0.0,0.0,0.0,0.0,0.0,0.0,0.0,0.0,0.0,0.0,0.0,0.0,1.0,0.5227805782982521,0.5227805782982521,"SELECT * FROM orders, lineitem, customer WHERE orders.o_custkey = customer.c_custkey AND lineitem.l_orderkey = orders.o_orderkey AND l_discount = 0.05;",528908,546395,random
1.0,1.0,1.0,1.0,1.0,0.0,0.0,0.0,1.0,0.3958419958418313,0.6415800415797748,0.0,0.0,0.0,1.0,0.492455701524101,0.545111380969415,0.0,0.0,0.0,"SELECT * FROM customer, orders, lineitem WHERE orders.o_custkey = customer.c_custkey AND lineitem.l_orderkey = orders.o_orderkey AND l_quantity BETWEEN 25.13 AND 27.71 AND o_orderdate BETWEEN DATE '1994-08-10' AND DATE '1996-03-23';",57993,58977,random
1.0,0.0,0.0,0.0,0.0,1.0,0.6666666666666666,0.6666666666666666,0.0,0.0,0.0,0.0,0.0,0.0,0.0,0.0,0.0,0.0,0.0,0.0,SELECT * FROM customer WHERE c_mktsegment = 'HOUSEHOLD';,29710,30189,random
0.0,1.0,0.0,0.0,0.0,0.0,0.0,0.0,0.0,0.0,0.0,1.0,0.6835219380086989,0.6835219380086989,0.0,0.0,0.0,0.0,0.0,0.0,SELECT * FROM orders WHERE o_totalprice = 379821.04;,1,0,random
0.0,0.0,1.0,0.0,0.0,0.0,0.0,0.0,0.0,0.0,0.0,0.0,0.0,0.0,1.0,0.1526307460218887,0.1526307460218887,1.0,0.21900090176306447,0.21900090176306447,SELECT * FROM lineitem WHERE l_discount = 0.02 AND l_quantity = 8.48;,1,0,random
1.0,1.0,1.0,1.0,1.0,1.0,0.16666666666666666,0.16666666666666666,1.0,0.0677754677754396,0.19999999999991683,1.0,0.7147421739781242,0.7147421739781242,0.0,0.0,0.0,0.0,0.0,0.0,"SELECT * FROM lineitem, orders, customer WHERE orders.o_custkey = customer.c_custkey AND lineitem.l_orderkey = orders.o_orderkey AND o_totalprice = 397130.39 AND o_orderdate BETWEEN DATE '1992-06-12' AND DATE '1993-04-26' AND c_mktsegment = 'AUTOMOBILE';",1,0,random
0.0,0.0,1.0,0.0,0.0,0.0,0.0,0.0,0.0,0.0,0.0,0.0,0.0,0.0,0.0,0.0,0.0,0.0,0.0,0.0,SELECT * FROM lineitem;,6001226,6001215,random
1.0,1.0,0.0,1.0,0.0,1.0,0.8333333333333334,0.8333333333333334,1.0,0.5363825363823134,0.5363825363823134,1.0,0.5562627194397184,0.5562627194397184,0.0,0.0,0.0,0.0,0.0,0.0,"SELECT * FROM customer, orders WHERE orders.o_custkey = customer.c_custkey AND o_orderdate = DATE '1995-07-14' AND c_mktsegment = 'MACHINERY' AND o_totalprice = 309265.03;",1,0,random
1.0,1.0,0.0,1.0,0.0,1.0,0.3333333333333333,0.3333333333333333,1.0,0.26029106029095206,0.26029106029095206,0.0,0.0,0.0,0.0,0.0,0.0,0.0,0.0,0.0,"SELECT * FROM customer, orders WHERE orders.o_custkey = customer.c_custkey AND c_mktsegment = 'BUILDING' AND o_orderdate = DATE '1993-09-18';",123,113,random
0.0,1.0,0.0,0.0,0.0,0.0,0.0,0.0,0.0,0.0,0.0,0.0,0.0,0.0,0.0,0.0,0.0,0.0,0.0,0.0,SELECT * FROM orders;,1500000,1500000,random
0.0,1.0,1.0,0.0,1.0,0.0,0.0,0.0,0.0,0.0,0.0,0.0,0.0,0.0,0.0,0.0,0.0,0.0,0.0,0.0,"SELECT * FROM lineitem, orders WHERE lineitem.l_orderkey = orders.o_orderkey;",6001226,6001215,random
1.0,1.0,0.0,1.0,0.0,0.0,0.0,0.0,0.0,0.0,0.0,1.0,0.3609383215291774,0.81786029266842,0.0,0.0,0.0,0.0,0.0,0.0,"SELECT * FROM customer, orders WHERE orders.o_custkey = customer.c_custkey AND o_totalprice BETWEEN 200971.82 AND 454301.91;",438637,445885,random
0.0,0.0,1.0,0.0,0.0,0.0,0.0,0.0,0.0,0.0,0.0,0.0,0.0,0.0,1.0,0.8295871926743299,0.8295871926743299,1.0,0.02381252704516748,0.02381252704516748,SELECT * FROM lineitem WHERE l_discount = 0.00 AND l_quantity = 41.65;,1,0,random
1.0,1.0,1.0,1.0,1.0,1.0,0.3333333333333333,0.3333333333333333,1.0,0.10727650727646267,0.10727650727646267,0.0,0.0,0.0,0.0,0.0,0.0,1.0,0.5967403686375253,0.7950031676869541,"SELECT * FROM customer, orders, lineitem WHERE orders.o_custkey = customer.c_custkey AND lineitem.l_orderkey = orders.o_orderkey AND l_discount BETWEEN 0.06 AND 0.08 AND c_mktsegment = 'BUILDING' AND o_orderdate = DATE '1992-09-15';",135,152,random
1.0,0.0,0.0,0.0,0.0,0.0,0.0,0.0,0.0,0.0,0.0,0.0,0.0,0.0,0.0,0.0,0.0,0.0,0.0,0.0,SELECT * FROM customer;,150000,150000,random
1.0,1.0,1.0,1.0,1.0,0.0,0.0,0.0,0.0,0.0,0.0,0.0,0.0,0.0,0.0,0.0,0.0,0.0,0.0,0.0,"SELECT * FROM orders, lineitem, customer WHERE orders.o_custkey = customer.c_custkey AND lineitem.l_orderkey = orders.o_orderkey;",6001226,6001215,random
1.0,0.0,0.0,0.0,0.0,1.0,0.6666666666666666,0.6666666666666666,0.0,0.0,0.0,0.0,0.0,0.0,0.0,0.0,0.0,0.0,0.0,0.0,SELECT * FROM customer WHERE c_mktsegment = 'HOUSEHOLD';,29710,30189,random
1.0,1.0,1.0,1.0,1.0,0.0,0.0,0.0,0.0,0.0,0.0,0.0,0.0,0.0,0.0,0.0,0.0,0.0,0.0,0.0,"SELECT * FROM orders, lineitem, customer WHERE orders.o_custkey = customer.c_custkey AND lineitem.l_orderkey = orders.o_orderkey;",6001226,6001215,random
1.0,1.0,0.0,1.0,0.0,0.0,0.0,0.0,0.0,0.0,0.0,0.0,0.0,0.0,0.0,0.0,0.0,0.0,0.0,0.0,"SELECT * FROM orders, customer WHERE orders.o_custkey = customer.c_custkey;",1500000,1500000,random
1.0,1.0,1.0,1.0,1.0,0.0,0.0,0.0,1.0,0.5571725571723255,0.5796257796255386,1.0,0.15329485547151817,0.7314340225741366,1.0,0.7028767284848197,0.7028767284848197,0.0,0.0,0.0,"SELECT * FROM orders, lineitem, customer WHERE orders.o_custkey = customer.c_custkey AND lineitem.l_orderkey = orders.o_orderkey AND o_orderdate BETWEEN DATE '1995-09-02' AND DATE '1995-10-26' AND l_quantity = 35.44 AND o_totalprice BETWEEN 85848.59 AND 406384.81;",1,0,random
0.0,0.0,1.0,0.0,0.0,0.0,0.0,0.0,0.0,0.0,0.0,0.0,0.0,0.0,0.0,0.0,0.0,0.0,0.0,0.0,SELECT * FROM lineitem;,6001226,6001215,random
0.0,1.0,0.0,0.0,0.0,0.0,0.0,0.0,1.0,0.013305613305607773,0.013305613305607773,1.0,0.656610027425066,0.9594288823718785,0.0,0.0,0.0,0.0,0.0,0.0,SELECT * FROM orders WHERE o_orderdate = DATE '1992-02-02' AND o_totalprice BETWEEN 364900.33 AND 532791.42;,6,0,random
1.0,1.0,1.0,1.0,1.0,0.0,0.0,0.0,0.0,0.0,0.0,0.0,0.0,0.0,1.0,0.4479891271079095,0.4479891271079095,0.0,0.0,0.0,"SELECT * FROM lineitem, orders, customer WHERE orders.o_custkey = customer.c_custkey AND lineitem.l_orderkey = orders.o_orderkey AND l_quantity = 22.95;",1,0,random
0.0,0.0,1.0,0.0,0.0,0.0,0.0,0.0,0.0,0.0,0.0,0.0,0.0,0.0,1.0,0.286517108703032,0.7425259653125752,1.0,0.7029469277340786,0.7919637647909306,SELECT * FROM lineitem WHERE l_discount BETWEEN 0.07 AND 0.08 AND l_quantity BETWEEN 15.04 AND 37.38;,482427,480682,random
0.0,1.0,0.0,0.0,0.0,0.0,0.0,0.0,1.0,0.3729729729728179,0.9014553014549266,1.0,0.3207112381994342,0.5407670151121583,0.0,0.0,0.0,0.0,0.0,0.0,SELECT * FROM orders WHERE o_orderdate BETWEEN DATE '1994-06-16' AND DATE '1997-12-08' AND o_totalprice BETWEEN 178668.82 AND 300673.79;,251160,252741,random
1.0,1.0,1.0,1.0,1.0,1.0,0.6666666666666666,0.6666666666666666,0.0,0.0,0.0,0.0,0.0,0.0,0.0,0.0,0.0,0.0,0.0,0.0,"SELECT * FROM orders, lineitem, customer WHERE orders.o_custkey = customer.c_custkey AND lineitem.l_orderkey = orders.o_orderkey AND c_mktsegment = 'HOUSEHOLD';",1188643,1201214,random
1.0,1.0,1.0,1.0,1.0,0.0,0.0,0.0,1.0,0.34345114345100064,0.8893970893967196,0.0,0.0,0.0,1.0,0.4507687445913896,0.5392117936933264,0.0,0.0,0.0,"SELECT * FROM orders, customer, lineitem WHERE orders.o_custkey = customer.c_custkey AND lineitem.l_orderkey = orders.o_orderkey AND l_quantity BETWEEN 23.09 AND 27.42 AND o_orderdate BETWEEN DATE '1994-04-06' AND DATE '1997-11-09';",265837,262628,random
1.0,1.0,1.0,1.0,1.0,0.0,0.0,0.0,0.0,0.0,0.0,0.0,0.0,0.0,1.0,0.39635017574323517,0.823443371182088,0.0,0.0,0.0,"SELECT * FROM lineitem, orders, customer WHERE orders.o_custkey = customer.c_custkey AND lineitem.l_orderkey = orders.o_orderkey AND l_quantity BETWEEN 20.42 AND 41.35;",2522715,2522989,random
1.0,1.0,1.0,1.0,1.0,0.0,0.0,0.0,0.0,0.0,0.0,1.0,0.4891799920567961,0.7877242441095377,0.0,0.0,0.0,0.0,0.0,0.0,"SELECT * FROM lineitem, orders, customer WHERE orders.o_custkey = customer.c_custkey AND lineitem.l_orderkey = orders.o_orderkey AND o_totalprice BETWEEN 272072.53 AND 437593.65;",591281,1004118,random
1.0,1.0,0.0,1.0,0.0,1.0,0.8333333333333334,0.8333333333333334,0.0,0.0,0.0,0.0,0.0,0.0,0.0,0.0,0.0,0.0,0.0,0.0,"SELECT * FROM orders, customer WHERE orders.o_custkey = customer.c_custkey AND c_mktsegment = 'MACHINERY';",304500,298980,random
0.0,1.0,1.0,0.0,1.0,0.0,0.0,0.0,1.0,0.1879417879417098,0.895218295217923,0.0,0.0,0.0,0.0,0.0,0.0,0.0,0.0,0.0,"SELECT * FROM orders, lineitem WHERE lineitem.l_orderkey = orders.o_orderkey AND o_orderdate BETWEEN DATE '1993-03-28' AND DATE '1997-11-23';",4233053,4249209,random
0.0,0.0,1.0,0.0,0.0,0.0,0.0,0.0,0.0,0.0,0.0,0.0,0.0,0.0,1.0,0.24183334972812345,0.4061198704074709,1.0,0.07220667301135676,0.07220667301135676,SELECT * FROM lineitem WHERE l_discount = 0.01 AND l_quantity BETWEEN 12.85 AND 20.90;,89261,86918,random
1.0,1.0,1.0,1.0,1.0,0.0,0.0,0.0,0.0,0.0,0.0,0.0,0.0,0.0,0.0,0.0,0.0,0.0,0.0,0.0,"SELECT * FROM lineitem, orders, customer WHERE orders.o_custkey = customer.c_custkey AND lineitem.l_orderkey = orders.o_orderkey;",6001226,6001215,random
0.0,0.0,1.0,0.0,0.0,0.0,0.0,0.0,0.0,0.0,0.0,0.0,0.0,0.0,0.0,0.0,0.0,0.0,0.0,0.0,SELECT * FROM lineitem;,6001226,6001215,random
1.0,1.0,0.0,1.0,0.0,0.0,0.0,0.0,0.0,0.0,0.0,0.0,0.0,0.0,0.0,0.0,0.0,0.0,0.0,0.0,"SELECT * FROM customer, orders WHERE orders.o_custkey = customer.c_custkey;",1500000,1500000,random
1.0,1.0,1.0,1.0,1.0,1.0,0.8333333333333334,0.8333333333333334,0.0,0.0,0.0,0.0,0.0,0.0,1.0,0.25578217729874614,0.3514969574665838,1.0,0.6791174156951718,0.9770134517564831,"SELECT * FROM orders, customer, lineitem WHERE orders.o_custkey = customer.c_custkey AND lineitem.l_orderkey = orders.o_orderkey AND c_mktsegment = 'MACHINERY' AND l_discount BETWEEN 0.07 AND 0.10 AND l_quantity BETWEEN 13.53 AND 18.22;",45114,43405,random
0.0,1.0,1.0,0.0,1.0,0.0,0.0,0.0,1.0,0.3796257796256218,0.9625779625775623,1.0,0.08682862277978481,0.25215638088982467,1.0,0.24538951906268655,0.24538951906268655,0.0,0.0,0.0,"SELECT * FROM orders, lineitem WHERE lineitem.l_orderkey = orders.o_orderkey AND o_orderdate BETWEEN DATE '1994-07-02' AND DATE '1998-05-04' AND o_totalprice BETWEEN 48997.88 AND 140660.13 AND l_quantity = 13.02;",1,0,random
1.0,1.0,1.0,1.0,1.0,0.0,0.0,0.0,0.0,0.0,0.0,0.0,0.0,0.0,0.0,0.0,0.0,0.0,0.0,0.0,"SELECT * FROM lineitem, orders, customer WHERE orders.o_custkey = customer.c_custkey AND lineitem.l_orderkey = orders.o_orderkey;",6001226,6001215,random
0.0,1.0,1.0,0.0,1.0,0.0,0.0,0.0,0.0,0.0,0.0,0.0,0.0,0.0,0.0,0.0,0.0,0.0,0.0,0.0,"SELECT * FROM lineitem, orders WHERE lineitem.l_orderkey = orders.o_orderkey;",6001226,6001215,random
1.0,0.0,0.0,0.0,0.0,0.0,0.0,0.0,0.0,0.0,0.0,0.0,0.0,0.0,0.0,0.0,0.0,0.0,0.0,0.0,SELECT * FROM customer;,150000,150000,random
1.0,1.0,1.0,1.0,1.0,0.0,0.0,0.0,0.0,0.0,0.0,0.0,0.0,0.0,0.0,0.0,0.0,0.0,0.0,0.0,"SELECT * FROM orders, lineitem, customer WHERE orders.o_custkey = customer.c_custkey AND lineitem.l_orderkey = orders.o_orderkey;",6001226,6001215,random
1.0,1.0,0.0,1.0,0.0,0.0,0.0,0.0,1.0,0.686486486486201,0.9683991683987657,1.0,0.039816493468632065,0.6011203477637129,0.0,0.0,0.0,0.0,0.0,0.0,"SELECT * FROM customer, orders WHERE orders.o_custkey = customer.c_custkey AND o_totalprice BETWEEN 22933.07 AND 334135.33 AND o_orderdate BETWEEN DATE '1996-07-09' AND DATE '1998-05-18';",395036,392245,random
0.0,1.0,0.0,0.0,0.0,0.0,0.0,0.0,1.0,0.7758835758832533,0.7758835758832533,0.0,0.0,0.0,0.0,0.0,0.0,0.0,0.0,0.0,SELECT * FROM orders WHERE o_orderdate = DATE '1997-02-09';,622,662,random
1.0,1.0,1.0,1.0,1.0,1.0,0.3333333333333333,0.3333333333333333,0.0,0.0,0.0,0.0,0.0,0.0,1.0,0.10153772059198578,0.9116551959037213,1.0,0.4446664095788997,0.4446664095788997,"SELECT * FROM customer, orders, lineitem WHERE orders.o_custkey = customer.c_custkey AND lineitem.l_orderkey = orders.o_orderkey AND l_discount = 0.04 AND l_quantity BETWEEN 5.98 AND 45.67 AND c_mktsegment = 'BUILDING';",87099,88462,random
0.0,0.0,1.0,0.0,0.0,0.0,0.0,0.0,0.0,0.0,0.0,0.0,0.0,0.0,1.0,0.36828829820322395,0.8976894668590515,1.0,0.429973456587173,0.7943373444138442,SELECT * FROM lineitem WHERE l_discount BETWEEN 0.04 AND 0.08 AND l_quantity BETWEEN 19.05 AND 44.99;,1371267,1364717,random
1.0,1.0,0.0,1.0,0.0,1.0,0.5,0.5,1.0,0.9488565488561543,0.9488565488561543,1.0,0.06517534022959269,0.42225523342891363,0.0,0.0,0.0,0.0,0.0,0.0,"SELECT * FROM orders, customer WHERE orders.o_custkey = customer.c_custkey AND o_totalprice BETWEEN 36992.71 AND 234967.60 AND o_orderdate = DATE '1998-04-01' AND c_mktsegment = 'FURNITURE';",89,100,random
0.0,1.0,1.0,0.0,1.0,0.0,0.0,0.0,0.0,0.0,0.0,0.0,0.0,0.0,0.0,0.0,0.0,1.0,0.18679071526180724,0.18679071526180724,"SELECT * FROM lineitem, orders WHERE lineitem.l_orderkey = orders.o_orderkey AND l_discount = 0.02;",538310,546173,random
0.0,0.0,1.0,0.0,0.0,0.0,0.0,0.0,0.0,0.0,0.0,0.0,0.0,0.0,1.0,0.6562626971581026,0.97086537470921,1.0,0.03975576295620955,0.11584982577097096,SELECT * FROM lineitem WHERE l_quantity BETWEEN 33.16 AND 48.57 AND l_discount BETWEEN 0.00 AND 0.01;,327628,327218,random
0.0,1.0,0.0,0.0,0.0,0.0,0.0,0.0,1.0,0.11268191268186582,0.6656964656961889,1.0,0.05999398611631989,0.05999398611631989,0.0,0.0,0.0,0.0,0.0,0.0,SELECT * FROM orders WHERE o_totalprice = 34120.02 AND o_orderdate BETWEEN DATE '1992-09-28' AND DATE '1996-05-20';,1,0,random
1.0,1.0,1.0,1.0,1.0,0.0,0.0,0.0,0.0,0.0,0.0,0.0,0.0,0.0,0.0,0.0,0.0,1.0,0.21412248769146702,0.4782754319668109,"SELECT * FROM customer, orders, lineitem WHERE orders.o_custkey = customer.c_custkey AND lineitem.l_orderkey = orders.o_orderkey AND l_discount BETWEEN 0.02 AND 0.05;",2179645,2183406,random
0.0,0.0,1.0,0.0,0.0,0.0,0.0,0.0,0.0,0.0,0.0,0.0,0.0,0.0,0.0,0.0,0.0,1.0,0.14540261526427697,0.8578456219918057,SELECT * FROM lineitem WHERE l_discount BETWEEN 0.01 AND 0.09;,4934408,4910514,random
1.0,1.0,1.0,1.0,1.0,1.0,0.5,0.5,0.0,0.0,0.0,0.0,0.0,0.0,0.0,0.0,0.0,0.0,0.0,0.0,"SELECT * FROM orders, lineitem, customer WHERE orders.o_custkey = customer.c_custkey AND lineitem.l_orderkey = orders.o_orderkey AND c_mktsegment = 'FURNITURE';",1207247,1199489,random
0.0,1.0,1.0,0.0,1.0,0.0,0.0,0.0,0.0,0.0,0.0,0.0,0.0,0.0,0.0,0.0,0.0,1.0,0.39077622387809574,0.9307799721092768,"SELECT * FROM orders, lineitem WHERE lineitem.l_orderkey = orders.o_orderkey AND l_discount BETWEEN 0.04 AND 0.09;",3278870,3273214,random
1.0,1.0,1.0,1.0,1.0,0.0,0.0,0.0,1.0,0.2873180873179679,0.7729729729726516,0.0,0.0,0.0,0.0,0.0,0.0,0.0,0.0,0.0,"SELECT * FROM customer, orders, lineitem WHERE orders.o_custkey = customer.c_custkey AND lineitem.l_orderkey = orders.o_orderkey AND o_orderdate BETWEEN DATE '1993-11-22' AND DATE '1997-02-02';",2919949,2920083,random
1.0,1.0,0.0,1.0,0.0,0.0,0.0,0.0,1.0,0.03991683991682332,0.277338877338762,0.0,0.0,0.0,0.0,0.0,0.0,0.0,0.0,0.0,"SELECT * FROM customer, orders WHERE orders.o_custkey = customer.c_custkey AND o_orderdate BETWEEN DATE '1992-04-06' AND DATE '1993-10-29';",354274,354877,random
0.0,1.0,1.0,0.0,1.0,0.0,0.0,0.0,1.0,0.4698544698542745,0.4877338877336849,1.0,0.5895611025039063,0.8395077041421195,0.0,0.0,0.0,0.0,0.0,0.0,"SELECT * FROM lineitem, orders WHERE lineitem.l_orderkey = orders.o_orderkey AND o_orderdate BETWEEN DATE '1995-02-04' AND DATE '1995-03-19' AND o_totalprice BETWEEN 327726.57 AND 466303.83;",2829,5552,random
1.0,1.0,1.0,1.0,1.0,0.0,0.0,0.0,1.0,0.8744282744279108,0.9338877338873456,0.0,0.0,0.0,1.0,0.06293437072202972,0.6163666593259391,0.0,0.0,0.0,"SELECT * FROM lineitem, orders, customer WHERE orders.o_custkey = customer.c_custkey AND lineitem.l_orderkey = orders.o_orderkey AND l_quantity BETWEEN 4.08 AND 31.20 AND o_orderdate BETWEEN DATE '1997-10-04' AND DATE '1998-02-24';",192827,193802,random
1.0,1.0,1.0,1.0,1.0,1.0,0.5,0.5,0.0,0.0,0.0,0.0,0.0,0.0,0.0,0.0,0.0,0.0,0.0,0.0,"SELECT * FROM customer, orders, lineitem WHERE orders.o_custkey = customer.c_custkey AND lineitem.l_orderkey = orders.o_orderkey AND c_mktsegment = 'FURNITURE';",1207247,1199489,random
1.0,1.0,0.0,1.0,0.0,1.0,0.8333333333333334,0.8333333333333334,0.0,0.0,0.0,0.0,0.0,0.0,0.0,0.0,0.0,0.0,0.0,0.0,"SELECT * FROM orders, customer WHERE orders.o_custkey = customer.c_custkey AND c_mktsegment = 'MACHINERY';",304500,298980,random
1.0,1.0,1.0,1.0,1.0,0.0,0.0,0.0,0.0,0.0,0.0,0.0,0.0,0.0,1.0,0.722742541686937,0.722742541686937,0.0,0.0,0.0,"SELECT * FROM customer, orders, lineitem WHERE orders.o_custkey = customer.c_custkey AND lineitem.l_orderkey = orders.o_orderkey AND l_quantity = 36.41;",1,0,random
1.0,1.0,0.0,1.0,0.0,1.0,0.6666666666666666,0.6666666666666666,0.0,0.0,0.0,0.0,0.0,0.0,0.0,0.0,0.0,0.0,0.0,0.0,"SELECT * FROM customer, orders WHERE orders.o_custkey = customer.c_custkey AND c_mktsegment = 'HOUSEHOLD';",297100,300147,random
1.0,1.0,0.0,1.0,0.0,1.0,0.8333333333333334,0.8333333333333334,1.0,0.25488565488554893,0.25488565488554893,1.0,0.12442927782620238,0.12442927782620238,0.0,0.0,0.0,0.0,0.0,0.0,"SELECT * FROM orders, customer WHERE orders.o_custkey = customer.c_custkey AND c_mktsegment = 'MACHINERY' AND o_orderdate = DATE '1993-09-05' AND o_totalprice = 69844.72;",1,0,random
0.0,1.0,1.0,0.0,1.0,0.0,0.0,0.0,0.0,0.0,0.0,1.0,0.4547605658676541,0.9908537533182197,1.0,0.277091663407977,0.5674536408404921,0.0,0.0,0.0,"SELECT * FROM lineitem, orders WHERE lineitem.l_orderkey = orders.o_orderkey AND o_totalprice BETWEEN 252989.45 AND 550214.23 AND l_quantity BETWEEN 14.58 AND 28.81;",243335,342793,random
1.0,0.0,0.0,0.0,0.0,1.0,0.6666666666666666,0.6666666666666666,0.0,0.0,0.0,0.0,0.0,0.0,0.0,0.0,0.0,0.0,0.0,0.0,SELECT * FROM customer WHERE c_mktsegment = 'HOUSEHOLD';,29710,30189,random
1.0,1.0,1.0,1.0,1.0,0.0,0.0,0.0,0.0,0.0,0.0,0.0,0.0,0.0,0.0,0.0,0.0,0.0,0.0,0.0,"SELECT * FROM orders, customer, lineitem WHERE orders.o_custkey = customer.c_custkey AND lineitem.l_orderkey = orders.o_orderkey;",6001226,6001215,random
1.0,1.0,0.0,1.0,0.0,0.0,0.0,0.0,0.0,0.0,0.0,0.0,0.0,0.0,0.0,0.0,0.0,0.0,0.0,0.0,"SELECT * FROM customer, orders WHERE orders.o_custkey = customer.c_custkey;",1500000,1500000,random
0.0,1.0,1.0,0.0,1.0,0.0,0.0,0.0,0.0,0.0,0.0,0.0,0.0,0.0,0.0,0.0,0.0,1.0,0.6602969443822784,0.6602969443822784,"SELECT * FROM orders, lineitem WHERE lineitem.l_orderkey = orders.o_orderkey AND l_discount = 0.07;",540310,546192,random
1.0,0.0,0.0,0.0,0.0,1.0,0.8333333333333334,0.8333333333333334,0.0,0.0,0.0,0.0,0.0,0.0,0.0,0.0,0.0,0.0,0.0,0.0,SELECT * FROM customer WHERE c_mktsegment = 'MACHINERY';,30450,29949,random
1.0,1.0,1.0,1.0,1.0,1.0,0.3333333333333333,0.3333333333333333,0.0,0.0,0.0,0.0,0.0,0.0,1.0,0.5537102489367375,0.5537102489367375,0.0,0.0,0.0,"SELECT * FROM orders, customer, lineitem WHERE orders.o_custkey = customer.c_custkey AND lineitem.l_orderkey = orders.o_orderkey AND c_mktsegment = 'BUILDING' AND l_quantity = 28.13;",1,0,random
1.0,1.0,0.0,1.0,0.0,0.0,0.0,0.0,0.0,0.0,0.0,0.0,0.0,0.0,0.0,0.0,0.0,0.0,0.0,0.0,"SELECT * FROM customer, orders WHERE orders.o_custkey = customer.c_custkey;",1500000,1500000,random
1.0,1.0,1.0,1.0,1.0,0.0,0.0,0.0,0.0,0.0,0.0,1.0,0.6096072060290156,0.6096072060290156,0.0,0.0,0.0,0.0,0.0,0.0,"SELECT * FROM customer, orders, lineitem WHERE orders.o_custkey = customer.c_custkey AND lineitem.l_orderkey = orders.o_orderkey AND o_totalprice = 338840.68;",4,0,random
1.0,1.0,1.0,1.0,1.0,0.0,0.0,0.0,0.0,0.0,0.0,1.0,0.7124250117252237,0.7124250117252237,1.0,0.10036661361908379,0.10036661361908379,1.0,0.3867032895024183,0.5997163284172409,"SELECT * FROM customer, orders, lineitem WHERE orders.o_custkey = customer.c_custkey AND lineitem.l_orderkey = orders.o_orderkey AND l_discount BETWEEN 0.04 AND 0.06 AND l_quantity = 5.92 AND o_totalprice = 395845.69;",1,0,random
0.0,1.0,1.0,0.0,1.0,0.0,0.0,0.0,0.0,0.0,0.0,0.0,0.0,0.0,1.0,0.49151982691365437,0.7895877575351591,0.0,0.0,0.0,"SELECT * FROM lineitem, orders WHERE lineitem.l_orderkey = orders.o_orderkey AND l_quantity BETWEEN 25.08 AND 39.69;",1670941,1681553,random
0.0,1.0,1.0,0.0,1.0,0.0,0.0,0.0,1.0,0.37255717255701765,0.7031185031182108,1.0,0.3776642692713555,0.6989288455492129,1.0,0.20713091058553004,0.3142117809683443,0.0,0.0,0.0,"SELECT * FROM orders, lineitem WHERE lineitem.l_orderkey = orders.o_orderkey AND o_orderdate BETWEEN DATE '1994-06-15' AND DATE '1996-08-18' AND o_totalprice BETWEEN 210245.15 AND 388363.05 AND l_quantity BETWEEN 11.15 AND 16.40;",51164,65655,random
1.0,1.0,0.0,1.0,0.0,1.0,0.16666666666666666,0.16666666666666666,1.0,0.06444906444903765,0.7126819126816164,1.0,0.5633091125195678,0.6864921743815046,0.0,0.0,0.0,0.0,0.0,0.0,"SELECT * FROM customer, orders WHERE orders.o_custkey = customer.c_custkey AND o_totalprice BETWEEN 313171.74 AND 381467.82 AND o_orderdate BETWEEN DATE '1992-06-04' AND DATE '1996-09-10' AND c_mktsegment = 'AUTOMOBILE';",6192,7042,random
1.0,1.0,0.0,1.0,0.0,1.0,0.6666666666666666,0.6666666666666666,1.0,0.2286902286901336,0.2286902286901336,1.0,0.4241378164996265,0.44532755694678366,0.0,0.0,0.0,0.0,0.0,0.0,"SELECT * FROM orders, customer WHERE orders.o_custkey = customer.c_custkey AND o_totalprice BETWEEN 236011.36 AND 247759.53 AND c_mktsegment = 'HOUSEHOLD' AND o_orderdate = DATE '1993-07-04';",4,3,random
1.0,1.0,0.0,1.0,0.0,0.0,0.0,0.0,1.0,0.5987525987523498,0.6449064449061768,0.0,0.0,0.0,0.0,0.0,0.0,0.0,0.0,0.0,"SELECT * FROM orders, customer WHERE orders.o_custkey = customer.c_custkey AND o_orderdate BETWEEN DATE '1995-12-11' AND DATE '1996-03-31';",70268,69653,random
1.0,1.0,1.0,1.0,1.0,0.0,0.0,0.0,0.0,0.0,0.0,0.0,0.0,0.0,0.0,0.0,0.0,0.0,0.0,0.0,"SELECT * FROM customer, orders, lineitem WHERE orders.o_custkey = customer.c_custkey AND lineitem.l_orderkey = orders.o_orderkey;",6001226,6001215,random
1.0,1.0,1.0,1.0,1.0,0.0,0.0,0.0,0.0,0.0,0.0,0.0,0.0,0.0,1.0,0.43589376864820334,0.43589376864820334,1.0,0.1860200686709341,0.4094643724115533,"SELECT * FROM lineitem, orders, customer WHERE orders.o_custkey = customer.c_custkey AND lineitem.l_orderkey = orders.o_orderkey AND l_quantity = 22.36 AND l_discount BETWEEN 0.02 AND 0.04;",1,0,random
1.0,0.0,0.0,0.0,0.0,1.0,0.16666666666666666,0.16666666666666666,0.0,0.0,0.0,0.0,0.0,0.0,0.0,0.0,0.0,0.0,0.0,0.0,SELECT * FROM customer WHERE c_mktsegment = 'AUTOMOBILE';,30000,29752,random
1.0,1.0,1.0,1.0,1.0,0.0,0.0,0.0,0.0,0.0,0.0,1.0,0.9613421350373682,0.9613421350373682,0.0,0.0,0.0,0.0,0.0,0.0,"SELECT * FROM lineitem, orders, customer WHERE orders.o_custkey = customer.c_custkey AND lineitem.l_orderkey = orders.o_orderkey AND o_totalprice = 533852.18;",4,0,random
1.0,1.0,1.0,1.0,1.0,1.0,0.8333333333333334,0.8333333333333334,0.0,0.0,0.0,0.0,0.0,0.0,1.0,0.1789239805357792,0.36893059106318604,1.0,0.008746492220003234,0.245646539756709,"SELECT * FROM customer, orders, lineitem WHERE orders.o_custkey = customer.c_custkey AND lineitem.l_orderkey = orders.o_orderkey AND l_quantity BETWEEN 9.77 AND 19.08 AND c_mktsegment = 'MACHINERY' AND l_discount BETWEEN 0.00 AND 0.02;",66095,64813,random
1.0,1.0,1.0,1.0,1.0,1.0,0.5,0.5,0.0,0.0,0.0,1.0,0.5738645030793347,0.8342799199163216,0.0,0.0,0.0,1.0,0.13229098218953314,0.13229098218953314,"SELECT * FROM orders, lineitem, customer WHERE orders.o_custkey = customer.c_custkey AND lineitem.l_orderkey = orders.o_orderkey AND l_discount = 0.01 AND o_totalprice BETWEEN 319023.94 AND 463405.40 AND c_mktsegment = 'FURNITURE';",3705,7000,random
0.0,1.0,1.0,0.0,1.0,0.0,0.0,0.0,0.0,0.0,0.0,1.0,0.06707403051001036,0.7545136141946416,0.0,0.0,0.0,0.0,0.0,0.0,"SELECT * FROM orders, lineitem WHERE lineitem.l_orderkey = orders.o_orderkey AND o_totalprice BETWEEN 38045.39 AND 419180.77;",5362852,5804615,random
1.0,1.0,0.0,1.0,0.0,1.0,0.8333333333333334,0.8333333333333334,1.0,0.3538461538460067,0.943035343034951,1.0,0.4038984618246004,0.525050785143823,0.0,0.0,0.0,0.0,0.0,0.0,"SELECT * FROM customer, orders WHERE orders.o_custkey = customer.c_custkey AND c_mktsegment = 'MACHINERY' AND o_totalprice BETWEEN 224790.10 AND 291960.28 AND o_orderdate BETWEEN DATE '1994-05-01' AND DATE '1998-03-18';",27079,27035,random
1.0,1.0,1.0,1.0,1.0,0.0,0.0,0.0,0.0,0.0,0.0,1.0,0.20689301247460407,0.5997982173764291,0.0,0.0,0.0,0.0,0.0,0.0,"SELECT * FROM lineitem, orders, customer WHERE orders.o_custkey = customer.c_custkey AND lineitem.l_orderkey = orders.o_orderkey AND o_totalprice BETWEEN 115564.88 AND 333402.31;",3493766,4512098,random
0.0,1.0,1.0,0.0,1.0,0.0,0.0,0.0,1.0,0.31434511434498363,0.31434511434498363,0.0,0.0,0.0,1.0,0.016041541215229632,0.016041541215229632,0.0,0.0,0.0,"SELECT * FROM orders, lineitem WHERE lineitem.l_orderkey = orders.o_orderkey AND o_orderdate = DATE '1994-01-26' AND l_quantity = 1.79;",1,0,random
0.0,1.0,1.0,0.0,1.0,0.0,0.0,0.0,1.0,0.2528066528065477,0.9035343035339278,1.0,0.1423153282432109,0.1423153282432109,0.0,0.0,0.0,0.0,0.0,0.0,"SELECT * FROM lineitem, orders WHERE lineitem.l_orderkey = orders.o_orderkey AND o_totalprice = 79761.23 AND o_orderdate BETWEEN DATE '1993-08-31' AND DATE '1997-12-13';",4,0,random
0.0,1.0,1.0,0.0,1.0,0.0,0.0,0.0,0.0,0.0,0.0,0.0,0.0,0.0,0.0,0.0,0.0,1.0,0.05134625119306311,0.9477254217380429,"SELECT * FROM lineitem, orders WHERE lineitem.l_orderkey = orders.o_orderkey AND l_discount BETWEEN 0.01 AND 0.09;",4934408,4910514,random
1.0,1.0,1.0,1.0,1.0,0.0,0.0,0.0,1.0,0.06735966735963936,0.8469854469850948,0.0,0.0,0.0,1.0,0.04052441517908998,0.55160672571955,1.0,0.2939510342496631,0.2939510342496631,"SELECT * FROM customer, orders, lineitem WHERE orders.o_custkey = customer.c_custkey AND lineitem.l_orderkey = orders.o_orderkey AND l_discount = 0.03 AND l_quantity BETWEEN 2.99 AND 28.03 AND o_orderdate BETWEEN DATE '1992-06-11' AND DATE '1997-07-30';",226895,221399,random
0.0,1.0,1.0,0.0,1.0,0.0,0.0,0.0,0.0,0.0,0.0,1.0,0.5095067040524905,0.5095067040524905,1.0,0.3712664322787738,0.4483586579723949,0.0,0.0,0.0,"SELECT * FROM orders, lineitem WHERE lineitem.l_orderkey = orders.o_orderkey AND o_totalprice = 283342.21 AND l_quantity BETWEEN 19.19 AND 22.97;",1,0,random
0.0,1.0,1.0,0.0,1.0,0.0,0.0,0.0,1.0,0.8012474012470681,0.8012474012470681,1.0,0.7584924808704602,0.8835330340146841,0.0,0.0,0.0,0.0,0.0,0.0,"SELECT * FROM lineitem, orders WHERE lineitem.l_orderkey = orders.o_orderkey AND o_orderdate = DATE '1997-04-11' AND o_totalprice BETWEEN 421386.76 AND 490712.68;",12,0,random
0.0,1.0,1.0,0.0,1.0,0.0,0.0,0.0,0.0,0.0,0.0,1.0,0.14221124173781813,0.14221124173781813,1.0,0.4398614595103636,0.7225435199828859,0.0,0.0,0.0,"SELECT * FROM lineitem, orders WHERE lineitem.l_orderkey = orders.o_orderkey AND l_quantity BETWEEN 22.55 AND 36.40 AND o_totalprice = 79703.53;",1,0,random
1.0,1.0,1.0,1.0,1.0,0.0,0.0,0.0,0.0,0.0,0.0,1.0,0.19366425586930655,0.7994716676020764,0.0,0.0,0.0,1.0,0.13294202101276578,0.13294202101276578,"SELECT * FROM customer, orders, lineitem WHERE orders.o_custkey = customer.c_custkey AND lineitem.l_orderkey = orders.o_orderkey AND l_discount = 0.01 AND o_totalprice BETWEEN 108230.49 AND 444106.75;",350579,447117,random
1.0,1.0,1.0,1.0,1.0,0.0,0.0,0.0,1.0,0.21871101871092777,0.7866943866940596,1.0,0.16560393515841465,0.6726117990425382,0.0,0.0,0.0,0.0,0.0,0.0,"SELECT * FROM orders, customer, lineitem WHERE orders.o_custkey = customer.c_custkey AND lineitem.l_orderkey = orders.o_orderkey AND o_orderdate BETWEEN DATE '1993-06-10' AND DATE '1997-03-07' AND o_totalprice BETWEEN 92673.08 AND 373772.15;",2316417,2898481,random
0.0,0.0,1.0,0.0,0.0,0.0,0.0,0.0,0.0,0.0,0.0,0.0,0.0,0.0,1.0,0.8505938311412663,0.9794581336485857,1.0,0.25808336012549565,0.5585685804354198,SELECT * FROM lineitem WHERE l_quantity BETWEEN 42.68 AND 48.99 AND l_discount BETWEEN 0.03 AND 0.06;,265457,261849,random
1.0,1.0,1.0,1.0,1.0,1.0,0.3333333333333333,0.3333333333333333,0.0,0.0,0.0,0.0,0.0,0.0,0.0,0.0,0.0,0.0,0.0,0.0,"SELECT * FROM lineitem, orders, customer WHERE orders.o_custkey = customer.c_custkey AND lineitem.l_orderkey = orders.o_orderkey AND c_mktsegment = 'BUILDING';",1186842,1214743,random
1.0,1.0,1.0,1.0,1.0,0.0,0.0,0.0,0.0,0.0,0.0,0.0,0.0,0.0,0.0,0.0,0.0,0.0,0.0,0.0,"SELECT * FROM orders, customer, lineitem WHERE orders.o_custkey = customer.c_custkey AND lineitem.l_orderkey = orders.o_orderkey;",6001226,6001215,random
1.0,1.0,1.0,1.0,1.0,1.0,0.8333333333333334,0.8333333333333334,0.0,0.0,0.0,1.0,0.3998507068998473,0.41264502512308554,1.0,0.697381723972403,0.9260516322855701,0.0,0.0,0.0,"SELECT * FROM orders, customer, lineitem WHERE orders.o_custkey = customer.c_custkey AND lineitem.l_orderkey = orders.o_orderkey AND l_quantity BETWEEN 35.17 AND 46.38 AND o_totalprice BETWEEN 222545.92 AND 229639.44 AND c_mktsegment = 'MACHINERY';",5551,8557,random
1.0,1.0,0.0,1.0,0.0,0.0,0.0,0.0,0.0,0.0,0.0,0.0,0.0,0.0,0.0,0.0,0.0,0.0,0.0,0.0,"SELECT * FROM customer, orders WHERE orders.o_custkey = customer.c_custkey;",1500000,1500000,random
1.0,1.0,1.0,1.0,1.0,0.0,0.0,0.0,0.0,0.0,0.0,0.0,0.0,0.0,0.0,0.0,0.0,0.0,0.0,0.0,"SELECT * FROM customer, orders, lineitem WHERE orders.o_custkey = customer.c_custkey AND lineitem.l_orderkey = orders.o_orderkey;",6001226,6001215,random
0.0,1.0,1.0,0.0,1.0,0.0,0.0,0.0,1.0,0.33596673596659626,0.5979209979207493,1.0,0.23511132811358212,0.24323587574491387,0.0,0.0,0.0,1.0,0.21402856795529585,0.39634466958387504,"SELECT * FROM orders, lineitem WHERE lineitem.l_orderkey = orders.o_orderkey AND l_discount BETWEEN 0.02 AND 0.04 AND o_totalprice BETWEEN 131209.88 AND 135714.36 AND o_orderdate BETWEEN DATE '1994-03-19' AND DATE '1995-12-09';",7169,6947,random
1.0,1.0,1.0,1.0,1.0,0.0,0.0,0.0,1.0,0.05114345114342988,0.15176715176708866,1.0,0.7935893819339445,0.9343742502485213,1.0,0.032684625188959864,0.29142303007023634,0.0,0.0,0.0,"SELECT * FROM customer, orders, lineitem WHERE orders.o_custkey = customer.c_custkey AND lineitem.l_orderkey = orders.o_orderkey AND o_totalprice BETWEEN 440845.45 AND 518900.44 AND o_orderdate BETWEEN DATE '1992-05-03' AND DATE '1992-12-31' AND l_quantity BETWEEN 2.60 AND 15.28;",614,8,random
1.0,1.0,1.0,1.0,1.0,0.0,0.0,0.0,0.0,0.0,0.0,0.0,0.0,0.0,0.0,0.0,0.0,0.0,0.0,0.0,"SELECT * FROM lineitem, orders, customer WHERE orders.o_custkey = customer.c_custkey AND lineitem.l_orderkey = orders.o_orderkey;",6001226,6001215,random
0.0,0.0,1.0,0.0,0.0,0.0,0.0,0.0,0.0,0.0,0.0,0.0,0.0,0.0,0.0,0.0,0.0,0.0,0.0,0.0,SELECT * FROM lineitem;,6001226,6001215,random
1.0,1.0,1.0,1.0,1.0,0.0,0.0,0.0,0.0,0.0,0.0,0.0,0.0,0.0,0.0,0.0,0.0,0.0,0.0,0.0,"SELECT * FROM customer, orders, lineitem WHERE orders.o_custkey = customer.c_custkey AND lineitem.l_orderkey = orders.o_orderkey;",6001226,6001215,random
1.0,1.0,1.0,1.0,1.0,1.0,0.6666666666666666,0.6666666666666666,1.0,0.0320166320166187,0.6889812889810025,0.0,0.0,0.0,0.0,0.0,0.0,1.0,0.6650085692871147,0.6949087645111199,"SELECT * FROM orders, lineitem, customer WHERE orders.o_custkey = customer.c_custkey AND lineitem.l_orderkey = orders.o_orderkey AND o_orderdate BETWEEN DATE '1992-03-18' AND DATE '1996-07-15' AND l_discount BETWEEN 0.07 AND 0.07 AND c_mktsegment = 'HOUSEHOLD';",69898,71214,random
0.0,1.0,1.0,0.0,1.0,0.0,0.0,0.0,1.0,0.23492723492713724,0.984199584199175,1.0,0.32660965033283235,0.32660965033283235,0.0,0.0,0.0,1.0,0.1487209163876234,0.1487209163876234,"SELECT * FROM lineitem, orders WHERE lineitem.l_orderkey = orders.o_orderkey AND o_orderdate BETWEEN DATE '1993-07-19' AND DATE '1998-06-25' AND o_totalprice = 181939.07 AND l_discount = 0.01;",1,0,random
1.0,0.0,0.0,0.0,0.0,0.0,0.0,0.0,0.0,0.0,0.0,0.0,0.0,0.0,0.0,0.0,0.0,0.0,0.0,0.0,SELECT * FROM customer;,150000,150000,random
1.0,1.0,1.0,1.0,1.0,0.0,0.0,0.0,0.0,0.0,0.0,1.0,0.1226185033460947,0.43533483453005895,0.0,0.0,0.0,1.0,0.5792702992392377,0.6877258002527091,"SELECT * FROM customer, orders, lineitem WHERE orders.o_custkey = customer.c_custkey AND lineitem.l_orderkey = orders.o_orderkey AND l_discount BETWEEN 0.06 AND 0.07 AND o_totalprice BETWEEN 68840.77 AND 242219.29;",668380,704363,random
1.0,1.0,1.0,1.0,1.0,0.0,0.0,0.0,1.0,0.18669438669430907,0.18669438669430907,1.0,0.06605535037005071,0.06605535037005071,0.0,0.0,0.0,1.0,0.8530675743420382,0.8530675743420382,"SELECT * FROM lineitem, orders, customer WHERE orders.o_custkey = customer.c_custkey AND lineitem.l_orderkey = orders.o_orderkey AND o_totalprice = 37480.61 AND l_discount = 0.09 AND o_orderdate = DATE '1993-03-25';",1,0,random
0.0,1.0,1.0,0.0,1.0,0.0,0.0,0.0,1.0,0.7513513513510389,0.867775467775107,0.0,0.0,0.0,0.0,0.0,0.0,1.0,0.6584048079780668,0.7073845302530598,"SELECT * FROM lineitem, orders WHERE lineitem.l_orderkey = orders.o_orderkey AND l_discount BETWEEN 0.07 AND 0.07 AND o_orderdate BETWEEN DATE '1996-12-12' AND DATE '1997-09-18';",63490,63706,random
1.0,0.0,0.0,0.0,0.0,1.0,0.6666666666666666,0.6666666666666666,0.0,0.0,0.0,0.0,0.0,0.0,0.0,0.0,0.0,0.0,0.0,0.0,SELECT * FROM customer WHERE c_mktsegment = 'HOUSEHOLD';,29710,30189,random
0.0,1.0,0.0,0.0,0.0,0.0,0.0,0.0,0.0,0.0,0.0,0.0,0.0,0.0,0.0,0.0,0.0,0.0,0.0,0.0,SELECT * FROM orders;,1500000,1500000,random
1.0,1.0,1.0,1.0,1.0,0.0,0.0,0.0,0.0,0.0,0.0,0.0,0.0,0.0,0.0,0.0,0.0,0.0,0.0,0.0,"SELECT * FROM customer, orders, lineitem WHERE orders.o_custkey = customer.c_custkey AND lineitem.l_orderkey = orders.o_orderkey;",6001226,6001215,random
1.0,1.0,1.0,1.0,1.0,0.0,0.0,0.0,0.0,0.0,0.0,0.0,0.0,0.0,0.0,0.0,0.0,1.0,0.3325179162178763,0.3325179162178763,"SELECT * FROM lineitem, orders, customer WHERE orders.o_custkey = customer.c_custkey AND lineitem.l_orderkey = orders.o_orderkey AND l_discount = 0.03;",561315,545293,random
1.0,1.0,1.0,1.0,1.0,1.0,0.6666666666666666,0.6666666666666666,0.0,0.0,0.0,1.0,0.29019328608209016,0.5909751470917689,1.0,0.33260540676864864,0.33260540676864864,0.0,0.0,0.0,"SELECT * FROM lineitem, orders, customer WHERE orders.o_custkey = customer.c_custkey AND lineitem.l_orderkey = orders.o_orderkey AND o_totalprice BETWEEN 161748.83 AND 328510.55 AND c_mktsegment = 'HOUSEHOLD' AND l_quantity = 17.30;",1,0,random
0.0,1.0,1.0,0.0,1.0,0.0,0.0,0.0,1.0,0.2228690228689302,0.8345114345110876,0.0,0.0,0.0,0.0,0.0,0.0,0.0,0.0,0.0,"SELECT * FROM lineitem, orders WHERE lineitem.l_orderkey = orders.o_orderkey AND o_orderdate BETWEEN DATE '1993-06-20' AND DATE '1997-06-30';",3656979,3678853,random
0.0,1.0,1.0,0.0,1.0,0.0,0.0,0.0,1.0,0.53056133056111,0.53056133056111,0.0,0.0,0.0,1.0,0.3969801813450681,0.4300107586874507,1.0,0.9520085792522344,0.9520085792522344,"SELECT * FROM lineitem, orders WHERE lineitem.l_orderkey = orders.o_orderkey AND o_orderdate = DATE '1995-06-30' AND l_discount = 0.10 AND l_quantity BETWEEN 20.45 AND 22.07;",9,10,random
1.0,1.0,1.0,1.0,1.0,1.0,0.5,0.5,1.0,0.2133056133055246,0.6611226611223863,0.0,0.0,0.0,1.0,0.8552338796294541,0.9256291537489121,0.0,0.0,0.0,"SELECT * FROM orders, customer, lineitem WHERE orders.o_custkey = customer.c_custkey AND lineitem.l_orderkey = orders.o_orderkey AND o_orderdate BETWEEN DATE '1993-05-28' AND DATE '1996-05-09' AND c_mktsegment = 'FURNITURE' AND l_quantity BETWEEN 42.91 AND 46.36;",42930,42639,random
0.0,1.0,1.0,0.0,1.0,0.0,0.0,0.0,0.0,0.0,0.0,0.0,0.0,0.0,0.0,0.0,0.0,0.0,0.0,0.0,"SELECT * FROM lineitem, orders WHERE lineitem.l_orderkey = orders.o_orderkey;",6001226,6001215,random
1.0,1.0,1.0,1.0,1.0,0.0,0.0,0.0,1.0,0.29230769230757075,0.29230769230757075,1.0,0.16186147113110497,0.16186147113110497,0.0,0.0,0.0,0.0,0.0,0.0,"SELECT * FROM customer, orders, lineitem WHERE orders.o_custkey = customer.c_custkey AND lineitem.l_orderkey = orders.o_orderkey AND o_orderdate = DATE '1993-12-04' AND o_totalprice = 90598.15;",4,0,random
0.0,1.0,1.0,0.0,1.0,0.0,0.0,0.0,0.0,0.0,0.0,1.0,0.15556862110809327,0.15556862110809327,0.0,0.0,0.0,1.0,0.6390225977518271,0.6915574865079516,"SELECT * FROM lineitem, orders WHERE lineitem.l_orderkey = orders.o_orderkey AND l_discount BETWEEN 0.06 AND 0.07 AND o_totalprice = 87109.22;",1,0,random
1.0,0.0,0.0,0.0,0.0,1.0,0.16666666666666666,0.16666666666666666,0.0,0.0,0.0,0.0,0.0,0.0,0.0,0.0,0.0,0.0,0.0,0.0,SELECT * FROM customer WHERE c_mktsegment = 'AUTOMOBILE';,30000,29752,random
1.0,1.0,1.0,1.0,1.0,0.0,0.0,0.0,0.0,0.0,0.0,0.0,0.0,0.0,0.0,0.0,0.0,0.0,0.0,0.0,"SELECT * FROM orders, lineitem, customer WHERE orders.o_custkey = customer.c_custkey AND lineitem.l_orderkey = orders.o_orderkey;",6001226,6001215,random
0.0,1.0,1.0,0.0,1.0,0.0,0.0,0.0,0.0,0.0,0.0,0.0,0.0,0.0,1.0,0.806601898275992,0.806601898275992,1.0,0.018227546561176484,0.25027591280192585,"SELECT * FROM lineitem, orders WHERE lineitem.l_orderkey = orders.o_orderkey AND l_quantity = 40.52 AND l_discount BETWEEN 0.00 AND 0.03;",1,0,random
1.0,1.0,1.0,1.0,1.0,1.0,0.6666666666666666,0.6666666666666666,0.0,0.0,0.0,0.0,0.0,0.0,1.0,0.38927820914684996,0.38927820914684996,1.0,0.3513825800878658,0.7573143513137112,"SELECT * FROM customer, orders, lineitem WHERE orders.o_custkey = customer.c_custkey AND lineitem.l_orderkey = orders.o_orderkey AND l_discount BETWEEN 0.04 AND 0.08 AND l_quantity = 20.07 AND c_mktsegment = 'HOUSEHOLD';",1,0,random
0.0,0.0,1.0,0.0,0.0,0.0,0.0,0.0,0.0,0.0,0.0,0.0,0.0,0.0,1.0,0.621075083582014,0.621075083582014,0.0,0.0,0.0,SELECT * FROM lineitem WHERE l_quantity = 31.43;,1,0,random
0.0,1.0,1.0,0.0,1.0,0.0,0.0,0.0,1.0,0.6424116424113753,0.6424116424113753,0.0,0.0,0.0,1.0,0.003721740625270408,0.3554214612852616,1.0,0.04196462765377389,0.04196462765377389,"SELECT * FROM lineitem, orders WHERE lineitem.l_orderkey = orders.o_orderkey AND o_orderdate = DATE '1996-03-25' AND l_discount = 0.00 AND l_quantity BETWEEN 1.18 AND 18.42;",76,82,random
1.0,1.0,1.0,1.0,1.0,0.0,0.0,0.0,0.0,0.0,0.0,0.0,0.0,0.0,1.0,0.5614122879846942,0.594648491731922,0.0,0.0,0.0,"SELECT * FROM orders, customer, lineitem WHERE orders.o_custkey = customer.c_custkey AND lineitem.l_orderkey = orders.o_orderkey AND l_quantity BETWEEN 28.51 AND 30.14;",247651,239578,random
1.0,0.0,0.0,0.0,0.0,1.0,0.6666666666666666,0.6666666666666666,0.0,0.0,0.0,0.0,0.0,0.0,0.0,0.0,0.0,0.0,0.0,0.0,SELECT * FROM customer WHERE c_mktsegment = 'HOUSEHOLD';,29710,30189,random
0.0,1.0,1.0,0.0,1.0,0.0,0.0,0.0,0.0,0.0,0.0,1.0,0.5370815383059117,0.5370815383059117,0.0,0.0,0.0,1.0,0.038938789117292726,0.10657424414062105,"SELECT * FROM lineitem, orders WHERE lineitem.l_orderkey = orders.o_orderkey AND o_totalprice = 298630.46 AND l_discount BETWEEN 0.00 AND 0.01;",1,0,random
1.0,1.0,1.0,1.0,1.0,1.0,0.16666666666666666,0.16666666666666666,0.0,0.0,0.0,1.0,0.36378523763352305,0.4982870467631891,0.0,0.0,0.0,1.0,0.026147782401434356,0.406870875333543,"SELECT * FROM lineitem, orders, customer WHERE orders.o_custkey = customer.c_custkey AND lineitem.l_orderkey = orders.o_orderkey AND c_mktsegment = 'AUTOMOBILE' AND o_totalprice BETWEEN 202550.23 AND 277121.73 AND l_discount BETWEEN 0.00 AND 0.04;",108190,157046,random
1.0,1.0,0.0,1.0,0.0,0.0,0.0,0.0,1.0,0.9746361746357693,0.9746361746357693,1.0,0.12372696535750415,0.3183117277056597,0.0,0.0,0.0,0.0,0.0,0.0,"SELECT * FROM customer, orders WHERE orders.o_custkey = customer.c_custkey AND o_orderdate = DATE '1998-06-02' AND o_totalprice BETWEEN 69455.34 AND 177338.47;",251,279,random
1.0,1.0,1.0,1.0,1.0,0.0,0.0,0.0,0.0,0.0,0.0,0.0,0.0,0.0,1.0,0.10043571811207162,0.6578997097592353,1.0,0.31189219281244046,0.9307873457033619,"SELECT * FROM lineitem, orders, customer WHERE orders.o_custkey = customer.c_custkey AND lineitem.l_orderkey = orders.o_orderkey AND l_quantity BETWEEN 5.92 AND 33.24 AND l_discount BETWEEN 0.03 AND 0.09;",2151655,2137859,random
1.0,1.0,1.0,1.0,1.0,0.0,0.0,0.0,0.0,0.0,0.0,0.0,0.0,0.0,0.0,0.0,0.0,0.0,0.0,0.0,"SELECT * FROM customer, orders, lineitem WHERE orders.o_custkey = customer.c_custkey AND lineitem.l_orderkey = orders.o_orderkey;",6001226,6001215,random
0.0,1.0,0.0,0.0,0.0,0.0,0.0,0.0,1.0,0.939708939708549,0.939708939708549,1.0,0.10689093369455796,0.40598868982467284,0.0,0.0,0.0,0.0,0.0,0.0,SELECT * FROM orders WHERE o_totalprice BETWEEN 60120.98 AND 225948.98 AND o_orderdate = DATE '1998-03-10';,374,378,random
1.0,1.0,1.0,1.0,1.0,0.0,0.0,0.0,0.0,0.0,0.0,0.0,0.0,0.0,0.0,0.0,0.0,0.0,0.0,0.0,"SELECT * FROM customer, orders, lineitem WHERE orders.o_custkey = customer.c_custkey AND lineitem.l_orderkey = orders.o_orderkey;",6001226,6001215,random
0.0,1.0,1.0,0.0,1.0,0.0,0.0,0.0,1.0,0.7945945945942642,0.7945945945942642,0.0,0.0,0.0,1.0,0.18754995235904368,0.5475637706846882,1.0,0.5229751182582036,0.5229751182582036,"SELECT * FROM lineitem, orders WHERE lineitem.l_orderkey = orders.o_orderkey AND l_discount = 0.05 AND o_orderdate = DATE '1997-03-26' AND l_quantity BETWEEN 10.19 AND 27.83;",74,82,random
1.0,0.0,0.0,0.0,0.0,1.0,0.3333333333333333,0.3333333333333333,0.0,0.0,0.0,0.0,0.0,0.0,0.0,0.0,0.0,0.0,0.0,0.0,SELECT * FROM customer WHERE c_mktsegment = 'BUILDING';,29665,30142,random
1.0,1.0,1.0,1.0,1.0,1.0,0.3333333333333333,0.3333333333333333,1.0,0.7068607068604129,0.8893970893967196,0.0,0.0,0.0,0.0,0.0,0.0,0.0,0.0,0.0,"SELECT * FROM orders, customer, lineitem WHERE orders.o_custkey = customer.c_custkey AND lineitem.l_orderkey = orders.o_orderkey AND c_mktsegment = 'BUILDING' AND o_orderdate BETWEEN DATE '1996-08-27' AND DATE '1997-11-09';",220409,223103,random
0.0,1.0,1.0,0.0,1.0,0.0,0.0,0.0,0.0,0.0,0.0,0.0,0.0,0.0,1.0,0.5766160129217692,0.6912999609581938,0.0,0.0,0.0,"SELECT * FROM lineitem, orders WHERE lineitem.l_orderkey = orders.o_orderkey AND l_quantity BETWEEN 29.25 AND 34.87;",593921,600357,random
1.0,1.0,1.0,1.0,1.0,0.0,0.0,0.0,0.0,0.0,0.0,0.0,0.0,0.0,0.0,0.0,0.0,0.0,0.0,0.0,"SELECT * FROM lineitem, orders, customer WHERE orders.o_custkey = customer.c_custkey AND lineitem.l_orderkey = orders.o_orderkey;",6001226,6001215,random
1.0,1.0,1.0,1.0,1.0,0.0,0.0,0.0,0.0,0.0,0.0,0.0,0.0,0.0,0.0,0.0,0.0,1.0,0.01375992145305554,0.8299706994165206,"SELECT * FROM lineitem, orders, customer WHERE orders.o_custkey = customer.c_custkey AND lineitem.l_orderkey = orders.o_orderkey AND l_discount BETWEEN 0.00 AND 0.08;",4925406,4910091,random
1.0,0.0,0.0,0.0,0.0,1.0,0.3333333333333333,0.3333333333333333,0.0,0.0,0.0,0.0,0.0,0.0,0.0,0.0,0.0,0.0,0.0,0.0,SELECT * FROM customer WHERE c_mktsegment = 'BUILDING';,29665,30142,random
0.0,0.0,1.0,0.0,0.0,0.0,0.0,0.0,0.0,0.0,0.0,0.0,0.0,0.0,1.0,0.4434117724143354,0.6803145279973829,1.0,0.4111268358448113,0.4111268358448113,SELECT * FROM lineitem WHERE l_discount = 0.04 AND l_quantity BETWEEN 22.73 AND 34.34;,133645,130870,random
0.0,0.0,1.0,0.0,0.0,0.0,0.0,0.0,0.0,0.0,0.0,0.0,0.0,0.0,0.0,0.0,0.0,1.0,0.18800069106832754,0.18800069106832754,SELECT * FROM lineitem WHERE l_discount = 0.02;,538310,546173,random
1.0,1.0,1.0,1.0,1.0,1.0,0.16666666666666666,0.16666666666666666,0.0,0.0,0.0,0.0,0.0,0.0,0.0,0.0,0.0,1.0,0.4635825048118472,0.4635825048118472,"SELECT * FROM lineitem, orders, customer WHERE orders.o_custkey = customer.c_custkey AND lineitem.l_orderkey = orders.o_orderkey AND l_discount = 0.05 AND c_mktsegment = 'AUTOMOBILE';",105782,108370,random
1.0,1.0,1.0,1.0,1.0,0.0,0.0,0.0,0.0,0.0,0.0,1.0,0.17706007827931813,0.17706007827931813,0.0,0.0,0.0,0.0,0.0,0.0,"SELECT * FROM customer, orders, lineitem WHERE orders.o_custkey = customer.c_custkey AND lineitem.l_orderkey = orders.o_orderkey AND o_totalprice = 99024.68;",4,0,random
1.0,1.0,1.0,1.0,1.0,1.0,0.6666666666666666,0.6666666666666666,1.0,0.8640332640329048,0.8640332640329048,0.0,0.0,0.0,1.0,0.26963949322491665,0.48035028740204805,0.0,0.0,0.0,"SELECT * FROM orders, lineitem, customer WHERE orders.o_custkey = customer.c_custkey AND lineitem.l_orderkey = orders.o_orderkey AND o_orderdate = DATE '1997-09-09' AND c_mktsegment = 'HOUSEHOLD' AND l_quantity BETWEEN 14.21 AND 24.54;",99,105,random
1.0,1.0,0.0,1.0,0.0,1.0,0.5,0.5,1.0,0.10977130977126413,0.9338877338873456,1.0,0.9485153447966747,0.9485153447966747,0.0,0.0,0.0,0.0,0.0,0.0,"SELECT * FROM customer, orders WHERE orders.o_custkey = customer.c_custkey AND o_totalprice = 526740.65 AND o_orderdate BETWEEN DATE '1992-09-21' AND DATE '1998-02-24' AND c_mktsegment = 'FURNITURE';",1,0,random
0.0,1.0,1.0,0.0,1.0,0.0,0.0,0.0,1.0,0.5671517671515314,0.5671517671515314,1.0,0.24122577085178795,0.28281333485319227,0.0,0.0,0.0,1.0,0.6684469210669199,0.7577369134177393,"SELECT * FROM lineitem, orders WHERE lineitem.l_orderkey = orders.o_orderkey AND o_orderdate = DATE '1995-09-26' AND o_totalprice BETWEEN 134599.90 AND 157657.19 AND l_discount BETWEEN 0.07 AND 0.08;",40,37,random
1.0,1.0,1.0,1.0,1.0,0.0,0.0,0.0,1.0,0.4195426195424451,0.7696465696462497,1.0,0.4810192524896488,0.4810192524896488,0.0,0.0,0.0,0.0,0.0,0.0,"SELECT * FROM lineitem, orders, customer WHERE orders.o_custkey = customer.c_custkey AND lineitem.l_orderkey = orders.o_orderkey AND o_orderdate BETWEEN DATE '1994-10-06' AND DATE '1997-01-25' AND o_totalprice = 267547.99;",4,0,random
0.0,0.0,1.0,0.0,0.0,0.0,0.0,0.0,0.0,0.0,0.0,0.0,0.0,0.0,1.0,0.8045931925605064,0.8045931925605064,1.0,0.6288470369423141,0.6698362748538776,SELECT * FROM lineitem WHERE l_quantity = 40.43 AND l_discount BETWEEN 0.06 AND 0.07;,1,0,random
1.0,1.0,1.0,1.0,1.0,0.0,0.0,0.0,1.0,0.8577962577959011,0.8577962577959011,0.0,0.0,0.0,0.0,0.0,0.0,0.0,0.0,0.0,"SELECT * FROM lineitem, orders, customer WHERE orders.o_custkey = customer.c_custkey AND lineitem.l_orderkey = orders.o_orderkey AND o_orderdate = DATE '1997-08-25';",2489,2479,random
1.0,1.0,0.0,1.0,0.0,1.0,0.8333333333333334,0.8333333333333334,1.0,0.23118503118493505,0.8665280665277062,1.0,0.016431374026308093,0.07626827138060617,0.0,0.0,0.0,0.0,0.0,0.0,"SELECT * FROM customer, orders WHERE orders.o_custkey = customer.c_custkey AND o_totalprice BETWEEN 9967.71 AND 43142.93 AND c_mktsegment = 'MACHINERY' AND o_orderdate BETWEEN DATE '1993-07-10' AND DATE '1997-09-15';",18694,18257,random
0.0,1.0,0.0,0.0,0.0,0.0,0.0,0.0,0.0,0.0,0.0,0.0,0.0,0.0,0.0,0.0,0.0,0.0,0.0,0.0,SELECT * FROM orders;,1500000,1500000,random
1.0,1.0,1.0,1.0,1.0,0.0,0.0,0.0,0.0,0.0,0.0,0.0,0.0,0.0,0.0,0.0,0.0,0.0,0.0,0.0,"SELECT * FROM lineitem, orders, customer WHERE orders.o_custkey = customer.c_custkey AND lineitem.l_orderkey = orders.o_orderkey;",6001226,6001215,random
1.0,0.0,0.0,0.0,0.0,1.0,0.16666666666666666,0.16666666666666666,0.0,0.0,0.0,0.0,0.0,0.0,0.0,0.0,0.0,0.0,0.0,0.0,SELECT * FROM customer WHERE c_mktsegment = 'AUTOMOBILE';,30000,29752,random
1.0,1.0,1.0,1.0,1.0,0.0,0.0,0.0,0.0,0.0,0.0,0.0,0.0,0.0,0.0,0.0,0.0,0.0,0.0,0.0,"SELECT * FROM lineitem, orders, customer WHERE orders.o_custkey = customer.c_custkey AND lineitem.l_orderkey = orders.o_orderkey;",6001226,6001215,random
1.0,1.0,1.0,1.0,1.0,0.0,0.0,0.0,0.0,0.0,0.0,0.0,0.0,0.0,0.0,0.0,0.0,0.0,0.0,0.0,"SELECT * FROM lineitem, orders, customer WHERE orders.o_custkey = customer.c_custkey AND lineitem.l_orderkey = orders.o_orderkey;",6001226,6001215,random
1.0,1.0,1.0,1.0,1.0,0.0,0.0,0.0,1.0,0.6964656964654069,0.6964656964654069,0.0,0.0,0.0,0.0,0.0,0.0,1.0,0.5562868561543779,0.7533273804281422,"SELECT * FROM orders, lineitem, customer WHERE orders.o_custkey = customer.c_custkey AND lineitem.l_orderkey = orders.o_orderkey AND o_orderdate = DATE '1996-08-02' AND l_discount BETWEEN 0.06 AND 0.08;",684,703,random
0.0,0.0,1.0,0.0,0.0,0.0,0.0,0.0,0.0,0.0,0.0,0.0,0.0,0.0,0.0,0.0,0.0,0.0,0.0,0.0,SELECT * FROM lineitem;,6001226,6001215,random
1.0,1.0,1.0,1.0,1.0,0.0,0.0,0.0,0.0,0.0,0.0,0.0,0.0,0.0,0.0,0.0,0.0,1.0,0.19764466484899804,0.2949999650188749,"SELECT * FROM customer, orders, lineitem WHERE orders.o_custkey = customer.c_custkey AND lineitem.l_orderkey = orders.o_orderkey AND l_discount BETWEEN 0.02 AND 0.03;",1099625,1091466,random
0.0,1.0,0.0,0.0,0.0,0.0,0.0,0.0,0.0,0.0,0.0,1.0,0.7257438444513161,0.7257438444513161,0.0,0.0,0.0,0.0,0.0,0.0,SELECT * FROM orders WHERE o_totalprice = 403230.02;,1,0,random
1.0,1.0,1.0,1.0,1.0,0.0,0.0,0.0,0.0,0.0,0.0,1.0,0.3745356428260312,0.3745356428260312,1.0,0.7644175600665842,0.7644175600665842,1.0,0.6844396362026659,0.8929003791654561,"SELECT * FROM orders, customer, lineitem WHERE orders.o_custkey = customer.c_custkey AND lineitem.l_orderkey = orders.o_orderkey AND o_totalprice = 208510.55 AND l_discount BETWEEN 0.07 AND 0.09 AND l_quantity = 38.46;",1,0,random
1.0,0.0,0.0,0.0,0.0,1.0,0.16666666666666666,0.16666666666666666,0.0,0.0,0.0,0.0,0.0,0.0,0.0,0.0,0.0,0.0,0.0,0.0,SELECT * FROM customer WHERE c_mktsegment = 'AUTOMOBILE';,30000,29752,random
0.0,1.0,1.0,0.0,1.0,0.0,0.0,0.0,1.0,0.9970893970889825,0.9970893970889825,1.0,0.5672936232059258,0.9536181051213914,0.0,0.0,0.0,1.0,0.6109487490109242,0.7947165323676565,"SELECT * FROM lineitem, orders WHERE lineitem.l_orderkey = orders.o_orderkey AND o_orderdate = DATE '1998-07-26' AND o_totalprice BETWEEN 315380.87 AND 529569.76 AND l_discount BETWEEN 0.06 AND 0.08;",26,56,random
0.0,1.0,1.0,0.0,1.0,0.0,0.0,0.0,0.0,0.0,0.0,1.0,0.11534751800150989,0.8747247426316312,1.0,0.5354477350667247,0.5354477350667247,0.0,0.0,0.0,"SELECT * FROM orders, lineitem WHERE lineitem.l_orderkey = orders.o_orderkey AND l_quantity = 27.24 AND o_totalprice BETWEEN 64809.54 AND 485829.12;",1,0,random
1.0,1.0,1.0,1.0,1.0,0.0,0.0,0.0,0.0,0.0,0.0,0.0,0.0,0.0,0.0,0.0,0.0,0.0,0.0,0.0,"SELECT * FROM customer, orders, lineitem WHERE orders.o_custkey = customer.c_custkey AND lineitem.l_orderkey = orders.o_orderkey;",6001226,6001215,random
0.0,1.0,1.0,0.0,1.0,0.0,0.0,0.0,0.0,0.0,0.0,0.0,0.0,0.0,0.0,0.0,0.0,0.0,0.0,0.0,"SELECT * FROM lineitem, orders WHERE lineitem.l_orderkey = orders.o_orderkey;",6001226,6001215,random
0.0,1.0,1.0,0.0,1.0,0.0,0.0,0.0,1.0,0.0436590436590255,0.4902286902284864,1.0,0.5489074299944922,0.5489074299944922,0.0,0.0,0.0,0.0,0.0,0.0,"SELECT * FROM lineitem, orders WHERE lineitem.l_orderkey = orders.o_orderkey AND o_totalprice = 305187.06 AND o_orderdate BETWEEN DATE '1992-04-15' AND DATE '1995-03-25';",4,0,random
1.0,1.0,1.0,1.0,1.0,0.0,0.0,0.0,0.0,0.0,0.0,0.0,0.0,0.0,0.0,0.0,0.0,0.0,0.0,0.0,"SELECT * FROM customer, orders, lineitem WHERE orders.o_custkey = customer.c_custkey AND lineitem.l_orderkey = orders.o_orderkey;",6001226,6001215,random
0.0,1.0,1.0,0.0,1.0,0.0,0.0,0.0,1.0,0.027442827442816033,0.027442827442816033,0.0,0.0,0.0,0.0,0.0,0.0,1.0,0.033106123812833115,0.3376814840490497,"SELECT * FROM lineitem, orders WHERE lineitem.l_orderkey = orders.o_orderkey AND l_discount BETWEEN 0.00 AND 0.03 AND o_orderdate = DATE '1992-03-07';",910,951,random
1.0,1.0,1.0,1.0,1.0,0.0,0.0,0.0,0.0,0.0,0.0,0.0,0.0,0.0,0.0,0.0,0.0,0.0,0.0,0.0,"SELECT * FROM customer, orders, lineitem WHERE orders.o_custkey = customer.c_custkey AND lineitem.l_orderkey = orders.o_orderkey;",6001226,6001215,random
1.0,1.0,1.0,1.0,1.0,0.0,0.0,0.0,1.0,0.3126819126817827,0.6719334719331925,0.0,0.0,0.0,0.0,0.0,0.0,0.0,0.0,0.0,"SELECT * FROM orders, lineitem, customer WHERE orders.o_custkey = customer.c_custkey AND lineitem.l_orderkey = orders.o_orderkey AND o_orderdate BETWEEN DATE '1994-01-22' AND DATE '1996-06-04';",2146318,2158874,random
1.0,1.0,1.0,1.0,1.0,1.0,0.5,0.5,0.0,0.0,0.0,0.0,0.0,0.0,1.0,0.5222221606137093,0.5222221606137093,1.0,0.1505772469462722,0.8243570153176442,"SELECT * FROM lineitem, orders, customer WHERE orders.o_custkey = customer.c_custkey AND lineitem.l_orderkey = orders.o_orderkey AND l_quantity = 26.59 AND l_discount BETWEEN 0.02 AND 0.08 AND c_mktsegment = 'FURNITURE';",1,0,random
1.0,1.0,0.0,1.0,0.0,0.0,0.0,0.0,0.0,0.0,0.0,0.0,0.0,0.0,0.0,0.0,0.0,0.0,0.0,0.0,"SELECT * FROM customer, orders WHERE orders.o_custkey = customer.c_custkey;",1500000,1500000,random
0.0,1.0,1.0,0.0,1.0,0.0,0.0,0.0,0.0,0.0,0.0,0.0,0.0,0.0,0.0,0.0,0.0,0.0,0.0,0.0,"SELECT * FROM orders, lineitem WHERE lineitem.l_orderkey = orders.o_orderkey;",6001226,6001215,random
1.0,1.0,1.0,1.0,1.0,0.0,0.0,0.0,0.0,0.0,0.0,0.0,0.0,0.0,1.0,0.23580177435522154,0.5630015069350615,0.0,0.0,0.0,"SELECT * FROM customer, orders, lineitem WHERE orders.o_custkey = customer.c_custkey AND lineitem.l_orderkey = orders.o_orderkey AND l_quantity BETWEEN 12.55 AND 28.59;",1940396,1921045,random
0.0,1.0,0.0,0.0,0.0,0.0,0.0,0.0,1.0,0.17006237006229935,0.17006237006229935,1.0,0.048997911559124495,0.048997911559124495,0.0,0.0,0.0,0.0,0.0,0.0,SELECT * FROM orders WHERE o_totalprice = 28023.50 AND o_orderdate = DATE '1993-02-13';,1,0,random
1.0,1.0,1.0,1.0,1.0,0.0,0.0,0.0,0.0,0.0,0.0,1.0,0.5582623739542328,0.8560256184206052,0.0,0.0,0.0,0.0,0.0,0.0,"SELECT * FROM lineitem, orders, customer WHERE orders.o_custkey = customer.c_custkey AND lineitem.l_orderkey = orders.o_orderkey AND o_totalprice BETWEEN 310373.69 AND 475461.81;",255144,448341,random
1.0,1.0,1.0,1.0,1.0,0.0,0.0,0.0,0.0,0.0,0.0,0.0,0.0,0.0,0.0,0.0,0.0,0.0,0.0,0.0,"SELECT * FROM customer, orders, lineitem WHERE orders.o_custkey = customer.c_custkey AND lineitem.l_orderkey = orders.o_orderkey;",6001226,6001215,random
1.0,1.0,1.0,1.0,1.0,1.0,0.6666666666666666,0.6666666666666666,1.0,0.5155925155923012,0.9305613305609436,0.0,0.0,0.0,1.0,0.18768400347089176,0.6477425624608374,0.0,0.0,0.0,"SELECT * FROM orders, lineitem, customer WHERE orders.o_custkey = customer.c_custkey AND lineitem.l_orderkey = orders.o_orderkey AND o_orderdate BETWEEN DATE '1995-05-25' AND DATE '1998-02-16' AND c_mktsegment = 'HOUSEHOLD' AND l_quantity BETWEEN 10.20 AND 32.74;",219345,220079,random
1.0,1.0,0.0,1.0,0.0,0.0,0.0,0.0,1.0,0.29480249480237225,0.6187110187107615,0.0,0.0,0.0,0.0,0.0,0.0,0.0,0.0,0.0,"SELECT * FROM customer, orders WHERE orders.o_custkey = customer.c_custkey AND o_orderdate BETWEEN DATE '1993-12-10' AND DATE '1996-01-28';",482644,487262,random
0.0,0.0,1.0,0.0,0.0,0.0,0.0,0.0,0.0,0.0,0.0,0.0,0.0,0.0,1.0,0.02070937486484261,0.02070937486484261,1.0,0.13051037634229992,0.7564794473473846,SELECT * FROM lineitem WHERE l_quantity = 2.01 AND l_discount BETWEEN 0.01 AND 0.08;,1,0,random
1.0,1.0,1.0,1.0,1.0,0.0,0.0,0.0,1.0,0.7575883575880425,0.866112266111906,0.0,0.0,0.0,1.0,0.29162532049904794,0.822036917417738,1.0,0.35467607878225693,0.3898808481796293,"SELECT * FROM lineitem, orders, customer WHERE orders.o_custkey = customer.c_custkey AND lineitem.l_orderkey = orders.o_orderkey AND l_quantity BETWEEN 15.29 AND 41.28 AND l_discount BETWEEN 0.04 AND 0.04 AND o_orderdate BETWEEN DATE '1996-12-27' AND DATE '1997-09-14';",31410,30863,random
0.0,1.0,0.0,0.0,0.0,0.0,0.0,0.0,1.0,0.9592515592511603,0.9592515592511603,1.0,0.6831833957653874,0.6831833957653874,0.0,0.0,0.0,0.0,0.0,0.0,SELECT * FROM orders WHERE o_totalprice = 379633.34 AND o_orderdate = DATE '1998-04-26';,1,0,random
1.0,1.0,1.0,1.0,1.0,1.0,0.8333333333333334,0.8333333333333334,0.0,0.0,0.0,0.0,0.0,0.0,0.0,0.0,0.0,1.0,0.5052163320644539,0.8147219228510088,"SELECT * FROM customer, orders, lineitem WHERE orders.o_custkey = customer.c_custkey AND lineitem.l_orderkey = orders.o_orderkey AND c_mktsegment = 'MACHINERY' AND l_discount BETWEEN 0.05 AND 0.08;",442346,435526,random
1.0,1.0,1.0,1.0,1.0,1.0,0.6666666666666666,0.6666666666666666,0.0,0.0,0.0,0.0,0.0,0.0,0.0,0.0,0.0,0.0,0.0,0.0,"SELECT * FROM customer, orders, lineitem WHERE orders.o_custkey = customer.c_custkey AND lineitem.l_orderkey = orders.o_orderkey AND c_mktsegment = 'HOUSEHOLD';",1188643,1201214,random
1.0,1.0,1.0,1.0,1.0,0.0,0.0,0.0,1.0,0.9164241164237353,0.9164241164237353,0.0,0.0,0.0,0.0,0.0,0.0,1.0,0.7650464236520949,0.7650464236520949,"SELECT * FROM lineitem, orders, customer WHERE orders.o_custkey = customer.c_custkey AND lineitem.l_orderkey = orders.o_orderkey AND o_orderdate = DATE '1998-01-13' AND l_discount = 0.08;",232,240,random
0.0,1.0,1.0,0.0,1.0,0.0,0.0,0.0,1.0,0.7114345114342157,0.7114345114342157,1.0,0.805947989986654,0.8067049916194072,0.0,0.0,0.0,1.0,0.4664500139295541,0.8785965264450073,"SELECT * FROM lineitem, orders WHERE lineitem.l_orderkey = orders.o_orderkey AND o_totalprice BETWEEN 447697.40 AND 448117.10 AND o_orderdate = DATE '1996-09-07' AND l_discount BETWEEN 0.05 AND 0.09;",2,0,random
1.0,0.0,0.0,0.0,0.0,1.0,0.3333333333333333,0.3333333333333333,0.0,0.0,0.0,0.0,0.0,0.0,0.0,0.0,0.0,0.0,0.0,0.0,SELECT * FROM customer WHERE c_mktsegment = 'BUILDING';,29665,30142,random
1.0,1.0,1.0,1.0,1.0,1.0,0.16666666666666666,0.16666666666666666,0.0,0.0,0.0,0.0,0.0,0.0,0.0,0.0,0.0,0.0,0.0,0.0,"SELECT * FROM lineitem, orders, customer WHERE orders.o_custkey = customer.c_custkey AND lineitem.l_orderkey = orders.o_orderkey AND c_mktsegment = 'AUTOMOBILE';",1200245,1189837,random
1.0,1.0,1.0,1.0,1.0,0.0,0.0,0.0,0.0,0.0,0.0,0.0,0.0,0.0,0.0,0.0,0.0,0.0,0.0,0.0,"SELECT * FROM customer, orders, lineitem WHERE orders.o_custkey = customer.c_custkey AND lineitem.l_orderkey = orders.o_orderkey;",6001226,6001215,random
0.0,1.0,1.0,0.0,1.0,0.0,0.0,0.0,0.0,0.0,0.0,1.0,0.029398222163992186,0.9972631097636144,0.0,0.0,0.0,0.0,0.0,0.0,"SELECT * FROM lineitem, orders WHERE lineitem.l_orderkey = orders.o_orderkey AND o_totalprice BETWEEN 17156.89 AND 553767.75;",5763477,5939628,random
0.0,1.0,0.0,0.0,0.0,0.0,0.0,0.0,0.0,0.0,0.0,1.0,0.013120198580517025,0.5238697448695179,0.0,0.0,0.0,0.0,0.0,0.0,SELECT * FROM orders WHERE o_totalprice BETWEEN 8131.91 AND 291305.48;,1368987,1372044,random
1.0,1.0,1.0,1.0,1.0,1.0,0.6666666666666666,0.6666666666666666,1.0,0.6798336798333972,0.8819126819123152,0.0,0.0,0.0,1.0,0.7920825358005087,0.7920825358005087,0.0,0.0,0.0,"SELECT * FROM orders, customer, lineitem WHERE orders.o_custkey = customer.c_custkey AND lineitem.l_orderkey = orders.o_orderkey AND o_orderdate BETWEEN DATE '1996-06-23' AND DATE '1997-10-22' AND c_mktsegment = 'HOUSEHOLD' AND l_quantity = 39.81;",1,0,random
1.0,0.0,0.0,0.0,0.0,0.0,0.0,0.0,0.0,0.0,0.0,0.0,0.0,0.0,0.0,0.0,0.0,0.0,0.0,0.0,SELECT * FROM customer;,150000,150000,random
1.0,1.0,0.0,1.0,0.0,0.0,0.0,0.0,0.0,0.0,0.0,0.0,0.0,0.0,0.0,0.0,0.0,0.0,0.0,0.0,"SELECT * FROM customer, orders WHERE orders.o_custkey = customer.c_custkey;",1500000,1500000,random
1.0,1.0,0.0,1.0,0.0,1.0,0.16666666666666666,0.16666666666666666,0.0,0.0,0.0,1.0,0.4072790234886543,0.7565211876998297,0.0,0.0,0.0,0.0,0.0,0.0,"SELECT * FROM customer, orders WHERE orders.o_custkey = customer.c_custkey AND c_mktsegment = 'AUTOMOBILE' AND o_totalprice BETWEEN 226664.38 AND 420293.82;",62504,63992,random
0.0,0.0,1.0,0.0,0.0,0.0,0.0,0.0,0.0,0.0,0.0,0.0,0.0,0.0,0.0,0.0,0.0,1.0,0.07350155071534413,0.5058525835643595,SELECT * FROM lineitem WHERE l_discount BETWEEN 0.01 AND 0.05;,2735559,2729240,random
1.0,1.0,0.0,1.0,0.0,0.0,0.0,0.0,0.0,0.0,0.0,0.0,0.0,0.0,0.0,0.0,0.0,0.0,0.0,0.0,"SELECT * FROM orders, customer WHERE orders.o_custkey = customer.c_custkey;",1500000,1500000,random
1.0,1.0,0.0,1.0,0.0,0.0,0.0,0.0,0.0,0.0,0.0,0.0,0.0,0.0,0.0,0.0,0.0,0.0,0.0,0.0,"SELECT * FROM customer, orders WHERE orders.o_custkey = customer.c_custkey;",1500000,1500000,random
1.0,1.0,1.0,1.0,1.0,1.0,0.16666666666666666,0.16666666666666666,0.0,0.0,0.0,1.0,0.09598533150935633,0.7463429132758548,0.0,0.0,0.0,1.0,0.8465369632971744,0.9388452081535892,"SELECT * FROM lineitem, orders, customer WHERE orders.o_custkey = customer.c_custkey AND lineitem.l_orderkey = orders.o_orderkey AND c_mktsegment = 'AUTOMOBILE' AND o_totalprice BETWEEN 54074.61 AND 414650.71 AND l_discount BETWEEN 0.08 AND 0.09;",184826,202862,random
1.0,1.0,1.0,1.0,1.0,0.0,0.0,0.0,0.0,0.0,0.0,0.0,0.0,0.0,0.0,0.0,0.0,0.0,0.0,0.0,"SELECT * FROM customer, orders, lineitem WHERE orders.o_custkey = customer.c_custkey AND lineitem.l_orderkey = orders.o_orderkey;",6001226,6001215,random
